ISO-10303-21;
HEADER;
FILE_DESCRIPTION(('FreeCAD Model'),'2;1');
FILE_NAME('Open CASCADE Shape Model','2026-09-15T23:12:47',('Author'),(
    ''),'Open CASCADE STEP processor 7.8','FreeCAD','Unknown');
FILE_SCHEMA(('AUTOMOTIVE_DESIGN { 1 0 10303 214 1 1 1 1 }'));
ENDSEC;
DATA;
#1 = APPLICATION_PROTOCOL_DEFINITION('international standard',
  'automotive_design',2000,#2);
#2 = APPLICATION_CONTEXT(
  'core data for automotive mechanical design processes');
#3 = SHAPE_DEFINITION_REPRESENTATION(#4,#10);
#4 = PRODUCT_DEFINITION_SHAPE('','',#5);
#5 = PRODUCT_DEFINITION('design','',#6,#9);
#6 = PRODUCT_DEFINITION_FORMATION('','',#7);
#7 = PRODUCT('Schraubstock 190 x 100 mm','Schraubstock 190 x 100 mm','',
  (#8));
#8 = PRODUCT_CONTEXT('',#2,'mechanical');
#9 = PRODUCT_DEFINITION_CONTEXT('part definition',#2,'design');
#10 = SHAPE_REPRESENTATION('',(#11,#15,#19,#23,#27,#31,#35,#39,#43),#47
  );
#11 = AXIS2_PLACEMENT_3D('',#12,#13,#14);
#12 = CARTESIAN_POINT('',(0.,0.,0.));
#13 = DIRECTION('',(0.,0.,1.));
#14 = DIRECTION('',(1.,0.,-0.));
#15 = AXIS2_PLACEMENT_3D('',#16,#17,#18);
#16 = CARTESIAN_POINT('',(0.,0.,0.));
#17 = DIRECTION('',(0.,0.,1.));
#18 = DIRECTION('',(1.,0.,0.));
#19 = AXIS2_PLACEMENT_3D('',#20,#21,#22);
#20 = CARTESIAN_POINT('',(0.,0.,0.));
#21 = DIRECTION('',(0.,0.,1.));
#22 = DIRECTION('',(1.,0.,0.));
#23 = AXIS2_PLACEMENT_3D('',#24,#25,#26);
#24 = CARTESIAN_POINT('',(0.,0.,0.));
#25 = DIRECTION('',(0.,0.,1.));
#26 = DIRECTION('',(1.,0.,0.));
#27 = AXIS2_PLACEMENT_3D('',#28,#29,#30);
#28 = CARTESIAN_POINT('',(0.,0.,0.));
#29 = DIRECTION('',(0.,0.,1.));
#30 = DIRECTION('',(1.,0.,0.));
#31 = AXIS2_PLACEMENT_3D('',#32,#33,#34);
#32 = CARTESIAN_POINT('',(0.,0.,0.));
#33 = DIRECTION('',(0.,0.,1.));
#34 = DIRECTION('',(1.,0.,0.));
#35 = AXIS2_PLACEMENT_3D('',#36,#37,#38);
#36 = CARTESIAN_POINT('',(0.,0.,0.));
#37 = DIRECTION('',(0.,0.,1.));
#38 = DIRECTION('',(1.,0.,0.));
#39 = AXIS2_PLACEMENT_3D('',#40,#41,#42);
#40 = CARTESIAN_POINT('',(0.,0.,0.));
#41 = DIRECTION('',(0.,0.,1.));
#42 = DIRECTION('',(1.,0.,0.));
#43 = AXIS2_PLACEMENT_3D('',#44,#45,#46);
#44 = CARTESIAN_POINT('',(0.,0.,0.));
#45 = DIRECTION('',(0.,0.,1.));
#46 = DIRECTION('',(1.,0.,0.));
#47 = ( GEOMETRIC_REPRESENTATION_CONTEXT(3) 
GLOBAL_UNCERTAINTY_ASSIGNED_CONTEXT((#51)) GLOBAL_UNIT_ASSIGNED_CONTEXT(
(#48,#49,#50)) REPRESENTATION_CONTEXT('Context #1',
  '3D Context with UNIT and UNCERTAINTY') );
#48 = ( LENGTH_UNIT() NAMED_UNIT(*) SI_UNIT(.MILLI.,.METRE.) );
#49 = ( NAMED_UNIT(*) PLANE_ANGLE_UNIT() SI_UNIT($,.RADIAN.) );
#50 = ( NAMED_UNIT(*) SI_UNIT($,.STERADIAN.) SOLID_ANGLE_UNIT() );
#51 = UNCERTAINTY_MEASURE_WITH_UNIT(LENGTH_MEASURE(1.E-04),#48,
  'distance_accuracy_value','confusion accuracy');
#52 = PRODUCT_RELATED_PRODUCT_CATEGORY('part',$,(#7));
#53 = SHAPE_DEFINITION_REPRESENTATION(#54,#60);
#54 = PRODUCT_DEFINITION_SHAPE('','',#55);
#55 = PRODUCT_DEFINITION('design','',#56,#59);
#56 = PRODUCT_DEFINITION_FORMATION('','',#57);
#57 = PRODUCT('Fuehrungswellen','Fuehrungswellen','',(#58));
#58 = PRODUCT_CONTEXT('',#2,'mechanical');
#59 = PRODUCT_DEFINITION_CONTEXT('part definition',#2,'design');
#60 = SHAPE_REPRESENTATION('',(#11,#61,#65),#69);
#61 = AXIS2_PLACEMENT_3D('',#62,#63,#64);
#62 = CARTESIAN_POINT('',(0.,0.,0.));
#63 = DIRECTION('',(0.,0.,1.));
#64 = DIRECTION('',(1.,0.,0.));
#65 = AXIS2_PLACEMENT_3D('',#66,#67,#68);
#66 = CARTESIAN_POINT('',(0.,0.,0.));
#67 = DIRECTION('',(0.,0.,1.));
#68 = DIRECTION('',(1.,0.,0.));
#69 = ( GEOMETRIC_REPRESENTATION_CONTEXT(3) 
GLOBAL_UNCERTAINTY_ASSIGNED_CONTEXT((#73)) GLOBAL_UNIT_ASSIGNED_CONTEXT(
(#70,#71,#72)) REPRESENTATION_CONTEXT('Context #1',
  '3D Context with UNIT and UNCERTAINTY') );
#70 = ( LENGTH_UNIT() NAMED_UNIT(*) SI_UNIT(.MILLI.,.METRE.) );
#71 = ( NAMED_UNIT(*) PLANE_ANGLE_UNIT() SI_UNIT($,.RADIAN.) );
#72 = ( NAMED_UNIT(*) SI_UNIT($,.STERADIAN.) SOLID_ANGLE_UNIT() );
#73 = UNCERTAINTY_MEASURE_WITH_UNIT(LENGTH_MEASURE(1.E-07),#70,
  'distance_accuracy_value','confusion accuracy');
#74 = CONTEXT_DEPENDENT_SHAPE_REPRESENTATION(#75,#77);
#75 = ( REPRESENTATION_RELATIONSHIP('','',#60,#10) 
REPRESENTATION_RELATIONSHIP_WITH_TRANSFORMATION(#76) 
SHAPE_REPRESENTATION_RELATIONSHIP() );
#76 = ITEM_DEFINED_TRANSFORMATION('','',#11,#15);
#77 = PRODUCT_DEFINITION_SHAPE('Placement','Placement of an item',#78);
#78 = NEXT_ASSEMBLY_USAGE_OCCURRENCE('3','Fuehrungswellen','',#5,#55,$);
#79 = PRODUCT_RELATED_PRODUCT_CATEGORY('part',$,(#57));
#80 = SHAPE_DEFINITION_REPRESENTATION(#81,#87);
#81 = PRODUCT_DEFINITION_SHAPE('','',#82);
#82 = PRODUCT_DEFINITION('design','',#83,#86);
#83 = PRODUCT_DEFINITION_FORMATION('','',#84);
#84 = PRODUCT('Fuehrungswelle 1 | D12','Fuehrungswelle 1 | D12','',(#85)
  );
#85 = PRODUCT_CONTEXT('',#2,'mechanical');
#86 = PRODUCT_DEFINITION_CONTEXT('part definition',#2,'design');
#87 = ADVANCED_BREP_SHAPE_REPRESENTATION('',(#11,#88),#141);
#88 = MANIFOLD_SOLID_BREP('',#89);
#89 = CLOSED_SHELL('',(#90,#123,#132));
#90 = ADVANCED_FACE('',(#91),#118,.T.);
#91 = FACE_BOUND('',#92,.T.);
#92 = EDGE_LOOP('',(#93,#102,#110,#117));
#93 = ORIENTED_EDGE('',*,*,#94,.F.);
#94 = EDGE_CURVE('',#95,#95,#97,.T.);
#95 = VERTEX_POINT('',#96);
#96 = CARTESIAN_POINT('',(81.,-24.,29.));
#97 = CIRCLE('',#98,6.);
#98 = AXIS2_PLACEMENT_3D('',#99,#100,#101);
#99 = CARTESIAN_POINT('',(81.,-24.,23.));
#100 = DIRECTION('',(1.,0.,0.));
#101 = DIRECTION('',(-0.,0.,1.));
#102 = ORIENTED_EDGE('',*,*,#103,.F.);
#103 = EDGE_CURVE('',#104,#95,#106,.T.);
#104 = VERTEX_POINT('',#105);
#105 = CARTESIAN_POINT('',(-74.,-24.,29.));
#106 = LINE('',#107,#108);
#107 = CARTESIAN_POINT('',(-74.,-24.,29.));
#108 = VECTOR('',#109,1.);
#109 = DIRECTION('',(1.,0.,0.));
#110 = ORIENTED_EDGE('',*,*,#111,.T.);
#111 = EDGE_CURVE('',#104,#104,#112,.T.);
#112 = CIRCLE('',#113,6.);
#113 = AXIS2_PLACEMENT_3D('',#114,#115,#116);
#114 = CARTESIAN_POINT('',(-74.,-24.,23.));
#115 = DIRECTION('',(1.,0.,0.));
#116 = DIRECTION('',(-0.,0.,1.));
#117 = ORIENTED_EDGE('',*,*,#103,.T.);
#118 = CYLINDRICAL_SURFACE('',#119,6.);
#119 = AXIS2_PLACEMENT_3D('',#120,#121,#122);
#120 = CARTESIAN_POINT('',(-74.,-24.,23.));
#121 = DIRECTION('',(1.,0.,0.));
#122 = DIRECTION('',(-0.,0.,1.));
#123 = ADVANCED_FACE('',(#124),#127,.T.);
#124 = FACE_BOUND('',#125,.T.);
#125 = EDGE_LOOP('',(#126));
#126 = ORIENTED_EDGE('',*,*,#94,.T.);
#127 = PLANE('',#128);
#128 = AXIS2_PLACEMENT_3D('',#129,#130,#131);
#129 = CARTESIAN_POINT('',(81.,-24.,23.));
#130 = DIRECTION('',(1.,0.,0.));
#131 = DIRECTION('',(-0.,0.,1.));
#132 = ADVANCED_FACE('',(#133),#136,.F.);
#133 = FACE_BOUND('',#134,.T.);
#134 = EDGE_LOOP('',(#135));
#135 = ORIENTED_EDGE('',*,*,#111,.F.);
#136 = PLANE('',#137);
#137 = AXIS2_PLACEMENT_3D('',#138,#139,#140);
#138 = CARTESIAN_POINT('',(-74.,-24.,23.));
#139 = DIRECTION('',(1.,0.,0.));
#140 = DIRECTION('',(-0.,0.,1.));
#141 = ( GEOMETRIC_REPRESENTATION_CONTEXT(3) 
GLOBAL_UNCERTAINTY_ASSIGNED_CONTEXT((#145)) GLOBAL_UNIT_ASSIGNED_CONTEXT
((#142,#143,#144)) REPRESENTATION_CONTEXT('Context #1',
  '3D Context with UNIT and UNCERTAINTY') );
#142 = ( LENGTH_UNIT() NAMED_UNIT(*) SI_UNIT(.MILLI.,.METRE.) );
#143 = ( NAMED_UNIT(*) PLANE_ANGLE_UNIT() SI_UNIT($,.RADIAN.) );
#144 = ( NAMED_UNIT(*) SI_UNIT($,.STERADIAN.) SOLID_ANGLE_UNIT() );
#145 = UNCERTAINTY_MEASURE_WITH_UNIT(LENGTH_MEASURE(1.E-07),#142,
  'distance_accuracy_value','confusion accuracy');
#146 = CONTEXT_DEPENDENT_SHAPE_REPRESENTATION(#147,#149);
#147 = ( REPRESENTATION_RELATIONSHIP('','',#87,#60) 
REPRESENTATION_RELATIONSHIP_WITH_TRANSFORMATION(#148) 
SHAPE_REPRESENTATION_RELATIONSHIP() );
#148 = ITEM_DEFINED_TRANSFORMATION('','',#11,#61);
#149 = PRODUCT_DEFINITION_SHAPE('Placement','Placement of an item',#150
  );
#150 = NEXT_ASSEMBLY_USAGE_OCCURRENCE('1','Fuehrungswelle 1 | D12','',
  #55,#82,$);
#151 = PRODUCT_RELATED_PRODUCT_CATEGORY('part',$,(#84));
#152 = SHAPE_DEFINITION_REPRESENTATION(#153,#159);
#153 = PRODUCT_DEFINITION_SHAPE('','',#154);
#154 = PRODUCT_DEFINITION('design','',#155,#158);
#155 = PRODUCT_DEFINITION_FORMATION('','',#156);
#156 = PRODUCT('Fuehrungswelle 2 | D12','Fuehrungswelle 2 | D12','',(
    #157));
#157 = PRODUCT_CONTEXT('',#2,'mechanical');
#158 = PRODUCT_DEFINITION_CONTEXT('part definition',#2,'design');
#159 = ADVANCED_BREP_SHAPE_REPRESENTATION('',(#11,#160),#213);
#160 = MANIFOLD_SOLID_BREP('',#161);
#161 = CLOSED_SHELL('',(#162,#195,#204));
#162 = ADVANCED_FACE('',(#163),#190,.T.);
#163 = FACE_BOUND('',#164,.T.);
#164 = EDGE_LOOP('',(#165,#174,#182,#189));
#165 = ORIENTED_EDGE('',*,*,#166,.F.);
#166 = EDGE_CURVE('',#167,#167,#169,.T.);
#167 = VERTEX_POINT('',#168);
#168 = CARTESIAN_POINT('',(81.,24.,29.));
#169 = CIRCLE('',#170,6.);
#170 = AXIS2_PLACEMENT_3D('',#171,#172,#173);
#171 = CARTESIAN_POINT('',(81.,24.,23.));
#172 = DIRECTION('',(1.,0.,0.));
#173 = DIRECTION('',(-0.,0.,1.));
#174 = ORIENTED_EDGE('',*,*,#175,.F.);
#175 = EDGE_CURVE('',#176,#167,#178,.T.);
#176 = VERTEX_POINT('',#177);
#177 = CARTESIAN_POINT('',(-74.,24.,29.));
#178 = LINE('',#179,#180);
#179 = CARTESIAN_POINT('',(-74.,24.,29.));
#180 = VECTOR('',#181,1.);
#181 = DIRECTION('',(1.,0.,0.));
#182 = ORIENTED_EDGE('',*,*,#183,.T.);
#183 = EDGE_CURVE('',#176,#176,#184,.T.);
#184 = CIRCLE('',#185,6.);
#185 = AXIS2_PLACEMENT_3D('',#186,#187,#188);
#186 = CARTESIAN_POINT('',(-74.,24.,23.));
#187 = DIRECTION('',(1.,0.,0.));
#188 = DIRECTION('',(-0.,0.,1.));
#189 = ORIENTED_EDGE('',*,*,#175,.T.);
#190 = CYLINDRICAL_SURFACE('',#191,6.);
#191 = AXIS2_PLACEMENT_3D('',#192,#193,#194);
#192 = CARTESIAN_POINT('',(-74.,24.,23.));
#193 = DIRECTION('',(1.,0.,0.));
#194 = DIRECTION('',(-0.,0.,1.));
#195 = ADVANCED_FACE('',(#196),#199,.T.);
#196 = FACE_BOUND('',#197,.T.);
#197 = EDGE_LOOP('',(#198));
#198 = ORIENTED_EDGE('',*,*,#166,.T.);
#199 = PLANE('',#200);
#200 = AXIS2_PLACEMENT_3D('',#201,#202,#203);
#201 = CARTESIAN_POINT('',(81.,24.,23.));
#202 = DIRECTION('',(1.,0.,0.));
#203 = DIRECTION('',(-0.,0.,1.));
#204 = ADVANCED_FACE('',(#205),#208,.F.);
#205 = FACE_BOUND('',#206,.T.);
#206 = EDGE_LOOP('',(#207));
#207 = ORIENTED_EDGE('',*,*,#183,.F.);
#208 = PLANE('',#209);
#209 = AXIS2_PLACEMENT_3D('',#210,#211,#212);
#210 = CARTESIAN_POINT('',(-74.,24.,23.));
#211 = DIRECTION('',(1.,0.,0.));
#212 = DIRECTION('',(-0.,0.,1.));
#213 = ( GEOMETRIC_REPRESENTATION_CONTEXT(3) 
GLOBAL_UNCERTAINTY_ASSIGNED_CONTEXT((#217)) GLOBAL_UNIT_ASSIGNED_CONTEXT
((#214,#215,#216)) REPRESENTATION_CONTEXT('Context #1',
  '3D Context with UNIT and UNCERTAINTY') );
#214 = ( LENGTH_UNIT() NAMED_UNIT(*) SI_UNIT(.MILLI.,.METRE.) );
#215 = ( NAMED_UNIT(*) PLANE_ANGLE_UNIT() SI_UNIT($,.RADIAN.) );
#216 = ( NAMED_UNIT(*) SI_UNIT($,.STERADIAN.) SOLID_ANGLE_UNIT() );
#217 = UNCERTAINTY_MEASURE_WITH_UNIT(LENGTH_MEASURE(1.E-07),#214,
  'distance_accuracy_value','confusion accuracy');
#218 = CONTEXT_DEPENDENT_SHAPE_REPRESENTATION(#219,#221);
#219 = ( REPRESENTATION_RELATIONSHIP('','',#159,#60) 
REPRESENTATION_RELATIONSHIP_WITH_TRANSFORMATION(#220) 
SHAPE_REPRESENTATION_RELATIONSHIP() );
#220 = ITEM_DEFINED_TRANSFORMATION('','',#11,#65);
#221 = PRODUCT_DEFINITION_SHAPE('Placement','Placement of an item',#222
  );
#222 = NEXT_ASSEMBLY_USAGE_OCCURRENCE('2','Fuehrungswelle 2 | D12','',
  #55,#154,$);
#223 = PRODUCT_RELATED_PRODUCT_CATEGORY('part',$,(#156));
#224 = SHAPE_DEFINITION_REPRESENTATION(#225,#231);
#225 = PRODUCT_DEFINITION_SHAPE('','',#226);
#226 = PRODUCT_DEFINITION('design','',#227,#230);
#227 = PRODUCT_DEFINITION_FORMATION('','',#228);
#228 = PRODUCT('Spindel und Verbindungselemente',
  'Spindel und Verbindungselemente','',(#229));
#229 = PRODUCT_CONTEXT('',#2,'mechanical');
#230 = PRODUCT_DEFINITION_CONTEXT('part definition',#2,'design');
#231 = SHAPE_REPRESENTATION('',(#11,#232,#236,#240,#244,#248,#252,#256,
    #260,#264),#268);
#232 = AXIS2_PLACEMENT_3D('',#233,#234,#235);
#233 = CARTESIAN_POINT('',(0.,0.,0.));
#234 = DIRECTION('',(0.,0.,1.));
#235 = DIRECTION('',(1.,0.,0.));
#236 = AXIS2_PLACEMENT_3D('',#237,#238,#239);
#237 = CARTESIAN_POINT('',(0.,0.,0.));
#238 = DIRECTION('',(0.,0.,1.));
#239 = DIRECTION('',(1.,0.,0.));
#240 = AXIS2_PLACEMENT_3D('',#241,#242,#243);
#241 = CARTESIAN_POINT('',(0.,0.,0.));
#242 = DIRECTION('',(0.,0.,1.));
#243 = DIRECTION('',(1.,0.,0.));
#244 = AXIS2_PLACEMENT_3D('',#245,#246,#247);
#245 = CARTESIAN_POINT('',(0.,0.,0.));
#246 = DIRECTION('',(0.,0.,1.));
#247 = DIRECTION('',(1.,0.,0.));
#248 = AXIS2_PLACEMENT_3D('',#249,#250,#251);
#249 = CARTESIAN_POINT('',(0.,0.,0.));
#250 = DIRECTION('',(0.,0.,1.));
#251 = DIRECTION('',(1.,0.,0.));
#252 = AXIS2_PLACEMENT_3D('',#253,#254,#255);
#253 = CARTESIAN_POINT('',(0.,0.,0.));
#254 = DIRECTION('',(0.,0.,1.));
#255 = DIRECTION('',(1.,0.,0.));
#256 = AXIS2_PLACEMENT_3D('',#257,#258,#259);
#257 = CARTESIAN_POINT('',(0.,0.,0.));
#258 = DIRECTION('',(0.,0.,1.));
#259 = DIRECTION('',(1.,0.,0.));
#260 = AXIS2_PLACEMENT_3D('',#261,#262,#263);
#261 = CARTESIAN_POINT('',(0.,0.,0.));
#262 = DIRECTION('',(0.,0.,1.));
#263 = DIRECTION('',(1.,0.,0.));
#264 = AXIS2_PLACEMENT_3D('',#265,#266,#267);
#265 = CARTESIAN_POINT('',(0.,0.,0.));
#266 = DIRECTION('',(0.,0.,1.));
#267 = DIRECTION('',(1.,0.,0.));
#268 = ( GEOMETRIC_REPRESENTATION_CONTEXT(3) 
GLOBAL_UNCERTAINTY_ASSIGNED_CONTEXT((#272)) GLOBAL_UNIT_ASSIGNED_CONTEXT
((#269,#270,#271)) REPRESENTATION_CONTEXT('Context #1',
  '3D Context with UNIT and UNCERTAINTY') );
#269 = ( LENGTH_UNIT() NAMED_UNIT(*) SI_UNIT(.MILLI.,.METRE.) );
#270 = ( NAMED_UNIT(*) PLANE_ANGLE_UNIT() SI_UNIT($,.RADIAN.) );
#271 = ( NAMED_UNIT(*) SI_UNIT($,.STERADIAN.) SOLID_ANGLE_UNIT() );
#272 = UNCERTAINTY_MEASURE_WITH_UNIT(LENGTH_MEASURE(2.E-04),#269,
  'distance_accuracy_value','confusion accuracy');
#273 = CONTEXT_DEPENDENT_SHAPE_REPRESENTATION(#274,#276);
#274 = ( REPRESENTATION_RELATIONSHIP('','',#231,#10) 
REPRESENTATION_RELATIONSHIP_WITH_TRANSFORMATION(#275) 
SHAPE_REPRESENTATION_RELATIONSHIP() );
#275 = ITEM_DEFINED_TRANSFORMATION('','',#11,#19);
#276 = PRODUCT_DEFINITION_SHAPE('Placement','Placement of an item',#277
  );
#277 = NEXT_ASSEMBLY_USAGE_OCCURRENCE('13',
  'Spindel und Verbindungselemente','',#5,#226,$);
#278 = PRODUCT_RELATED_PRODUCT_CATEGORY('part',$,(#228));
#279 = SHAPE_DEFINITION_REPRESENTATION(#280,#286);
#280 = PRODUCT_DEFINITION_SHAPE('','',#281);
#281 = PRODUCT_DEFINITION('design','',#282,#285);
#282 = PRODUCT_DEFINITION_FORMATION('','',#283);
#283 = PRODUCT('M5 | Innensechskantschraube',
  'M5 | Innensechskantschraube','',(#284));
#284 = PRODUCT_CONTEXT('',#2,'mechanical');
#285 = PRODUCT_DEFINITION_CONTEXT('part definition',#2,'design');
#286 = ADVANCED_BREP_SHAPE_REPRESENTATION('',(#11,#287),#593);
#287 = MANIFOLD_SOLID_BREP('',#288);
#288 = CLOSED_SHELL('',(#289,#322,#342,#367,#376,#435,#466,#490,#514,
    #538,#562,#579));
#289 = ADVANCED_FACE('',(#290),#317,.T.);
#290 = FACE_BOUND('',#291,.T.);
#291 = EDGE_LOOP('',(#292,#301,#309,#316));
#292 = ORIENTED_EDGE('',*,*,#293,.F.);
#293 = EDGE_CURVE('',#294,#294,#296,.T.);
#294 = VERTEX_POINT('',#295);
#295 = CARTESIAN_POINT('',(-47.3,-25.,50.3));
#296 = CIRCLE('',#297,4.2);
#297 = AXIS2_PLACEMENT_3D('',#298,#299,#300);
#298 = CARTESIAN_POINT('',(-47.3,-25.,54.5));
#299 = DIRECTION('',(-1.,0.,0.));
#300 = DIRECTION('',(0.,0.,-1.));
#301 = ORIENTED_EDGE('',*,*,#302,.F.);
#302 = EDGE_CURVE('',#303,#294,#305,.T.);
#303 = VERTEX_POINT('',#304);
#304 = CARTESIAN_POINT('',(-46.,-25.,50.3));
#305 = LINE('',#306,#307);
#306 = CARTESIAN_POINT('',(-46.,-25.,50.3));
#307 = VECTOR('',#308,1.);
#308 = DIRECTION('',(-1.,0.,0.));
#309 = ORIENTED_EDGE('',*,*,#310,.T.);
#310 = EDGE_CURVE('',#303,#303,#311,.T.);
#311 = CIRCLE('',#312,4.2);
#312 = AXIS2_PLACEMENT_3D('',#313,#314,#315);
#313 = CARTESIAN_POINT('',(-46.,-25.,54.5));
#314 = DIRECTION('',(-1.,0.,0.));
#315 = DIRECTION('',(0.,0.,-1.));
#316 = ORIENTED_EDGE('',*,*,#302,.T.);
#317 = CYLINDRICAL_SURFACE('',#318,4.2);
#318 = AXIS2_PLACEMENT_3D('',#319,#320,#321);
#319 = CARTESIAN_POINT('',(-46.,-25.,54.5));
#320 = DIRECTION('',(-1.,0.,0.));
#321 = DIRECTION('',(0.,0.,-1.));
#322 = ADVANCED_FACE('',(#323,#326),#337,.T.);
#323 = FACE_BOUND('',#324,.T.);
#324 = EDGE_LOOP('',(#325));
#325 = ORIENTED_EDGE('',*,*,#293,.T.);
#326 = FACE_BOUND('',#327,.T.);
#327 = EDGE_LOOP('',(#328));
#328 = ORIENTED_EDGE('',*,*,#329,.F.);
#329 = EDGE_CURVE('',#330,#330,#332,.T.);
#330 = VERTEX_POINT('',#331);
#331 = CARTESIAN_POINT('',(-47.3,-25.,52.));
#332 = CIRCLE('',#333,2.5);
#333 = AXIS2_PLACEMENT_3D('',#334,#335,#336);
#334 = CARTESIAN_POINT('',(-47.3,-25.,54.5));
#335 = DIRECTION('',(-1.,0.,0.));
#336 = DIRECTION('',(0.,0.,-1.));
#337 = PLANE('',#338);
#338 = AXIS2_PLACEMENT_3D('',#339,#340,#341);
#339 = CARTESIAN_POINT('',(-47.3,-25.,54.5));
#340 = DIRECTION('',(-1.,0.,0.));
#341 = DIRECTION('',(0.,0.,-1.));
#342 = ADVANCED_FACE('',(#343),#362,.T.);
#343 = FACE_BOUND('',#344,.T.);
#344 = EDGE_LOOP('',(#345,#353,#360,#361));
#345 = ORIENTED_EDGE('',*,*,#346,.T.);
#346 = EDGE_CURVE('',#330,#347,#349,.T.);
#347 = VERTEX_POINT('',#348);
#348 = CARTESIAN_POINT('',(-58.,-25.,52.));
#349 = LINE('',#350,#351);
#350 = CARTESIAN_POINT('',(-46.,-25.,52.));
#351 = VECTOR('',#352,1.);
#352 = DIRECTION('',(-1.,0.,0.));
#353 = ORIENTED_EDGE('',*,*,#354,.F.);
#354 = EDGE_CURVE('',#347,#347,#355,.T.);
#355 = CIRCLE('',#356,2.5);
#356 = AXIS2_PLACEMENT_3D('',#357,#358,#359);
#357 = CARTESIAN_POINT('',(-58.,-25.,54.5));
#358 = DIRECTION('',(-1.,0.,0.));
#359 = DIRECTION('',(0.,0.,-1.));
#360 = ORIENTED_EDGE('',*,*,#346,.F.);
#361 = ORIENTED_EDGE('',*,*,#329,.T.);
#362 = CYLINDRICAL_SURFACE('',#363,2.5);
#363 = AXIS2_PLACEMENT_3D('',#364,#365,#366);
#364 = CARTESIAN_POINT('',(-46.,-25.,54.5));
#365 = DIRECTION('',(-1.,0.,0.));
#366 = DIRECTION('',(0.,0.,-1.));
#367 = ADVANCED_FACE('',(#368),#371,.T.);
#368 = FACE_BOUND('',#369,.T.);
#369 = EDGE_LOOP('',(#370));
#370 = ORIENTED_EDGE('',*,*,#354,.T.);
#371 = PLANE('',#372);
#372 = AXIS2_PLACEMENT_3D('',#373,#374,#375);
#373 = CARTESIAN_POINT('',(-58.,-25.,54.5));
#374 = DIRECTION('',(-1.,0.,0.));
#375 = DIRECTION('',(0.,0.,-1.));
#376 = ADVANCED_FACE('',(#377,#380),#430,.F.);
#377 = FACE_BOUND('',#378,.T.);
#378 = EDGE_LOOP('',(#379));
#379 = ORIENTED_EDGE('',*,*,#310,.F.);
#380 = FACE_BOUND('',#381,.F.);
#381 = EDGE_LOOP('',(#382,#392,#400,#408,#416,#424));
#382 = ORIENTED_EDGE('',*,*,#383,.T.);
#383 = EDGE_CURVE('',#384,#386,#388,.T.);
#384 = VERTEX_POINT('',#385);
#385 = CARTESIAN_POINT('',(-46.,-23.,54.5));
#386 = VERTEX_POINT('',#387);
#387 = CARTESIAN_POINT('',(-46.,-24.,56.232050807569));
#388 = LINE('',#389,#390);
#389 = CARTESIAN_POINT('',(-46.,-23.,54.5));
#390 = VECTOR('',#391,1.);
#391 = DIRECTION('',(0.,-0.5,0.866025403784));
#392 = ORIENTED_EDGE('',*,*,#393,.T.);
#393 = EDGE_CURVE('',#386,#394,#396,.T.);
#394 = VERTEX_POINT('',#395);
#395 = CARTESIAN_POINT('',(-46.,-26.,56.232050807569));
#396 = LINE('',#397,#398);
#397 = CARTESIAN_POINT('',(-46.,-24.,56.232050807569));
#398 = VECTOR('',#399,1.);
#399 = DIRECTION('',(0.,-1.,0.));
#400 = ORIENTED_EDGE('',*,*,#401,.T.);
#401 = EDGE_CURVE('',#394,#402,#404,.T.);
#402 = VERTEX_POINT('',#403);
#403 = CARTESIAN_POINT('',(-46.,-27.,54.5));
#404 = LINE('',#405,#406);
#405 = CARTESIAN_POINT('',(-46.,-26.,56.232050807569));
#406 = VECTOR('',#407,1.);
#407 = DIRECTION('',(0.,-0.5,-0.866025403784));
#408 = ORIENTED_EDGE('',*,*,#409,.T.);
#409 = EDGE_CURVE('',#402,#410,#412,.T.);
#410 = VERTEX_POINT('',#411);
#411 = CARTESIAN_POINT('',(-46.,-26.,52.767949192431));
#412 = LINE('',#413,#414);
#413 = CARTESIAN_POINT('',(-46.,-27.,54.5));
#414 = VECTOR('',#415,1.);
#415 = DIRECTION('',(0.,0.5,-0.866025403784));
#416 = ORIENTED_EDGE('',*,*,#417,.T.);
#417 = EDGE_CURVE('',#410,#418,#420,.T.);
#418 = VERTEX_POINT('',#419);
#419 = CARTESIAN_POINT('',(-46.,-24.,52.767949192431));
#420 = LINE('',#421,#422);
#421 = CARTESIAN_POINT('',(-46.,-26.,52.767949192431));
#422 = VECTOR('',#423,1.);
#423 = DIRECTION('',(0.,1.,0.));
#424 = ORIENTED_EDGE('',*,*,#425,.T.);
#425 = EDGE_CURVE('',#418,#384,#426,.T.);
#426 = LINE('',#427,#428);
#427 = CARTESIAN_POINT('',(-46.,-24.,52.767949192431));
#428 = VECTOR('',#429,1.);
#429 = DIRECTION('',(0.,0.5,0.866025403784));
#430 = PLANE('',#431);
#431 = AXIS2_PLACEMENT_3D('',#432,#433,#434);
#432 = CARTESIAN_POINT('',(-46.,-25.,54.5));
#433 = DIRECTION('',(-1.,0.,0.));
#434 = DIRECTION('',(0.,0.,-1.));
#435 = ADVANCED_FACE('',(#436),#461,.F.);
#436 = FACE_BOUND('',#437,.F.);
#437 = EDGE_LOOP('',(#438,#446,#454,#460));
#438 = ORIENTED_EDGE('',*,*,#439,.T.);
#439 = EDGE_CURVE('',#418,#440,#442,.T.);
#440 = VERTEX_POINT('',#441);
#441 = CARTESIAN_POINT('',(-47.1,-24.,52.767949192431));
#442 = LINE('',#443,#444);
#443 = CARTESIAN_POINT('',(-46.,-24.,52.767949192431));
#444 = VECTOR('',#445,1.);
#445 = DIRECTION('',(-1.,0.,0.));
#446 = ORIENTED_EDGE('',*,*,#447,.T.);
#447 = EDGE_CURVE('',#440,#448,#450,.T.);
#448 = VERTEX_POINT('',#449);
#449 = CARTESIAN_POINT('',(-47.1,-23.,54.5));
#450 = LINE('',#451,#452);
#451 = CARTESIAN_POINT('',(-47.1,-24.,52.767949192431));
#452 = VECTOR('',#453,1.);
#453 = DIRECTION('',(0.,0.5,0.866025403784));
#454 = ORIENTED_EDGE('',*,*,#455,.F.);
#455 = EDGE_CURVE('',#384,#448,#456,.T.);
#456 = LINE('',#457,#458);
#457 = CARTESIAN_POINT('',(-46.,-23.,54.5));
#458 = VECTOR('',#459,1.);
#459 = DIRECTION('',(-1.,0.,0.));
#460 = ORIENTED_EDGE('',*,*,#425,.F.);
#461 = PLANE('',#462);
#462 = AXIS2_PLACEMENT_3D('',#463,#464,#465);
#463 = CARTESIAN_POINT('',(-46.,-24.,52.767949192431));
#464 = DIRECTION('',(0.,0.866025403784,-0.5));
#465 = DIRECTION('',(0.,0.5,0.866025403784));
#466 = ADVANCED_FACE('',(#467),#485,.F.);
#467 = FACE_BOUND('',#468,.F.);
#468 = EDGE_LOOP('',(#469,#477,#483,#484));
#469 = ORIENTED_EDGE('',*,*,#470,.T.);
#470 = EDGE_CURVE('',#410,#471,#473,.T.);
#471 = VERTEX_POINT('',#472);
#472 = CARTESIAN_POINT('',(-47.1,-26.,52.767949192431));
#473 = LINE('',#474,#475);
#474 = CARTESIAN_POINT('',(-46.,-26.,52.767949192431));
#475 = VECTOR('',#476,1.);
#476 = DIRECTION('',(-1.,0.,0.));
#477 = ORIENTED_EDGE('',*,*,#478,.T.);
#478 = EDGE_CURVE('',#471,#440,#479,.T.);
#479 = LINE('',#480,#481);
#480 = CARTESIAN_POINT('',(-47.1,-26.,52.767949192431));
#481 = VECTOR('',#482,1.);
#482 = DIRECTION('',(0.,1.,0.));
#483 = ORIENTED_EDGE('',*,*,#439,.F.);
#484 = ORIENTED_EDGE('',*,*,#417,.F.);
#485 = PLANE('',#486);
#486 = AXIS2_PLACEMENT_3D('',#487,#488,#489);
#487 = CARTESIAN_POINT('',(-46.,-26.,52.767949192431));
#488 = DIRECTION('',(0.,0.,-1.));
#489 = DIRECTION('',(0.,1.,0.));
#490 = ADVANCED_FACE('',(#491),#509,.F.);
#491 = FACE_BOUND('',#492,.F.);
#492 = EDGE_LOOP('',(#493,#501,#507,#508));
#493 = ORIENTED_EDGE('',*,*,#494,.T.);
#494 = EDGE_CURVE('',#402,#495,#497,.T.);
#495 = VERTEX_POINT('',#496);
#496 = CARTESIAN_POINT('',(-47.1,-27.,54.5));
#497 = LINE('',#498,#499);
#498 = CARTESIAN_POINT('',(-46.,-27.,54.5));
#499 = VECTOR('',#500,1.);
#500 = DIRECTION('',(-1.,0.,0.));
#501 = ORIENTED_EDGE('',*,*,#502,.T.);
#502 = EDGE_CURVE('',#495,#471,#503,.T.);
#503 = LINE('',#504,#505);
#504 = CARTESIAN_POINT('',(-47.1,-27.,54.5));
#505 = VECTOR('',#506,1.);
#506 = DIRECTION('',(0.,0.5,-0.866025403784));
#507 = ORIENTED_EDGE('',*,*,#470,.F.);
#508 = ORIENTED_EDGE('',*,*,#409,.F.);
#509 = PLANE('',#510);
#510 = AXIS2_PLACEMENT_3D('',#511,#512,#513);
#511 = CARTESIAN_POINT('',(-46.,-27.,54.5));
#512 = DIRECTION('',(-0.,-0.866025403784,-0.5));
#513 = DIRECTION('',(0.,0.5,-0.866025403784));
#514 = ADVANCED_FACE('',(#515),#533,.F.);
#515 = FACE_BOUND('',#516,.F.);
#516 = EDGE_LOOP('',(#517,#525,#531,#532));
#517 = ORIENTED_EDGE('',*,*,#518,.T.);
#518 = EDGE_CURVE('',#394,#519,#521,.T.);
#519 = VERTEX_POINT('',#520);
#520 = CARTESIAN_POINT('',(-47.1,-26.,56.232050807569));
#521 = LINE('',#522,#523);
#522 = CARTESIAN_POINT('',(-46.,-26.,56.232050807569));
#523 = VECTOR('',#524,1.);
#524 = DIRECTION('',(-1.,0.,0.));
#525 = ORIENTED_EDGE('',*,*,#526,.T.);
#526 = EDGE_CURVE('',#519,#495,#527,.T.);
#527 = LINE('',#528,#529);
#528 = CARTESIAN_POINT('',(-47.1,-26.,56.232050807569));
#529 = VECTOR('',#530,1.);
#530 = DIRECTION('',(0.,-0.5,-0.866025403784));
#531 = ORIENTED_EDGE('',*,*,#494,.F.);
#532 = ORIENTED_EDGE('',*,*,#401,.F.);
#533 = PLANE('',#534);
#534 = AXIS2_PLACEMENT_3D('',#535,#536,#537);
#535 = CARTESIAN_POINT('',(-46.,-26.,56.232050807569));
#536 = DIRECTION('',(0.,-0.866025403784,0.5));
#537 = DIRECTION('',(0.,-0.5,-0.866025403784));
#538 = ADVANCED_FACE('',(#539),#557,.F.);
#539 = FACE_BOUND('',#540,.F.);
#540 = EDGE_LOOP('',(#541,#549,#555,#556));
#541 = ORIENTED_EDGE('',*,*,#542,.T.);
#542 = EDGE_CURVE('',#386,#543,#545,.T.);
#543 = VERTEX_POINT('',#544);
#544 = CARTESIAN_POINT('',(-47.1,-24.,56.232050807569));
#545 = LINE('',#546,#547);
#546 = CARTESIAN_POINT('',(-46.,-24.,56.232050807569));
#547 = VECTOR('',#548,1.);
#548 = DIRECTION('',(-1.,0.,0.));
#549 = ORIENTED_EDGE('',*,*,#550,.T.);
#550 = EDGE_CURVE('',#543,#519,#551,.T.);
#551 = LINE('',#552,#553);
#552 = CARTESIAN_POINT('',(-47.1,-24.,56.232050807569));
#553 = VECTOR('',#554,1.);
#554 = DIRECTION('',(0.,-1.,0.));
#555 = ORIENTED_EDGE('',*,*,#518,.F.);
#556 = ORIENTED_EDGE('',*,*,#393,.F.);
#557 = PLANE('',#558);
#558 = AXIS2_PLACEMENT_3D('',#559,#560,#561);
#559 = CARTESIAN_POINT('',(-46.,-24.,56.232050807569));
#560 = DIRECTION('',(0.,0.,1.));
#561 = DIRECTION('',(0.,-1.,0.));
#562 = ADVANCED_FACE('',(#563),#574,.F.);
#563 = FACE_BOUND('',#564,.F.);
#564 = EDGE_LOOP('',(#565,#566,#572,#573));
#565 = ORIENTED_EDGE('',*,*,#455,.T.);
#566 = ORIENTED_EDGE('',*,*,#567,.T.);
#567 = EDGE_CURVE('',#448,#543,#568,.T.);
#568 = LINE('',#569,#570);
#569 = CARTESIAN_POINT('',(-47.1,-23.,54.5));
#570 = VECTOR('',#571,1.);
#571 = DIRECTION('',(0.,-0.5,0.866025403784));
#572 = ORIENTED_EDGE('',*,*,#542,.F.);
#573 = ORIENTED_EDGE('',*,*,#383,.F.);
#574 = PLANE('',#575);
#575 = AXIS2_PLACEMENT_3D('',#576,#577,#578);
#576 = CARTESIAN_POINT('',(-46.,-23.,54.5));
#577 = DIRECTION('',(0.,0.866025403784,0.5));
#578 = DIRECTION('',(0.,-0.5,0.866025403784));
#579 = ADVANCED_FACE('',(#580),#588,.T.);
#580 = FACE_BOUND('',#581,.T.);
#581 = EDGE_LOOP('',(#582,#583,#584,#585,#586,#587));
#582 = ORIENTED_EDGE('',*,*,#567,.T.);
#583 = ORIENTED_EDGE('',*,*,#550,.T.);
#584 = ORIENTED_EDGE('',*,*,#526,.T.);
#585 = ORIENTED_EDGE('',*,*,#502,.T.);
#586 = ORIENTED_EDGE('',*,*,#478,.T.);
#587 = ORIENTED_EDGE('',*,*,#447,.T.);
#588 = PLANE('',#589);
#589 = AXIS2_PLACEMENT_3D('',#590,#591,#592);
#590 = CARTESIAN_POINT('',(-47.1,-25.,54.5));
#591 = DIRECTION('',(1.,0.,0.));
#592 = DIRECTION('',(-0.,0.,1.));
#593 = ( GEOMETRIC_REPRESENTATION_CONTEXT(3) 
GLOBAL_UNCERTAINTY_ASSIGNED_CONTEXT((#597)) GLOBAL_UNIT_ASSIGNED_CONTEXT
((#594,#595,#596)) REPRESENTATION_CONTEXT('Context #1',
  '3D Context with UNIT and UNCERTAINTY') );
#594 = ( LENGTH_UNIT() NAMED_UNIT(*) SI_UNIT(.MILLI.,.METRE.) );
#595 = ( NAMED_UNIT(*) PLANE_ANGLE_UNIT() SI_UNIT($,.RADIAN.) );
#596 = ( NAMED_UNIT(*) SI_UNIT($,.STERADIAN.) SOLID_ANGLE_UNIT() );
#597 = UNCERTAINTY_MEASURE_WITH_UNIT(LENGTH_MEASURE(1.E-07),#594,
  'distance_accuracy_value','confusion accuracy');
#598 = CONTEXT_DEPENDENT_SHAPE_REPRESENTATION(#599,#601);
#599 = ( REPRESENTATION_RELATIONSHIP('','',#286,#231) 
REPRESENTATION_RELATIONSHIP_WITH_TRANSFORMATION(#600) 
SHAPE_REPRESENTATION_RELATIONSHIP() );
#600 = ITEM_DEFINED_TRANSFORMATION('','',#11,#232);
#601 = PRODUCT_DEFINITION_SHAPE('Placement','Placement of an item',#602
  );
#602 = NEXT_ASSEMBLY_USAGE_OCCURRENCE('4','M5 | Innensechskantschraube',
  '',#226,#281,$);
#603 = PRODUCT_RELATED_PRODUCT_CATEGORY('part',$,(#283));
#604 = SHAPE_DEFINITION_REPRESENTATION(#605,#611);
#605 = PRODUCT_DEFINITION_SHAPE('','',#606);
#606 = PRODUCT_DEFINITION('design','',#607,#610);
#607 = PRODUCT_DEFINITION_FORMATION('','',#608);
#608 = PRODUCT('M5 | Innensechskantschraube001',
  'M5 | Innensechskantschraube001','',(#609));
#609 = PRODUCT_CONTEXT('',#2,'mechanical');
#610 = PRODUCT_DEFINITION_CONTEXT('part definition',#2,'design');
#611 = ADVANCED_BREP_SHAPE_REPRESENTATION('',(#11,#612),#918);
#612 = MANIFOLD_SOLID_BREP('',#613);
#613 = CLOSED_SHELL('',(#614,#647,#667,#692,#701,#760,#791,#815,#839,
    #863,#887,#904));
#614 = ADVANCED_FACE('',(#615),#642,.T.);
#615 = FACE_BOUND('',#616,.T.);
#616 = EDGE_LOOP('',(#617,#626,#634,#641));
#617 = ORIENTED_EDGE('',*,*,#618,.F.);
#618 = EDGE_CURVE('',#619,#619,#621,.T.);
#619 = VERTEX_POINT('',#620);
#620 = CARTESIAN_POINT('',(-47.3,25.,50.3));
#621 = CIRCLE('',#622,4.2);
#622 = AXIS2_PLACEMENT_3D('',#623,#624,#625);
#623 = CARTESIAN_POINT('',(-47.3,25.,54.5));
#624 = DIRECTION('',(-1.,0.,0.));
#625 = DIRECTION('',(0.,0.,-1.));
#626 = ORIENTED_EDGE('',*,*,#627,.F.);
#627 = EDGE_CURVE('',#628,#619,#630,.T.);
#628 = VERTEX_POINT('',#629);
#629 = CARTESIAN_POINT('',(-46.,25.,50.3));
#630 = LINE('',#631,#632);
#631 = CARTESIAN_POINT('',(-46.,25.,50.3));
#632 = VECTOR('',#633,1.);
#633 = DIRECTION('',(-1.,0.,0.));
#634 = ORIENTED_EDGE('',*,*,#635,.T.);
#635 = EDGE_CURVE('',#628,#628,#636,.T.);
#636 = CIRCLE('',#637,4.2);
#637 = AXIS2_PLACEMENT_3D('',#638,#639,#640);
#638 = CARTESIAN_POINT('',(-46.,25.,54.5));
#639 = DIRECTION('',(-1.,0.,0.));
#640 = DIRECTION('',(0.,0.,-1.));
#641 = ORIENTED_EDGE('',*,*,#627,.T.);
#642 = CYLINDRICAL_SURFACE('',#643,4.2);
#643 = AXIS2_PLACEMENT_3D('',#644,#645,#646);
#644 = CARTESIAN_POINT('',(-46.,25.,54.5));
#645 = DIRECTION('',(-1.,0.,0.));
#646 = DIRECTION('',(0.,0.,-1.));
#647 = ADVANCED_FACE('',(#648,#651),#662,.T.);
#648 = FACE_BOUND('',#649,.T.);
#649 = EDGE_LOOP('',(#650));
#650 = ORIENTED_EDGE('',*,*,#618,.T.);
#651 = FACE_BOUND('',#652,.T.);
#652 = EDGE_LOOP('',(#653));
#653 = ORIENTED_EDGE('',*,*,#654,.F.);
#654 = EDGE_CURVE('',#655,#655,#657,.T.);
#655 = VERTEX_POINT('',#656);
#656 = CARTESIAN_POINT('',(-47.3,25.,52.));
#657 = CIRCLE('',#658,2.5);
#658 = AXIS2_PLACEMENT_3D('',#659,#660,#661);
#659 = CARTESIAN_POINT('',(-47.3,25.,54.5));
#660 = DIRECTION('',(-1.,0.,0.));
#661 = DIRECTION('',(0.,0.,-1.));
#662 = PLANE('',#663);
#663 = AXIS2_PLACEMENT_3D('',#664,#665,#666);
#664 = CARTESIAN_POINT('',(-47.3,25.,54.5));
#665 = DIRECTION('',(-1.,0.,0.));
#666 = DIRECTION('',(0.,0.,-1.));
#667 = ADVANCED_FACE('',(#668),#687,.T.);
#668 = FACE_BOUND('',#669,.T.);
#669 = EDGE_LOOP('',(#670,#678,#685,#686));
#670 = ORIENTED_EDGE('',*,*,#671,.T.);
#671 = EDGE_CURVE('',#655,#672,#674,.T.);
#672 = VERTEX_POINT('',#673);
#673 = CARTESIAN_POINT('',(-58.,25.,52.));
#674 = LINE('',#675,#676);
#675 = CARTESIAN_POINT('',(-46.,25.,52.));
#676 = VECTOR('',#677,1.);
#677 = DIRECTION('',(-1.,0.,0.));
#678 = ORIENTED_EDGE('',*,*,#679,.F.);
#679 = EDGE_CURVE('',#672,#672,#680,.T.);
#680 = CIRCLE('',#681,2.5);
#681 = AXIS2_PLACEMENT_3D('',#682,#683,#684);
#682 = CARTESIAN_POINT('',(-58.,25.,54.5));
#683 = DIRECTION('',(-1.,0.,0.));
#684 = DIRECTION('',(0.,0.,-1.));
#685 = ORIENTED_EDGE('',*,*,#671,.F.);
#686 = ORIENTED_EDGE('',*,*,#654,.T.);
#687 = CYLINDRICAL_SURFACE('',#688,2.5);
#688 = AXIS2_PLACEMENT_3D('',#689,#690,#691);
#689 = CARTESIAN_POINT('',(-46.,25.,54.5));
#690 = DIRECTION('',(-1.,0.,0.));
#691 = DIRECTION('',(0.,0.,-1.));
#692 = ADVANCED_FACE('',(#693),#696,.T.);
#693 = FACE_BOUND('',#694,.T.);
#694 = EDGE_LOOP('',(#695));
#695 = ORIENTED_EDGE('',*,*,#679,.T.);
#696 = PLANE('',#697);
#697 = AXIS2_PLACEMENT_3D('',#698,#699,#700);
#698 = CARTESIAN_POINT('',(-58.,25.,54.5));
#699 = DIRECTION('',(-1.,0.,0.));
#700 = DIRECTION('',(0.,0.,-1.));
#701 = ADVANCED_FACE('',(#702,#705),#755,.F.);
#702 = FACE_BOUND('',#703,.T.);
#703 = EDGE_LOOP('',(#704));
#704 = ORIENTED_EDGE('',*,*,#635,.F.);
#705 = FACE_BOUND('',#706,.F.);
#706 = EDGE_LOOP('',(#707,#717,#725,#733,#741,#749));
#707 = ORIENTED_EDGE('',*,*,#708,.T.);
#708 = EDGE_CURVE('',#709,#711,#713,.T.);
#709 = VERTEX_POINT('',#710);
#710 = CARTESIAN_POINT('',(-46.,27.,54.5));
#711 = VERTEX_POINT('',#712);
#712 = CARTESIAN_POINT('',(-46.,26.,56.232050807569));
#713 = LINE('',#714,#715);
#714 = CARTESIAN_POINT('',(-46.,27.,54.5));
#715 = VECTOR('',#716,1.);
#716 = DIRECTION('',(0.,-0.5,0.866025403784));
#717 = ORIENTED_EDGE('',*,*,#718,.T.);
#718 = EDGE_CURVE('',#711,#719,#721,.T.);
#719 = VERTEX_POINT('',#720);
#720 = CARTESIAN_POINT('',(-46.,24.,56.232050807569));
#721 = LINE('',#722,#723);
#722 = CARTESIAN_POINT('',(-46.,26.,56.232050807569));
#723 = VECTOR('',#724,1.);
#724 = DIRECTION('',(0.,-1.,0.));
#725 = ORIENTED_EDGE('',*,*,#726,.T.);
#726 = EDGE_CURVE('',#719,#727,#729,.T.);
#727 = VERTEX_POINT('',#728);
#728 = CARTESIAN_POINT('',(-46.,23.,54.5));
#729 = LINE('',#730,#731);
#730 = CARTESIAN_POINT('',(-46.,24.,56.232050807569));
#731 = VECTOR('',#732,1.);
#732 = DIRECTION('',(0.,-0.5,-0.866025403784));
#733 = ORIENTED_EDGE('',*,*,#734,.T.);
#734 = EDGE_CURVE('',#727,#735,#737,.T.);
#735 = VERTEX_POINT('',#736);
#736 = CARTESIAN_POINT('',(-46.,24.,52.767949192431));
#737 = LINE('',#738,#739);
#738 = CARTESIAN_POINT('',(-46.,23.,54.5));
#739 = VECTOR('',#740,1.);
#740 = DIRECTION('',(0.,0.5,-0.866025403784));
#741 = ORIENTED_EDGE('',*,*,#742,.T.);
#742 = EDGE_CURVE('',#735,#743,#745,.T.);
#743 = VERTEX_POINT('',#744);
#744 = CARTESIAN_POINT('',(-46.,26.,52.767949192431));
#745 = LINE('',#746,#747);
#746 = CARTESIAN_POINT('',(-46.,24.,52.767949192431));
#747 = VECTOR('',#748,1.);
#748 = DIRECTION('',(0.,1.,0.));
#749 = ORIENTED_EDGE('',*,*,#750,.T.);
#750 = EDGE_CURVE('',#743,#709,#751,.T.);
#751 = LINE('',#752,#753);
#752 = CARTESIAN_POINT('',(-46.,26.,52.767949192431));
#753 = VECTOR('',#754,1.);
#754 = DIRECTION('',(0.,0.5,0.866025403784));
#755 = PLANE('',#756);
#756 = AXIS2_PLACEMENT_3D('',#757,#758,#759);
#757 = CARTESIAN_POINT('',(-46.,25.,54.5));
#758 = DIRECTION('',(-1.,0.,0.));
#759 = DIRECTION('',(0.,0.,-1.));
#760 = ADVANCED_FACE('',(#761),#786,.F.);
#761 = FACE_BOUND('',#762,.F.);
#762 = EDGE_LOOP('',(#763,#771,#779,#785));
#763 = ORIENTED_EDGE('',*,*,#764,.T.);
#764 = EDGE_CURVE('',#743,#765,#767,.T.);
#765 = VERTEX_POINT('',#766);
#766 = CARTESIAN_POINT('',(-47.1,26.,52.767949192431));
#767 = LINE('',#768,#769);
#768 = CARTESIAN_POINT('',(-46.,26.,52.767949192431));
#769 = VECTOR('',#770,1.);
#770 = DIRECTION('',(-1.,0.,0.));
#771 = ORIENTED_EDGE('',*,*,#772,.T.);
#772 = EDGE_CURVE('',#765,#773,#775,.T.);
#773 = VERTEX_POINT('',#774);
#774 = CARTESIAN_POINT('',(-47.1,27.,54.5));
#775 = LINE('',#776,#777);
#776 = CARTESIAN_POINT('',(-47.1,26.,52.767949192431));
#777 = VECTOR('',#778,1.);
#778 = DIRECTION('',(0.,0.5,0.866025403784));
#779 = ORIENTED_EDGE('',*,*,#780,.F.);
#780 = EDGE_CURVE('',#709,#773,#781,.T.);
#781 = LINE('',#782,#783);
#782 = CARTESIAN_POINT('',(-46.,27.,54.5));
#783 = VECTOR('',#784,1.);
#784 = DIRECTION('',(-1.,0.,0.));
#785 = ORIENTED_EDGE('',*,*,#750,.F.);
#786 = PLANE('',#787);
#787 = AXIS2_PLACEMENT_3D('',#788,#789,#790);
#788 = CARTESIAN_POINT('',(-46.,26.,52.767949192431));
#789 = DIRECTION('',(0.,0.866025403784,-0.5));
#790 = DIRECTION('',(0.,0.5,0.866025403784));
#791 = ADVANCED_FACE('',(#792),#810,.F.);
#792 = FACE_BOUND('',#793,.F.);
#793 = EDGE_LOOP('',(#794,#802,#808,#809));
#794 = ORIENTED_EDGE('',*,*,#795,.T.);
#795 = EDGE_CURVE('',#735,#796,#798,.T.);
#796 = VERTEX_POINT('',#797);
#797 = CARTESIAN_POINT('',(-47.1,24.,52.767949192431));
#798 = LINE('',#799,#800);
#799 = CARTESIAN_POINT('',(-46.,24.,52.767949192431));
#800 = VECTOR('',#801,1.);
#801 = DIRECTION('',(-1.,0.,0.));
#802 = ORIENTED_EDGE('',*,*,#803,.T.);
#803 = EDGE_CURVE('',#796,#765,#804,.T.);
#804 = LINE('',#805,#806);
#805 = CARTESIAN_POINT('',(-47.1,24.,52.767949192431));
#806 = VECTOR('',#807,1.);
#807 = DIRECTION('',(0.,1.,0.));
#808 = ORIENTED_EDGE('',*,*,#764,.F.);
#809 = ORIENTED_EDGE('',*,*,#742,.F.);
#810 = PLANE('',#811);
#811 = AXIS2_PLACEMENT_3D('',#812,#813,#814);
#812 = CARTESIAN_POINT('',(-46.,24.,52.767949192431));
#813 = DIRECTION('',(0.,0.,-1.));
#814 = DIRECTION('',(0.,1.,0.));
#815 = ADVANCED_FACE('',(#816),#834,.F.);
#816 = FACE_BOUND('',#817,.F.);
#817 = EDGE_LOOP('',(#818,#826,#832,#833));
#818 = ORIENTED_EDGE('',*,*,#819,.T.);
#819 = EDGE_CURVE('',#727,#820,#822,.T.);
#820 = VERTEX_POINT('',#821);
#821 = CARTESIAN_POINT('',(-47.1,23.,54.5));
#822 = LINE('',#823,#824);
#823 = CARTESIAN_POINT('',(-46.,23.,54.5));
#824 = VECTOR('',#825,1.);
#825 = DIRECTION('',(-1.,0.,0.));
#826 = ORIENTED_EDGE('',*,*,#827,.T.);
#827 = EDGE_CURVE('',#820,#796,#828,.T.);
#828 = LINE('',#829,#830);
#829 = CARTESIAN_POINT('',(-47.1,23.,54.5));
#830 = VECTOR('',#831,1.);
#831 = DIRECTION('',(0.,0.5,-0.866025403784));
#832 = ORIENTED_EDGE('',*,*,#795,.F.);
#833 = ORIENTED_EDGE('',*,*,#734,.F.);
#834 = PLANE('',#835);
#835 = AXIS2_PLACEMENT_3D('',#836,#837,#838);
#836 = CARTESIAN_POINT('',(-46.,23.,54.5));
#837 = DIRECTION('',(-0.,-0.866025403784,-0.5));
#838 = DIRECTION('',(0.,0.5,-0.866025403784));
#839 = ADVANCED_FACE('',(#840),#858,.F.);
#840 = FACE_BOUND('',#841,.F.);
#841 = EDGE_LOOP('',(#842,#850,#856,#857));
#842 = ORIENTED_EDGE('',*,*,#843,.T.);
#843 = EDGE_CURVE('',#719,#844,#846,.T.);
#844 = VERTEX_POINT('',#845);
#845 = CARTESIAN_POINT('',(-47.1,24.,56.232050807569));
#846 = LINE('',#847,#848);
#847 = CARTESIAN_POINT('',(-46.,24.,56.232050807569));
#848 = VECTOR('',#849,1.);
#849 = DIRECTION('',(-1.,0.,0.));
#850 = ORIENTED_EDGE('',*,*,#851,.T.);
#851 = EDGE_CURVE('',#844,#820,#852,.T.);
#852 = LINE('',#853,#854);
#853 = CARTESIAN_POINT('',(-47.1,24.,56.232050807569));
#854 = VECTOR('',#855,1.);
#855 = DIRECTION('',(0.,-0.5,-0.866025403784));
#856 = ORIENTED_EDGE('',*,*,#819,.F.);
#857 = ORIENTED_EDGE('',*,*,#726,.F.);
#858 = PLANE('',#859);
#859 = AXIS2_PLACEMENT_3D('',#860,#861,#862);
#860 = CARTESIAN_POINT('',(-46.,24.,56.232050807569));
#861 = DIRECTION('',(0.,-0.866025403784,0.5));
#862 = DIRECTION('',(0.,-0.5,-0.866025403784));
#863 = ADVANCED_FACE('',(#864),#882,.F.);
#864 = FACE_BOUND('',#865,.F.);
#865 = EDGE_LOOP('',(#866,#874,#880,#881));
#866 = ORIENTED_EDGE('',*,*,#867,.T.);
#867 = EDGE_CURVE('',#711,#868,#870,.T.);
#868 = VERTEX_POINT('',#869);
#869 = CARTESIAN_POINT('',(-47.1,26.,56.232050807569));
#870 = LINE('',#871,#872);
#871 = CARTESIAN_POINT('',(-46.,26.,56.232050807569));
#872 = VECTOR('',#873,1.);
#873 = DIRECTION('',(-1.,0.,0.));
#874 = ORIENTED_EDGE('',*,*,#875,.T.);
#875 = EDGE_CURVE('',#868,#844,#876,.T.);
#876 = LINE('',#877,#878);
#877 = CARTESIAN_POINT('',(-47.1,26.,56.232050807569));
#878 = VECTOR('',#879,1.);
#879 = DIRECTION('',(0.,-1.,0.));
#880 = ORIENTED_EDGE('',*,*,#843,.F.);
#881 = ORIENTED_EDGE('',*,*,#718,.F.);
#882 = PLANE('',#883);
#883 = AXIS2_PLACEMENT_3D('',#884,#885,#886);
#884 = CARTESIAN_POINT('',(-46.,26.,56.232050807569));
#885 = DIRECTION('',(0.,0.,1.));
#886 = DIRECTION('',(0.,-1.,0.));
#887 = ADVANCED_FACE('',(#888),#899,.F.);
#888 = FACE_BOUND('',#889,.F.);
#889 = EDGE_LOOP('',(#890,#891,#897,#898));
#890 = ORIENTED_EDGE('',*,*,#780,.T.);
#891 = ORIENTED_EDGE('',*,*,#892,.T.);
#892 = EDGE_CURVE('',#773,#868,#893,.T.);
#893 = LINE('',#894,#895);
#894 = CARTESIAN_POINT('',(-47.1,27.,54.5));
#895 = VECTOR('',#896,1.);
#896 = DIRECTION('',(0.,-0.5,0.866025403784));
#897 = ORIENTED_EDGE('',*,*,#867,.F.);
#898 = ORIENTED_EDGE('',*,*,#708,.F.);
#899 = PLANE('',#900);
#900 = AXIS2_PLACEMENT_3D('',#901,#902,#903);
#901 = CARTESIAN_POINT('',(-46.,27.,54.5));
#902 = DIRECTION('',(0.,0.866025403784,0.5));
#903 = DIRECTION('',(0.,-0.5,0.866025403784));
#904 = ADVANCED_FACE('',(#905),#913,.T.);
#905 = FACE_BOUND('',#906,.T.);
#906 = EDGE_LOOP('',(#907,#908,#909,#910,#911,#912));
#907 = ORIENTED_EDGE('',*,*,#892,.T.);
#908 = ORIENTED_EDGE('',*,*,#875,.T.);
#909 = ORIENTED_EDGE('',*,*,#851,.T.);
#910 = ORIENTED_EDGE('',*,*,#827,.T.);
#911 = ORIENTED_EDGE('',*,*,#803,.T.);
#912 = ORIENTED_EDGE('',*,*,#772,.T.);
#913 = PLANE('',#914);
#914 = AXIS2_PLACEMENT_3D('',#915,#916,#917);
#915 = CARTESIAN_POINT('',(-47.1,25.,54.5));
#916 = DIRECTION('',(1.,0.,0.));
#917 = DIRECTION('',(-0.,0.,1.));
#918 = ( GEOMETRIC_REPRESENTATION_CONTEXT(3) 
GLOBAL_UNCERTAINTY_ASSIGNED_CONTEXT((#922)) GLOBAL_UNIT_ASSIGNED_CONTEXT
((#919,#920,#921)) REPRESENTATION_CONTEXT('Context #1',
  '3D Context with UNIT and UNCERTAINTY') );
#919 = ( LENGTH_UNIT() NAMED_UNIT(*) SI_UNIT(.MILLI.,.METRE.) );
#920 = ( NAMED_UNIT(*) PLANE_ANGLE_UNIT() SI_UNIT($,.RADIAN.) );
#921 = ( NAMED_UNIT(*) SI_UNIT($,.STERADIAN.) SOLID_ANGLE_UNIT() );
#922 = UNCERTAINTY_MEASURE_WITH_UNIT(LENGTH_MEASURE(1.E-07),#919,
  'distance_accuracy_value','confusion accuracy');
#923 = CONTEXT_DEPENDENT_SHAPE_REPRESENTATION(#924,#926);
#924 = ( REPRESENTATION_RELATIONSHIP('','',#611,#231) 
REPRESENTATION_RELATIONSHIP_WITH_TRANSFORMATION(#925) 
SHAPE_REPRESENTATION_RELATIONSHIP() );
#925 = ITEM_DEFINED_TRANSFORMATION('','',#11,#236);
#926 = PRODUCT_DEFINITION_SHAPE('Placement','Placement of an item',#927
  );
#927 = NEXT_ASSEMBLY_USAGE_OCCURRENCE('5',
  'M5 | Innensechskantschraube001','',#226,#606,$);
#928 = PRODUCT_RELATED_PRODUCT_CATEGORY('part',$,(#608));
#929 = SHAPE_DEFINITION_REPRESENTATION(#930,#936);
#930 = PRODUCT_DEFINITION_SHAPE('','',#931);
#931 = PRODUCT_DEFINITION('design','',#932,#935);
#932 = PRODUCT_DEFINITION_FORMATION('','',#933);
#933 = PRODUCT('M5 | Innensechskantschraube002',
  'M5 | Innensechskantschraube002','',(#934));
#934 = PRODUCT_CONTEXT('',#2,'mechanical');
#935 = PRODUCT_DEFINITION_CONTEXT('part definition',#2,'design');
#936 = ADVANCED_BREP_SHAPE_REPRESENTATION('',(#11,#937),#1243);
#937 = MANIFOLD_SOLID_BREP('',#938);
#938 = CLOSED_SHELL('',(#939,#972,#992,#1017,#1026,#1085,#1116,#1140,
    #1164,#1188,#1212,#1229));
#939 = ADVANCED_FACE('',(#940),#967,.T.);
#940 = FACE_BOUND('',#941,.T.);
#941 = EDGE_LOOP('',(#942,#951,#959,#966));
#942 = ORIENTED_EDGE('',*,*,#943,.F.);
#943 = EDGE_CURVE('',#944,#944,#946,.T.);
#944 = VERTEX_POINT('',#945);
#945 = CARTESIAN_POINT('',(13.3,-25.,58.7));
#946 = CIRCLE('',#947,4.2);
#947 = AXIS2_PLACEMENT_3D('',#948,#949,#950);
#948 = CARTESIAN_POINT('',(13.3,-25.,54.5));
#949 = DIRECTION('',(1.,0.,0.));
#950 = DIRECTION('',(-0.,0.,1.));
#951 = ORIENTED_EDGE('',*,*,#952,.F.);
#952 = EDGE_CURVE('',#953,#944,#955,.T.);
#953 = VERTEX_POINT('',#954);
#954 = CARTESIAN_POINT('',(12.,-25.,58.7));
#955 = LINE('',#956,#957);
#956 = CARTESIAN_POINT('',(12.,-25.,58.7));
#957 = VECTOR('',#958,1.);
#958 = DIRECTION('',(1.,0.,0.));
#959 = ORIENTED_EDGE('',*,*,#960,.T.);
#960 = EDGE_CURVE('',#953,#953,#961,.T.);
#961 = CIRCLE('',#962,4.2);
#962 = AXIS2_PLACEMENT_3D('',#963,#964,#965);
#963 = CARTESIAN_POINT('',(12.,-25.,54.5));
#964 = DIRECTION('',(1.,0.,0.));
#965 = DIRECTION('',(-0.,0.,1.));
#966 = ORIENTED_EDGE('',*,*,#952,.T.);
#967 = CYLINDRICAL_SURFACE('',#968,4.2);
#968 = AXIS2_PLACEMENT_3D('',#969,#970,#971);
#969 = CARTESIAN_POINT('',(12.,-25.,54.5));
#970 = DIRECTION('',(1.,0.,0.));
#971 = DIRECTION('',(-0.,0.,1.));
#972 = ADVANCED_FACE('',(#973,#976),#987,.T.);
#973 = FACE_BOUND('',#974,.T.);
#974 = EDGE_LOOP('',(#975));
#975 = ORIENTED_EDGE('',*,*,#943,.T.);
#976 = FACE_BOUND('',#977,.T.);
#977 = EDGE_LOOP('',(#978));
#978 = ORIENTED_EDGE('',*,*,#979,.F.);
#979 = EDGE_CURVE('',#980,#980,#982,.T.);
#980 = VERTEX_POINT('',#981);
#981 = CARTESIAN_POINT('',(13.3,-25.,57.));
#982 = CIRCLE('',#983,2.5);
#983 = AXIS2_PLACEMENT_3D('',#984,#985,#986);
#984 = CARTESIAN_POINT('',(13.3,-25.,54.5));
#985 = DIRECTION('',(1.,0.,0.));
#986 = DIRECTION('',(-0.,0.,1.));
#987 = PLANE('',#988);
#988 = AXIS2_PLACEMENT_3D('',#989,#990,#991);
#989 = CARTESIAN_POINT('',(13.3,-25.,54.5));
#990 = DIRECTION('',(1.,0.,0.));
#991 = DIRECTION('',(-0.,0.,1.));
#992 = ADVANCED_FACE('',(#993),#1012,.T.);
#993 = FACE_BOUND('',#994,.T.);
#994 = EDGE_LOOP('',(#995,#1003,#1010,#1011));
#995 = ORIENTED_EDGE('',*,*,#996,.T.);
#996 = EDGE_CURVE('',#980,#997,#999,.T.);
#997 = VERTEX_POINT('',#998);
#998 = CARTESIAN_POINT('',(24.,-25.,57.));
#999 = LINE('',#1000,#1001);
#1000 = CARTESIAN_POINT('',(12.,-25.,57.));
#1001 = VECTOR('',#1002,1.);
#1002 = DIRECTION('',(1.,0.,0.));
#1003 = ORIENTED_EDGE('',*,*,#1004,.F.);
#1004 = EDGE_CURVE('',#997,#997,#1005,.T.);
#1005 = CIRCLE('',#1006,2.5);
#1006 = AXIS2_PLACEMENT_3D('',#1007,#1008,#1009);
#1007 = CARTESIAN_POINT('',(24.,-25.,54.5));
#1008 = DIRECTION('',(1.,0.,0.));
#1009 = DIRECTION('',(-0.,0.,1.));
#1010 = ORIENTED_EDGE('',*,*,#996,.F.);
#1011 = ORIENTED_EDGE('',*,*,#979,.T.);
#1012 = CYLINDRICAL_SURFACE('',#1013,2.5);
#1013 = AXIS2_PLACEMENT_3D('',#1014,#1015,#1016);
#1014 = CARTESIAN_POINT('',(12.,-25.,54.5));
#1015 = DIRECTION('',(1.,0.,0.));
#1016 = DIRECTION('',(-0.,0.,1.));
#1017 = ADVANCED_FACE('',(#1018),#1021,.T.);
#1018 = FACE_BOUND('',#1019,.T.);
#1019 = EDGE_LOOP('',(#1020));
#1020 = ORIENTED_EDGE('',*,*,#1004,.T.);
#1021 = PLANE('',#1022);
#1022 = AXIS2_PLACEMENT_3D('',#1023,#1024,#1025);
#1023 = CARTESIAN_POINT('',(24.,-25.,54.5));
#1024 = DIRECTION('',(1.,0.,0.));
#1025 = DIRECTION('',(-0.,0.,1.));
#1026 = ADVANCED_FACE('',(#1027,#1030),#1080,.F.);
#1027 = FACE_BOUND('',#1028,.T.);
#1028 = EDGE_LOOP('',(#1029));
#1029 = ORIENTED_EDGE('',*,*,#960,.F.);
#1030 = FACE_BOUND('',#1031,.F.);
#1031 = EDGE_LOOP('',(#1032,#1042,#1050,#1058,#1066,#1074));
#1032 = ORIENTED_EDGE('',*,*,#1033,.F.);
#1033 = EDGE_CURVE('',#1034,#1036,#1038,.T.);
#1034 = VERTEX_POINT('',#1035);
#1035 = CARTESIAN_POINT('',(12.,-24.,52.767949192431));
#1036 = VERTEX_POINT('',#1037);
#1037 = CARTESIAN_POINT('',(12.,-23.,54.5));
#1038 = LINE('',#1039,#1040);
#1039 = CARTESIAN_POINT('',(12.,-24.,52.767949192431));
#1040 = VECTOR('',#1041,1.);
#1041 = DIRECTION('',(0.,0.5,0.866025403784));
#1042 = ORIENTED_EDGE('',*,*,#1043,.F.);
#1043 = EDGE_CURVE('',#1044,#1034,#1046,.T.);
#1044 = VERTEX_POINT('',#1045);
#1045 = CARTESIAN_POINT('',(12.,-26.,52.767949192431));
#1046 = LINE('',#1047,#1048);
#1047 = CARTESIAN_POINT('',(12.,-26.,52.767949192431));
#1048 = VECTOR('',#1049,1.);
#1049 = DIRECTION('',(0.,1.,0.));
#1050 = ORIENTED_EDGE('',*,*,#1051,.F.);
#1051 = EDGE_CURVE('',#1052,#1044,#1054,.T.);
#1052 = VERTEX_POINT('',#1053);
#1053 = CARTESIAN_POINT('',(12.,-27.,54.5));
#1054 = LINE('',#1055,#1056);
#1055 = CARTESIAN_POINT('',(12.,-27.,54.5));
#1056 = VECTOR('',#1057,1.);
#1057 = DIRECTION('',(0.,0.5,-0.866025403784));
#1058 = ORIENTED_EDGE('',*,*,#1059,.F.);
#1059 = EDGE_CURVE('',#1060,#1052,#1062,.T.);
#1060 = VERTEX_POINT('',#1061);
#1061 = CARTESIAN_POINT('',(12.,-26.,56.232050807569));
#1062 = LINE('',#1063,#1064);
#1063 = CARTESIAN_POINT('',(12.,-26.,56.232050807569));
#1064 = VECTOR('',#1065,1.);
#1065 = DIRECTION('',(0.,-0.5,-0.866025403784));
#1066 = ORIENTED_EDGE('',*,*,#1067,.F.);
#1067 = EDGE_CURVE('',#1068,#1060,#1070,.T.);
#1068 = VERTEX_POINT('',#1069);
#1069 = CARTESIAN_POINT('',(12.,-24.,56.232050807569));
#1070 = LINE('',#1071,#1072);
#1071 = CARTESIAN_POINT('',(12.,-24.,56.232050807569));
#1072 = VECTOR('',#1073,1.);
#1073 = DIRECTION('',(0.,-1.,0.));
#1074 = ORIENTED_EDGE('',*,*,#1075,.F.);
#1075 = EDGE_CURVE('',#1036,#1068,#1076,.T.);
#1076 = LINE('',#1077,#1078);
#1077 = CARTESIAN_POINT('',(12.,-23.,54.5));
#1078 = VECTOR('',#1079,1.);
#1079 = DIRECTION('',(0.,-0.5,0.866025403784));
#1080 = PLANE('',#1081);
#1081 = AXIS2_PLACEMENT_3D('',#1082,#1083,#1084);
#1082 = CARTESIAN_POINT('',(12.,-25.,54.5));
#1083 = DIRECTION('',(1.,0.,0.));
#1084 = DIRECTION('',(-0.,0.,1.));
#1085 = ADVANCED_FACE('',(#1086),#1111,.T.);
#1086 = FACE_BOUND('',#1087,.T.);
#1087 = EDGE_LOOP('',(#1088,#1096,#1104,#1110));
#1088 = ORIENTED_EDGE('',*,*,#1089,.T.);
#1089 = EDGE_CURVE('',#1036,#1090,#1092,.T.);
#1090 = VERTEX_POINT('',#1091);
#1091 = CARTESIAN_POINT('',(13.1,-23.,54.5));
#1092 = LINE('',#1093,#1094);
#1093 = CARTESIAN_POINT('',(12.,-23.,54.5));
#1094 = VECTOR('',#1095,1.);
#1095 = DIRECTION('',(1.,0.,0.));
#1096 = ORIENTED_EDGE('',*,*,#1097,.T.);
#1097 = EDGE_CURVE('',#1090,#1098,#1100,.T.);
#1098 = VERTEX_POINT('',#1099);
#1099 = CARTESIAN_POINT('',(13.1,-24.,56.232050807569));
#1100 = LINE('',#1101,#1102);
#1101 = CARTESIAN_POINT('',(13.1,-23.,54.5));
#1102 = VECTOR('',#1103,1.);
#1103 = DIRECTION('',(0.,-0.5,0.866025403784));
#1104 = ORIENTED_EDGE('',*,*,#1105,.F.);
#1105 = EDGE_CURVE('',#1068,#1098,#1106,.T.);
#1106 = LINE('',#1107,#1108);
#1107 = CARTESIAN_POINT('',(12.,-24.,56.232050807569));
#1108 = VECTOR('',#1109,1.);
#1109 = DIRECTION('',(1.,0.,0.));
#1110 = ORIENTED_EDGE('',*,*,#1075,.F.);
#1111 = PLANE('',#1112);
#1112 = AXIS2_PLACEMENT_3D('',#1113,#1114,#1115);
#1113 = CARTESIAN_POINT('',(12.,-23.,54.5));
#1114 = DIRECTION('',(0.,-0.866025403784,-0.5));
#1115 = DIRECTION('',(0.,-0.5,0.866025403784));
#1116 = ADVANCED_FACE('',(#1117),#1135,.T.);
#1117 = FACE_BOUND('',#1118,.T.);
#1118 = EDGE_LOOP('',(#1119,#1120,#1128,#1134));
#1119 = ORIENTED_EDGE('',*,*,#1105,.T.);
#1120 = ORIENTED_EDGE('',*,*,#1121,.T.);
#1121 = EDGE_CURVE('',#1098,#1122,#1124,.T.);
#1122 = VERTEX_POINT('',#1123);
#1123 = CARTESIAN_POINT('',(13.1,-26.,56.232050807569));
#1124 = LINE('',#1125,#1126);
#1125 = CARTESIAN_POINT('',(13.1,-24.,56.232050807569));
#1126 = VECTOR('',#1127,1.);
#1127 = DIRECTION('',(0.,-1.,0.));
#1128 = ORIENTED_EDGE('',*,*,#1129,.F.);
#1129 = EDGE_CURVE('',#1060,#1122,#1130,.T.);
#1130 = LINE('',#1131,#1132);
#1131 = CARTESIAN_POINT('',(12.,-26.,56.232050807569));
#1132 = VECTOR('',#1133,1.);
#1133 = DIRECTION('',(1.,0.,0.));
#1134 = ORIENTED_EDGE('',*,*,#1067,.F.);
#1135 = PLANE('',#1136);
#1136 = AXIS2_PLACEMENT_3D('',#1137,#1138,#1139);
#1137 = CARTESIAN_POINT('',(12.,-24.,56.232050807569));
#1138 = DIRECTION('',(0.,0.,-1.));
#1139 = DIRECTION('',(0.,-1.,0.));
#1140 = ADVANCED_FACE('',(#1141),#1159,.T.);
#1141 = FACE_BOUND('',#1142,.T.);
#1142 = EDGE_LOOP('',(#1143,#1144,#1152,#1158));
#1143 = ORIENTED_EDGE('',*,*,#1129,.T.);
#1144 = ORIENTED_EDGE('',*,*,#1145,.T.);
#1145 = EDGE_CURVE('',#1122,#1146,#1148,.T.);
#1146 = VERTEX_POINT('',#1147);
#1147 = CARTESIAN_POINT('',(13.1,-27.,54.5));
#1148 = LINE('',#1149,#1150);
#1149 = CARTESIAN_POINT('',(13.1,-26.,56.232050807569));
#1150 = VECTOR('',#1151,1.);
#1151 = DIRECTION('',(0.,-0.5,-0.866025403784));
#1152 = ORIENTED_EDGE('',*,*,#1153,.F.);
#1153 = EDGE_CURVE('',#1052,#1146,#1154,.T.);
#1154 = LINE('',#1155,#1156);
#1155 = CARTESIAN_POINT('',(12.,-27.,54.5));
#1156 = VECTOR('',#1157,1.);
#1157 = DIRECTION('',(1.,0.,0.));
#1158 = ORIENTED_EDGE('',*,*,#1059,.F.);
#1159 = PLANE('',#1160);
#1160 = AXIS2_PLACEMENT_3D('',#1161,#1162,#1163);
#1161 = CARTESIAN_POINT('',(12.,-26.,56.232050807569));
#1162 = DIRECTION('',(0.,0.866025403784,-0.5));
#1163 = DIRECTION('',(0.,-0.5,-0.866025403784));
#1164 = ADVANCED_FACE('',(#1165),#1183,.T.);
#1165 = FACE_BOUND('',#1166,.T.);
#1166 = EDGE_LOOP('',(#1167,#1168,#1176,#1182));
#1167 = ORIENTED_EDGE('',*,*,#1153,.T.);
#1168 = ORIENTED_EDGE('',*,*,#1169,.T.);
#1169 = EDGE_CURVE('',#1146,#1170,#1172,.T.);
#1170 = VERTEX_POINT('',#1171);
#1171 = CARTESIAN_POINT('',(13.1,-26.,52.767949192431));
#1172 = LINE('',#1173,#1174);
#1173 = CARTESIAN_POINT('',(13.1,-27.,54.5));
#1174 = VECTOR('',#1175,1.);
#1175 = DIRECTION('',(0.,0.5,-0.866025403784));
#1176 = ORIENTED_EDGE('',*,*,#1177,.F.);
#1177 = EDGE_CURVE('',#1044,#1170,#1178,.T.);
#1178 = LINE('',#1179,#1180);
#1179 = CARTESIAN_POINT('',(12.,-26.,52.767949192431));
#1180 = VECTOR('',#1181,1.);
#1181 = DIRECTION('',(1.,0.,0.));
#1182 = ORIENTED_EDGE('',*,*,#1051,.F.);
#1183 = PLANE('',#1184);
#1184 = AXIS2_PLACEMENT_3D('',#1185,#1186,#1187);
#1185 = CARTESIAN_POINT('',(12.,-27.,54.5));
#1186 = DIRECTION('',(-0.,0.866025403784,0.5));
#1187 = DIRECTION('',(0.,0.5,-0.866025403784));
#1188 = ADVANCED_FACE('',(#1189),#1207,.T.);
#1189 = FACE_BOUND('',#1190,.T.);
#1190 = EDGE_LOOP('',(#1191,#1192,#1200,#1206));
#1191 = ORIENTED_EDGE('',*,*,#1177,.T.);
#1192 = ORIENTED_EDGE('',*,*,#1193,.T.);
#1193 = EDGE_CURVE('',#1170,#1194,#1196,.T.);
#1194 = VERTEX_POINT('',#1195);
#1195 = CARTESIAN_POINT('',(13.1,-24.,52.767949192431));
#1196 = LINE('',#1197,#1198);
#1197 = CARTESIAN_POINT('',(13.1,-26.,52.767949192431));
#1198 = VECTOR('',#1199,1.);
#1199 = DIRECTION('',(0.,1.,0.));
#1200 = ORIENTED_EDGE('',*,*,#1201,.F.);
#1201 = EDGE_CURVE('',#1034,#1194,#1202,.T.);
#1202 = LINE('',#1203,#1204);
#1203 = CARTESIAN_POINT('',(12.,-24.,52.767949192431));
#1204 = VECTOR('',#1205,1.);
#1205 = DIRECTION('',(1.,0.,0.));
#1206 = ORIENTED_EDGE('',*,*,#1043,.F.);
#1207 = PLANE('',#1208);
#1208 = AXIS2_PLACEMENT_3D('',#1209,#1210,#1211);
#1209 = CARTESIAN_POINT('',(12.,-26.,52.767949192431));
#1210 = DIRECTION('',(0.,0.,1.));
#1211 = DIRECTION('',(0.,1.,0.));
#1212 = ADVANCED_FACE('',(#1213),#1224,.T.);
#1213 = FACE_BOUND('',#1214,.T.);
#1214 = EDGE_LOOP('',(#1215,#1216,#1222,#1223));
#1215 = ORIENTED_EDGE('',*,*,#1201,.T.);
#1216 = ORIENTED_EDGE('',*,*,#1217,.T.);
#1217 = EDGE_CURVE('',#1194,#1090,#1218,.T.);
#1218 = LINE('',#1219,#1220);
#1219 = CARTESIAN_POINT('',(13.1,-24.,52.767949192431));
#1220 = VECTOR('',#1221,1.);
#1221 = DIRECTION('',(0.,0.5,0.866025403784));
#1222 = ORIENTED_EDGE('',*,*,#1089,.F.);
#1223 = ORIENTED_EDGE('',*,*,#1033,.F.);
#1224 = PLANE('',#1225);
#1225 = AXIS2_PLACEMENT_3D('',#1226,#1227,#1228);
#1226 = CARTESIAN_POINT('',(12.,-24.,52.767949192431));
#1227 = DIRECTION('',(0.,-0.866025403784,0.5));
#1228 = DIRECTION('',(0.,0.5,0.866025403784));
#1229 = ADVANCED_FACE('',(#1230),#1238,.F.);
#1230 = FACE_BOUND('',#1231,.F.);
#1231 = EDGE_LOOP('',(#1232,#1233,#1234,#1235,#1236,#1237));
#1232 = ORIENTED_EDGE('',*,*,#1097,.T.);
#1233 = ORIENTED_EDGE('',*,*,#1121,.T.);
#1234 = ORIENTED_EDGE('',*,*,#1145,.T.);
#1235 = ORIENTED_EDGE('',*,*,#1169,.T.);
#1236 = ORIENTED_EDGE('',*,*,#1193,.T.);
#1237 = ORIENTED_EDGE('',*,*,#1217,.T.);
#1238 = PLANE('',#1239);
#1239 = AXIS2_PLACEMENT_3D('',#1240,#1241,#1242);
#1240 = CARTESIAN_POINT('',(13.1,-25.,54.5));
#1241 = DIRECTION('',(1.,0.,0.));
#1242 = DIRECTION('',(-0.,0.,1.));
#1243 = ( GEOMETRIC_REPRESENTATION_CONTEXT(3) 
GLOBAL_UNCERTAINTY_ASSIGNED_CONTEXT((#1247)) 
GLOBAL_UNIT_ASSIGNED_CONTEXT((#1244,#1245,#1246)) REPRESENTATION_CONTEXT
('Context #1','3D Context with UNIT and UNCERTAINTY') );
#1244 = ( LENGTH_UNIT() NAMED_UNIT(*) SI_UNIT(.MILLI.,.METRE.) );
#1245 = ( NAMED_UNIT(*) PLANE_ANGLE_UNIT() SI_UNIT($,.RADIAN.) );
#1246 = ( NAMED_UNIT(*) SI_UNIT($,.STERADIAN.) SOLID_ANGLE_UNIT() );
#1247 = UNCERTAINTY_MEASURE_WITH_UNIT(LENGTH_MEASURE(1.E-07),#1244,
  'distance_accuracy_value','confusion accuracy');
#1248 = CONTEXT_DEPENDENT_SHAPE_REPRESENTATION(#1249,#1251);
#1249 = ( REPRESENTATION_RELATIONSHIP('','',#936,#231) 
REPRESENTATION_RELATIONSHIP_WITH_TRANSFORMATION(#1250) 
SHAPE_REPRESENTATION_RELATIONSHIP() );
#1250 = ITEM_DEFINED_TRANSFORMATION('','',#11,#240);
#1251 = PRODUCT_DEFINITION_SHAPE('Placement','Placement of an item',
  #1252);
#1252 = NEXT_ASSEMBLY_USAGE_OCCURRENCE('6',
  'M5 | Innensechskantschraube002','',#226,#931,$);
#1253 = PRODUCT_RELATED_PRODUCT_CATEGORY('part',$,(#933));
#1254 = SHAPE_DEFINITION_REPRESENTATION(#1255,#1261);
#1255 = PRODUCT_DEFINITION_SHAPE('','',#1256);
#1256 = PRODUCT_DEFINITION('design','',#1257,#1260);
#1257 = PRODUCT_DEFINITION_FORMATION('','',#1258);
#1258 = PRODUCT('M5 | Innensechskantschraube003',
  'M5 | Innensechskantschraube003','',(#1259));
#1259 = PRODUCT_CONTEXT('',#2,'mechanical');
#1260 = PRODUCT_DEFINITION_CONTEXT('part definition',#2,'design');
#1261 = ADVANCED_BREP_SHAPE_REPRESENTATION('',(#11,#1262),#1568);
#1262 = MANIFOLD_SOLID_BREP('',#1263);
#1263 = CLOSED_SHELL('',(#1264,#1297,#1317,#1342,#1351,#1410,#1441,#1465
    ,#1489,#1513,#1537,#1554));
#1264 = ADVANCED_FACE('',(#1265),#1292,.T.);
#1265 = FACE_BOUND('',#1266,.T.);
#1266 = EDGE_LOOP('',(#1267,#1276,#1284,#1291));
#1267 = ORIENTED_EDGE('',*,*,#1268,.F.);
#1268 = EDGE_CURVE('',#1269,#1269,#1271,.T.);
#1269 = VERTEX_POINT('',#1270);
#1270 = CARTESIAN_POINT('',(13.3,25.,58.7));
#1271 = CIRCLE('',#1272,4.2);
#1272 = AXIS2_PLACEMENT_3D('',#1273,#1274,#1275);
#1273 = CARTESIAN_POINT('',(13.3,25.,54.5));
#1274 = DIRECTION('',(1.,0.,0.));
#1275 = DIRECTION('',(-0.,0.,1.));
#1276 = ORIENTED_EDGE('',*,*,#1277,.F.);
#1277 = EDGE_CURVE('',#1278,#1269,#1280,.T.);
#1278 = VERTEX_POINT('',#1279);
#1279 = CARTESIAN_POINT('',(12.,25.,58.7));
#1280 = LINE('',#1281,#1282);
#1281 = CARTESIAN_POINT('',(12.,25.,58.7));
#1282 = VECTOR('',#1283,1.);
#1283 = DIRECTION('',(1.,0.,0.));
#1284 = ORIENTED_EDGE('',*,*,#1285,.T.);
#1285 = EDGE_CURVE('',#1278,#1278,#1286,.T.);
#1286 = CIRCLE('',#1287,4.2);
#1287 = AXIS2_PLACEMENT_3D('',#1288,#1289,#1290);
#1288 = CARTESIAN_POINT('',(12.,25.,54.5));
#1289 = DIRECTION('',(1.,0.,0.));
#1290 = DIRECTION('',(-0.,0.,1.));
#1291 = ORIENTED_EDGE('',*,*,#1277,.T.);
#1292 = CYLINDRICAL_SURFACE('',#1293,4.2);
#1293 = AXIS2_PLACEMENT_3D('',#1294,#1295,#1296);
#1294 = CARTESIAN_POINT('',(12.,25.,54.5));
#1295 = DIRECTION('',(1.,0.,0.));
#1296 = DIRECTION('',(-0.,0.,1.));
#1297 = ADVANCED_FACE('',(#1298,#1301),#1312,.T.);
#1298 = FACE_BOUND('',#1299,.T.);
#1299 = EDGE_LOOP('',(#1300));
#1300 = ORIENTED_EDGE('',*,*,#1268,.T.);
#1301 = FACE_BOUND('',#1302,.T.);
#1302 = EDGE_LOOP('',(#1303));
#1303 = ORIENTED_EDGE('',*,*,#1304,.F.);
#1304 = EDGE_CURVE('',#1305,#1305,#1307,.T.);
#1305 = VERTEX_POINT('',#1306);
#1306 = CARTESIAN_POINT('',(13.3,25.,57.));
#1307 = CIRCLE('',#1308,2.5);
#1308 = AXIS2_PLACEMENT_3D('',#1309,#1310,#1311);
#1309 = CARTESIAN_POINT('',(13.3,25.,54.5));
#1310 = DIRECTION('',(1.,0.,0.));
#1311 = DIRECTION('',(-0.,0.,1.));
#1312 = PLANE('',#1313);
#1313 = AXIS2_PLACEMENT_3D('',#1314,#1315,#1316);
#1314 = CARTESIAN_POINT('',(13.3,25.,54.5));
#1315 = DIRECTION('',(1.,0.,0.));
#1316 = DIRECTION('',(-0.,0.,1.));
#1317 = ADVANCED_FACE('',(#1318),#1337,.T.);
#1318 = FACE_BOUND('',#1319,.T.);
#1319 = EDGE_LOOP('',(#1320,#1328,#1335,#1336));
#1320 = ORIENTED_EDGE('',*,*,#1321,.T.);
#1321 = EDGE_CURVE('',#1305,#1322,#1324,.T.);
#1322 = VERTEX_POINT('',#1323);
#1323 = CARTESIAN_POINT('',(24.,25.,57.));
#1324 = LINE('',#1325,#1326);
#1325 = CARTESIAN_POINT('',(12.,25.,57.));
#1326 = VECTOR('',#1327,1.);
#1327 = DIRECTION('',(1.,0.,0.));
#1328 = ORIENTED_EDGE('',*,*,#1329,.F.);
#1329 = EDGE_CURVE('',#1322,#1322,#1330,.T.);
#1330 = CIRCLE('',#1331,2.5);
#1331 = AXIS2_PLACEMENT_3D('',#1332,#1333,#1334);
#1332 = CARTESIAN_POINT('',(24.,25.,54.5));
#1333 = DIRECTION('',(1.,0.,0.));
#1334 = DIRECTION('',(-0.,0.,1.));
#1335 = ORIENTED_EDGE('',*,*,#1321,.F.);
#1336 = ORIENTED_EDGE('',*,*,#1304,.T.);
#1337 = CYLINDRICAL_SURFACE('',#1338,2.5);
#1338 = AXIS2_PLACEMENT_3D('',#1339,#1340,#1341);
#1339 = CARTESIAN_POINT('',(12.,25.,54.5));
#1340 = DIRECTION('',(1.,0.,0.));
#1341 = DIRECTION('',(-0.,0.,1.));
#1342 = ADVANCED_FACE('',(#1343),#1346,.T.);
#1343 = FACE_BOUND('',#1344,.T.);
#1344 = EDGE_LOOP('',(#1345));
#1345 = ORIENTED_EDGE('',*,*,#1329,.T.);
#1346 = PLANE('',#1347);
#1347 = AXIS2_PLACEMENT_3D('',#1348,#1349,#1350);
#1348 = CARTESIAN_POINT('',(24.,25.,54.5));
#1349 = DIRECTION('',(1.,0.,0.));
#1350 = DIRECTION('',(-0.,0.,1.));
#1351 = ADVANCED_FACE('',(#1352,#1355),#1405,.F.);
#1352 = FACE_BOUND('',#1353,.T.);
#1353 = EDGE_LOOP('',(#1354));
#1354 = ORIENTED_EDGE('',*,*,#1285,.F.);
#1355 = FACE_BOUND('',#1356,.F.);
#1356 = EDGE_LOOP('',(#1357,#1367,#1375,#1383,#1391,#1399));
#1357 = ORIENTED_EDGE('',*,*,#1358,.F.);
#1358 = EDGE_CURVE('',#1359,#1361,#1363,.T.);
#1359 = VERTEX_POINT('',#1360);
#1360 = CARTESIAN_POINT('',(12.,26.,52.767949192431));
#1361 = VERTEX_POINT('',#1362);
#1362 = CARTESIAN_POINT('',(12.,27.,54.5));
#1363 = LINE('',#1364,#1365);
#1364 = CARTESIAN_POINT('',(12.,26.,52.767949192431));
#1365 = VECTOR('',#1366,1.);
#1366 = DIRECTION('',(0.,0.5,0.866025403784));
#1367 = ORIENTED_EDGE('',*,*,#1368,.F.);
#1368 = EDGE_CURVE('',#1369,#1359,#1371,.T.);
#1369 = VERTEX_POINT('',#1370);
#1370 = CARTESIAN_POINT('',(12.,24.,52.767949192431));
#1371 = LINE('',#1372,#1373);
#1372 = CARTESIAN_POINT('',(12.,24.,52.767949192431));
#1373 = VECTOR('',#1374,1.);
#1374 = DIRECTION('',(0.,1.,0.));
#1375 = ORIENTED_EDGE('',*,*,#1376,.F.);
#1376 = EDGE_CURVE('',#1377,#1369,#1379,.T.);
#1377 = VERTEX_POINT('',#1378);
#1378 = CARTESIAN_POINT('',(12.,23.,54.5));
#1379 = LINE('',#1380,#1381);
#1380 = CARTESIAN_POINT('',(12.,23.,54.5));
#1381 = VECTOR('',#1382,1.);
#1382 = DIRECTION('',(0.,0.5,-0.866025403784));
#1383 = ORIENTED_EDGE('',*,*,#1384,.F.);
#1384 = EDGE_CURVE('',#1385,#1377,#1387,.T.);
#1385 = VERTEX_POINT('',#1386);
#1386 = CARTESIAN_POINT('',(12.,24.,56.232050807569));
#1387 = LINE('',#1388,#1389);
#1388 = CARTESIAN_POINT('',(12.,24.,56.232050807569));
#1389 = VECTOR('',#1390,1.);
#1390 = DIRECTION('',(0.,-0.5,-0.866025403784));
#1391 = ORIENTED_EDGE('',*,*,#1392,.F.);
#1392 = EDGE_CURVE('',#1393,#1385,#1395,.T.);
#1393 = VERTEX_POINT('',#1394);
#1394 = CARTESIAN_POINT('',(12.,26.,56.232050807569));
#1395 = LINE('',#1396,#1397);
#1396 = CARTESIAN_POINT('',(12.,26.,56.232050807569));
#1397 = VECTOR('',#1398,1.);
#1398 = DIRECTION('',(0.,-1.,0.));
#1399 = ORIENTED_EDGE('',*,*,#1400,.F.);
#1400 = EDGE_CURVE('',#1361,#1393,#1401,.T.);
#1401 = LINE('',#1402,#1403);
#1402 = CARTESIAN_POINT('',(12.,27.,54.5));
#1403 = VECTOR('',#1404,1.);
#1404 = DIRECTION('',(0.,-0.5,0.866025403784));
#1405 = PLANE('',#1406);
#1406 = AXIS2_PLACEMENT_3D('',#1407,#1408,#1409);
#1407 = CARTESIAN_POINT('',(12.,25.,54.5));
#1408 = DIRECTION('',(1.,0.,0.));
#1409 = DIRECTION('',(-0.,0.,1.));
#1410 = ADVANCED_FACE('',(#1411),#1436,.T.);
#1411 = FACE_BOUND('',#1412,.T.);
#1412 = EDGE_LOOP('',(#1413,#1421,#1429,#1435));
#1413 = ORIENTED_EDGE('',*,*,#1414,.T.);
#1414 = EDGE_CURVE('',#1361,#1415,#1417,.T.);
#1415 = VERTEX_POINT('',#1416);
#1416 = CARTESIAN_POINT('',(13.1,27.,54.5));
#1417 = LINE('',#1418,#1419);
#1418 = CARTESIAN_POINT('',(12.,27.,54.5));
#1419 = VECTOR('',#1420,1.);
#1420 = DIRECTION('',(1.,0.,0.));
#1421 = ORIENTED_EDGE('',*,*,#1422,.T.);
#1422 = EDGE_CURVE('',#1415,#1423,#1425,.T.);
#1423 = VERTEX_POINT('',#1424);
#1424 = CARTESIAN_POINT('',(13.1,26.,56.232050807569));
#1425 = LINE('',#1426,#1427);
#1426 = CARTESIAN_POINT('',(13.1,27.,54.5));
#1427 = VECTOR('',#1428,1.);
#1428 = DIRECTION('',(0.,-0.5,0.866025403784));
#1429 = ORIENTED_EDGE('',*,*,#1430,.F.);
#1430 = EDGE_CURVE('',#1393,#1423,#1431,.T.);
#1431 = LINE('',#1432,#1433);
#1432 = CARTESIAN_POINT('',(12.,26.,56.232050807569));
#1433 = VECTOR('',#1434,1.);
#1434 = DIRECTION('',(1.,0.,0.));
#1435 = ORIENTED_EDGE('',*,*,#1400,.F.);
#1436 = PLANE('',#1437);
#1437 = AXIS2_PLACEMENT_3D('',#1438,#1439,#1440);
#1438 = CARTESIAN_POINT('',(12.,27.,54.5));
#1439 = DIRECTION('',(0.,-0.866025403784,-0.5));
#1440 = DIRECTION('',(0.,-0.5,0.866025403784));
#1441 = ADVANCED_FACE('',(#1442),#1460,.T.);
#1442 = FACE_BOUND('',#1443,.T.);
#1443 = EDGE_LOOP('',(#1444,#1445,#1453,#1459));
#1444 = ORIENTED_EDGE('',*,*,#1430,.T.);
#1445 = ORIENTED_EDGE('',*,*,#1446,.T.);
#1446 = EDGE_CURVE('',#1423,#1447,#1449,.T.);
#1447 = VERTEX_POINT('',#1448);
#1448 = CARTESIAN_POINT('',(13.1,24.,56.232050807569));
#1449 = LINE('',#1450,#1451);
#1450 = CARTESIAN_POINT('',(13.1,26.,56.232050807569));
#1451 = VECTOR('',#1452,1.);
#1452 = DIRECTION('',(0.,-1.,0.));
#1453 = ORIENTED_EDGE('',*,*,#1454,.F.);
#1454 = EDGE_CURVE('',#1385,#1447,#1455,.T.);
#1455 = LINE('',#1456,#1457);
#1456 = CARTESIAN_POINT('',(12.,24.,56.232050807569));
#1457 = VECTOR('',#1458,1.);
#1458 = DIRECTION('',(1.,0.,0.));
#1459 = ORIENTED_EDGE('',*,*,#1392,.F.);
#1460 = PLANE('',#1461);
#1461 = AXIS2_PLACEMENT_3D('',#1462,#1463,#1464);
#1462 = CARTESIAN_POINT('',(12.,26.,56.232050807569));
#1463 = DIRECTION('',(0.,0.,-1.));
#1464 = DIRECTION('',(0.,-1.,0.));
#1465 = ADVANCED_FACE('',(#1466),#1484,.T.);
#1466 = FACE_BOUND('',#1467,.T.);
#1467 = EDGE_LOOP('',(#1468,#1469,#1477,#1483));
#1468 = ORIENTED_EDGE('',*,*,#1454,.T.);
#1469 = ORIENTED_EDGE('',*,*,#1470,.T.);
#1470 = EDGE_CURVE('',#1447,#1471,#1473,.T.);
#1471 = VERTEX_POINT('',#1472);
#1472 = CARTESIAN_POINT('',(13.1,23.,54.5));
#1473 = LINE('',#1474,#1475);
#1474 = CARTESIAN_POINT('',(13.1,24.,56.232050807569));
#1475 = VECTOR('',#1476,1.);
#1476 = DIRECTION('',(0.,-0.5,-0.866025403784));
#1477 = ORIENTED_EDGE('',*,*,#1478,.F.);
#1478 = EDGE_CURVE('',#1377,#1471,#1479,.T.);
#1479 = LINE('',#1480,#1481);
#1480 = CARTESIAN_POINT('',(12.,23.,54.5));
#1481 = VECTOR('',#1482,1.);
#1482 = DIRECTION('',(1.,0.,0.));
#1483 = ORIENTED_EDGE('',*,*,#1384,.F.);
#1484 = PLANE('',#1485);
#1485 = AXIS2_PLACEMENT_3D('',#1486,#1487,#1488);
#1486 = CARTESIAN_POINT('',(12.,24.,56.232050807569));
#1487 = DIRECTION('',(0.,0.866025403784,-0.5));
#1488 = DIRECTION('',(0.,-0.5,-0.866025403784));
#1489 = ADVANCED_FACE('',(#1490),#1508,.T.);
#1490 = FACE_BOUND('',#1491,.T.);
#1491 = EDGE_LOOP('',(#1492,#1493,#1501,#1507));
#1492 = ORIENTED_EDGE('',*,*,#1478,.T.);
#1493 = ORIENTED_EDGE('',*,*,#1494,.T.);
#1494 = EDGE_CURVE('',#1471,#1495,#1497,.T.);
#1495 = VERTEX_POINT('',#1496);
#1496 = CARTESIAN_POINT('',(13.1,24.,52.767949192431));
#1497 = LINE('',#1498,#1499);
#1498 = CARTESIAN_POINT('',(13.1,23.,54.5));
#1499 = VECTOR('',#1500,1.);
#1500 = DIRECTION('',(0.,0.5,-0.866025403784));
#1501 = ORIENTED_EDGE('',*,*,#1502,.F.);
#1502 = EDGE_CURVE('',#1369,#1495,#1503,.T.);
#1503 = LINE('',#1504,#1505);
#1504 = CARTESIAN_POINT('',(12.,24.,52.767949192431));
#1505 = VECTOR('',#1506,1.);
#1506 = DIRECTION('',(1.,0.,0.));
#1507 = ORIENTED_EDGE('',*,*,#1376,.F.);
#1508 = PLANE('',#1509);
#1509 = AXIS2_PLACEMENT_3D('',#1510,#1511,#1512);
#1510 = CARTESIAN_POINT('',(12.,23.,54.5));
#1511 = DIRECTION('',(-0.,0.866025403784,0.5));
#1512 = DIRECTION('',(0.,0.5,-0.866025403784));
#1513 = ADVANCED_FACE('',(#1514),#1532,.T.);
#1514 = FACE_BOUND('',#1515,.T.);
#1515 = EDGE_LOOP('',(#1516,#1517,#1525,#1531));
#1516 = ORIENTED_EDGE('',*,*,#1502,.T.);
#1517 = ORIENTED_EDGE('',*,*,#1518,.T.);
#1518 = EDGE_CURVE('',#1495,#1519,#1521,.T.);
#1519 = VERTEX_POINT('',#1520);
#1520 = CARTESIAN_POINT('',(13.1,26.,52.767949192431));
#1521 = LINE('',#1522,#1523);
#1522 = CARTESIAN_POINT('',(13.1,24.,52.767949192431));
#1523 = VECTOR('',#1524,1.);
#1524 = DIRECTION('',(0.,1.,0.));
#1525 = ORIENTED_EDGE('',*,*,#1526,.F.);
#1526 = EDGE_CURVE('',#1359,#1519,#1527,.T.);
#1527 = LINE('',#1528,#1529);
#1528 = CARTESIAN_POINT('',(12.,26.,52.767949192431));
#1529 = VECTOR('',#1530,1.);
#1530 = DIRECTION('',(1.,0.,0.));
#1531 = ORIENTED_EDGE('',*,*,#1368,.F.);
#1532 = PLANE('',#1533);
#1533 = AXIS2_PLACEMENT_3D('',#1534,#1535,#1536);
#1534 = CARTESIAN_POINT('',(12.,24.,52.767949192431));
#1535 = DIRECTION('',(0.,0.,1.));
#1536 = DIRECTION('',(0.,1.,0.));
#1537 = ADVANCED_FACE('',(#1538),#1549,.T.);
#1538 = FACE_BOUND('',#1539,.T.);
#1539 = EDGE_LOOP('',(#1540,#1541,#1547,#1548));
#1540 = ORIENTED_EDGE('',*,*,#1526,.T.);
#1541 = ORIENTED_EDGE('',*,*,#1542,.T.);
#1542 = EDGE_CURVE('',#1519,#1415,#1543,.T.);
#1543 = LINE('',#1544,#1545);
#1544 = CARTESIAN_POINT('',(13.1,26.,52.767949192431));
#1545 = VECTOR('',#1546,1.);
#1546 = DIRECTION('',(0.,0.5,0.866025403784));
#1547 = ORIENTED_EDGE('',*,*,#1414,.F.);
#1548 = ORIENTED_EDGE('',*,*,#1358,.F.);
#1549 = PLANE('',#1550);
#1550 = AXIS2_PLACEMENT_3D('',#1551,#1552,#1553);
#1551 = CARTESIAN_POINT('',(12.,26.,52.767949192431));
#1552 = DIRECTION('',(0.,-0.866025403784,0.5));
#1553 = DIRECTION('',(0.,0.5,0.866025403784));
#1554 = ADVANCED_FACE('',(#1555),#1563,.F.);
#1555 = FACE_BOUND('',#1556,.F.);
#1556 = EDGE_LOOP('',(#1557,#1558,#1559,#1560,#1561,#1562));
#1557 = ORIENTED_EDGE('',*,*,#1422,.T.);
#1558 = ORIENTED_EDGE('',*,*,#1446,.T.);
#1559 = ORIENTED_EDGE('',*,*,#1470,.T.);
#1560 = ORIENTED_EDGE('',*,*,#1494,.T.);
#1561 = ORIENTED_EDGE('',*,*,#1518,.T.);
#1562 = ORIENTED_EDGE('',*,*,#1542,.T.);
#1563 = PLANE('',#1564);
#1564 = AXIS2_PLACEMENT_3D('',#1565,#1566,#1567);
#1565 = CARTESIAN_POINT('',(13.1,25.,54.5));
#1566 = DIRECTION('',(1.,0.,0.));
#1567 = DIRECTION('',(-0.,0.,1.));
#1568 = ( GEOMETRIC_REPRESENTATION_CONTEXT(3) 
GLOBAL_UNCERTAINTY_ASSIGNED_CONTEXT((#1572)) 
GLOBAL_UNIT_ASSIGNED_CONTEXT((#1569,#1570,#1571)) REPRESENTATION_CONTEXT
('Context #1','3D Context with UNIT and UNCERTAINTY') );
#1569 = ( LENGTH_UNIT() NAMED_UNIT(*) SI_UNIT(.MILLI.,.METRE.) );
#1570 = ( NAMED_UNIT(*) PLANE_ANGLE_UNIT() SI_UNIT($,.RADIAN.) );
#1571 = ( NAMED_UNIT(*) SI_UNIT($,.STERADIAN.) SOLID_ANGLE_UNIT() );
#1572 = UNCERTAINTY_MEASURE_WITH_UNIT(LENGTH_MEASURE(1.E-07),#1569,
  'distance_accuracy_value','confusion accuracy');
#1573 = CONTEXT_DEPENDENT_SHAPE_REPRESENTATION(#1574,#1576);
#1574 = ( REPRESENTATION_RELATIONSHIP('','',#1261,#231) 
REPRESENTATION_RELATIONSHIP_WITH_TRANSFORMATION(#1575) 
SHAPE_REPRESENTATION_RELATIONSHIP() );
#1575 = ITEM_DEFINED_TRANSFORMATION('','',#11,#244);
#1576 = PRODUCT_DEFINITION_SHAPE('Placement','Placement of an item',
  #1577);
#1577 = NEXT_ASSEMBLY_USAGE_OCCURRENCE('7',
  'M5 | Innensechskantschraube003','',#226,#1256,$);
#1578 = PRODUCT_RELATED_PRODUCT_CATEGORY('part',$,(#1258));
#1579 = SHAPE_DEFINITION_REPRESENTATION(#1580,#1586);
#1580 = PRODUCT_DEFINITION_SHAPE('','',#1581);
#1581 = PRODUCT_DEFINITION('design','',#1582,#1585);
#1582 = PRODUCT_DEFINITION_FORMATION('','',#1583);
#1583 = PRODUCT('07 | Bronzemutter (Gewinde vereinfacht)',
  '07 | Bronzemutter (Gewinde vereinfacht)','',(#1584));
#1584 = PRODUCT_CONTEXT('',#2,'mechanical');
#1585 = PRODUCT_DEFINITION_CONTEXT('part definition',#2,'design');
#1586 = ADVANCED_BREP_SHAPE_REPRESENTATION('',(#11,#1587),#1679);
#1587 = MANIFOLD_SOLID_BREP('',#1588);
#1588 = CLOSED_SHELL('',(#1589,#1622,#1642,#1662));
#1589 = ADVANCED_FACE('',(#1590),#1617,.T.);
#1590 = FACE_BOUND('',#1591,.T.);
#1591 = EDGE_LOOP('',(#1592,#1601,#1609,#1616));
#1592 = ORIENTED_EDGE('',*,*,#1593,.F.);
#1593 = EDGE_CURVE('',#1594,#1594,#1596,.T.);
#1594 = VERTEX_POINT('',#1595);
#1595 = CARTESIAN_POINT('',(47.,1.959434878636E-15,36.));
#1596 = CIRCLE('',#1597,8.);
#1597 = AXIS2_PLACEMENT_3D('',#1598,#1599,#1600);
#1598 = CARTESIAN_POINT('',(47.,0.,28.));
#1599 = DIRECTION('',(1.,0.,0.));
#1600 = DIRECTION('',(-0.,0.,1.));
#1601 = ORIENTED_EDGE('',*,*,#1602,.F.);
#1602 = EDGE_CURVE('',#1603,#1594,#1605,.T.);
#1603 = VERTEX_POINT('',#1604);
#1604 = CARTESIAN_POINT('',(18.,1.959434878636E-15,36.));
#1605 = LINE('',#1606,#1607);
#1606 = CARTESIAN_POINT('',(18.,1.959434878636E-15,36.));
#1607 = VECTOR('',#1608,1.);
#1608 = DIRECTION('',(1.,0.,0.));
#1609 = ORIENTED_EDGE('',*,*,#1610,.T.);
#1610 = EDGE_CURVE('',#1603,#1603,#1611,.T.);
#1611 = CIRCLE('',#1612,8.);
#1612 = AXIS2_PLACEMENT_3D('',#1613,#1614,#1615);
#1613 = CARTESIAN_POINT('',(18.,0.,28.));
#1614 = DIRECTION('',(1.,0.,0.));
#1615 = DIRECTION('',(-0.,0.,1.));
#1616 = ORIENTED_EDGE('',*,*,#1602,.T.);
#1617 = CYLINDRICAL_SURFACE('',#1618,8.);
#1618 = AXIS2_PLACEMENT_3D('',#1619,#1620,#1621);
#1619 = CARTESIAN_POINT('',(18.,0.,28.));
#1620 = DIRECTION('',(1.,0.,0.));
#1621 = DIRECTION('',(-0.,0.,1.));
#1622 = ADVANCED_FACE('',(#1623,#1626),#1637,.T.);
#1623 = FACE_BOUND('',#1624,.T.);
#1624 = EDGE_LOOP('',(#1625));
#1625 = ORIENTED_EDGE('',*,*,#1593,.T.);
#1626 = FACE_BOUND('',#1627,.T.);
#1627 = EDGE_LOOP('',(#1628));
#1628 = ORIENTED_EDGE('',*,*,#1629,.F.);
#1629 = EDGE_CURVE('',#1630,#1630,#1632,.T.);
#1630 = VERTEX_POINT('',#1631);
#1631 = CARTESIAN_POINT('',(47.,1.592040838892E-15,34.5));
#1632 = CIRCLE('',#1633,6.5);
#1633 = AXIS2_PLACEMENT_3D('',#1634,#1635,#1636);
#1634 = CARTESIAN_POINT('',(47.,0.,28.));
#1635 = DIRECTION('',(1.,0.,0.));
#1636 = DIRECTION('',(-0.,0.,1.));
#1637 = PLANE('',#1638);
#1638 = AXIS2_PLACEMENT_3D('',#1639,#1640,#1641);
#1639 = CARTESIAN_POINT('',(47.,0.,28.));
#1640 = DIRECTION('',(1.,0.,0.));
#1641 = DIRECTION('',(-0.,0.,1.));
#1642 = ADVANCED_FACE('',(#1643,#1646),#1657,.F.);
#1643 = FACE_BOUND('',#1644,.F.);
#1644 = EDGE_LOOP('',(#1645));
#1645 = ORIENTED_EDGE('',*,*,#1610,.T.);
#1646 = FACE_BOUND('',#1647,.F.);
#1647 = EDGE_LOOP('',(#1648));
#1648 = ORIENTED_EDGE('',*,*,#1649,.F.);
#1649 = EDGE_CURVE('',#1650,#1650,#1652,.T.);
#1650 = VERTEX_POINT('',#1651);
#1651 = CARTESIAN_POINT('',(18.,1.592040838892E-15,34.5));
#1652 = CIRCLE('',#1653,6.5);
#1653 = AXIS2_PLACEMENT_3D('',#1654,#1655,#1656);
#1654 = CARTESIAN_POINT('',(18.,0.,28.));
#1655 = DIRECTION('',(1.,0.,0.));
#1656 = DIRECTION('',(-0.,0.,1.));
#1657 = PLANE('',#1658);
#1658 = AXIS2_PLACEMENT_3D('',#1659,#1660,#1661);
#1659 = CARTESIAN_POINT('',(18.,0.,28.));
#1660 = DIRECTION('',(1.,0.,0.));
#1661 = DIRECTION('',(-0.,0.,1.));
#1662 = ADVANCED_FACE('',(#1663),#1674,.F.);
#1663 = FACE_BOUND('',#1664,.F.);
#1664 = EDGE_LOOP('',(#1665,#1666,#1672,#1673));
#1665 = ORIENTED_EDGE('',*,*,#1629,.F.);
#1666 = ORIENTED_EDGE('',*,*,#1667,.F.);
#1667 = EDGE_CURVE('',#1650,#1630,#1668,.T.);
#1668 = LINE('',#1669,#1670);
#1669 = CARTESIAN_POINT('',(18.,1.592040838892E-15,34.5));
#1670 = VECTOR('',#1671,1.);
#1671 = DIRECTION('',(1.,0.,0.));
#1672 = ORIENTED_EDGE('',*,*,#1649,.T.);
#1673 = ORIENTED_EDGE('',*,*,#1667,.T.);
#1674 = CYLINDRICAL_SURFACE('',#1675,6.5);
#1675 = AXIS2_PLACEMENT_3D('',#1676,#1677,#1678);
#1676 = CARTESIAN_POINT('',(18.,0.,28.));
#1677 = DIRECTION('',(1.,0.,0.));
#1678 = DIRECTION('',(-0.,0.,1.));
#1679 = ( GEOMETRIC_REPRESENTATION_CONTEXT(3) 
GLOBAL_UNCERTAINTY_ASSIGNED_CONTEXT((#1683)) 
GLOBAL_UNIT_ASSIGNED_CONTEXT((#1680,#1681,#1682)) REPRESENTATION_CONTEXT
('Context #1','3D Context with UNIT and UNCERTAINTY') );
#1680 = ( LENGTH_UNIT() NAMED_UNIT(*) SI_UNIT(.MILLI.,.METRE.) );
#1681 = ( NAMED_UNIT(*) PLANE_ANGLE_UNIT() SI_UNIT($,.RADIAN.) );
#1682 = ( NAMED_UNIT(*) SI_UNIT($,.STERADIAN.) SOLID_ANGLE_UNIT() );
#1683 = UNCERTAINTY_MEASURE_WITH_UNIT(LENGTH_MEASURE(1.E-07),#1680,
  'distance_accuracy_value','confusion accuracy');
#1684 = CONTEXT_DEPENDENT_SHAPE_REPRESENTATION(#1685,#1687);
#1685 = ( REPRESENTATION_RELATIONSHIP('','',#1586,#231) 
REPRESENTATION_RELATIONSHIP_WITH_TRANSFORMATION(#1686) 
SHAPE_REPRESENTATION_RELATIONSHIP() );
#1686 = ITEM_DEFINED_TRANSFORMATION('','',#11,#248);
#1687 = PRODUCT_DEFINITION_SHAPE('Placement','Placement of an item',
  #1688);
#1688 = NEXT_ASSEMBLY_USAGE_OCCURRENCE('8',
  '07 | Bronzemutter (Gewinde vereinfacht)','',#226,#1581,$);
#1689 = PRODUCT_RELATED_PRODUCT_CATEGORY('part',$,(#1583));
#1690 = SHAPE_DEFINITION_REPRESENTATION(#1691,#1697);
#1691 = PRODUCT_DEFINITION_SHAPE('','',#1692);
#1692 = PRODUCT_DEFINITION('design','',#1693,#1696);
#1693 = PRODUCT_DEFINITION_FORMATION('','',#1694);
#1694 = PRODUCT('08 | Anlaufring','08 | Anlaufring','',(#1695));
#1695 = PRODUCT_CONTEXT('',#2,'mechanical');
#1696 = PRODUCT_DEFINITION_CONTEXT('part definition',#2,'design');
#1697 = ADVANCED_BREP_SHAPE_REPRESENTATION('',(#11,#1698),#1790);
#1698 = MANIFOLD_SOLID_BREP('',#1699);
#1699 = CLOSED_SHELL('',(#1700,#1733,#1753,#1773));
#1700 = ADVANCED_FACE('',(#1701),#1728,.T.);
#1701 = FACE_BOUND('',#1702,.T.);
#1702 = EDGE_LOOP('',(#1703,#1712,#1720,#1727));
#1703 = ORIENTED_EDGE('',*,*,#1704,.F.);
#1704 = EDGE_CURVE('',#1705,#1705,#1707,.T.);
#1705 = VERTEX_POINT('',#1706);
#1706 = CARTESIAN_POINT('',(91.,2.204364238465E-15,37.));
#1707 = CIRCLE('',#1708,9.);
#1708 = AXIS2_PLACEMENT_3D('',#1709,#1710,#1711);
#1709 = CARTESIAN_POINT('',(91.,0.,28.));
#1710 = DIRECTION('',(1.,0.,0.));
#1711 = DIRECTION('',(-0.,0.,1.));
#1712 = ORIENTED_EDGE('',*,*,#1713,.F.);
#1713 = EDGE_CURVE('',#1714,#1705,#1716,.T.);
#1714 = VERTEX_POINT('',#1715);
#1715 = CARTESIAN_POINT('',(83.,2.204364238465E-15,37.));
#1716 = LINE('',#1717,#1718);
#1717 = CARTESIAN_POINT('',(83.,2.204364238465E-15,37.));
#1718 = VECTOR('',#1719,1.);
#1719 = DIRECTION('',(1.,0.,0.));
#1720 = ORIENTED_EDGE('',*,*,#1721,.T.);
#1721 = EDGE_CURVE('',#1714,#1714,#1722,.T.);
#1722 = CIRCLE('',#1723,9.);
#1723 = AXIS2_PLACEMENT_3D('',#1724,#1725,#1726);
#1724 = CARTESIAN_POINT('',(83.,0.,28.));
#1725 = DIRECTION('',(1.,0.,0.));
#1726 = DIRECTION('',(-0.,0.,1.));
#1727 = ORIENTED_EDGE('',*,*,#1713,.T.);
#1728 = CYLINDRICAL_SURFACE('',#1729,9.);
#1729 = AXIS2_PLACEMENT_3D('',#1730,#1731,#1732);
#1730 = CARTESIAN_POINT('',(83.,0.,28.));
#1731 = DIRECTION('',(1.,0.,0.));
#1732 = DIRECTION('',(-0.,0.,1.));
#1733 = ADVANCED_FACE('',(#1734,#1737),#1748,.T.);
#1734 = FACE_BOUND('',#1735,.T.);
#1735 = EDGE_LOOP('',(#1736));
#1736 = ORIENTED_EDGE('',*,*,#1704,.T.);
#1737 = FACE_BOUND('',#1738,.T.);
#1738 = EDGE_LOOP('',(#1739));
#1739 = ORIENTED_EDGE('',*,*,#1740,.F.);
#1740 = EDGE_CURVE('',#1741,#1741,#1743,.T.);
#1741 = VERTEX_POINT('',#1742);
#1742 = CARTESIAN_POINT('',(91.,1.298125607096E-15,33.3));
#1743 = CIRCLE('',#1744,5.3);
#1744 = AXIS2_PLACEMENT_3D('',#1745,#1746,#1747);
#1745 = CARTESIAN_POINT('',(91.,0.,28.));
#1746 = DIRECTION('',(1.,0.,0.));
#1747 = DIRECTION('',(-0.,0.,1.));
#1748 = PLANE('',#1749);
#1749 = AXIS2_PLACEMENT_3D('',#1750,#1751,#1752);
#1750 = CARTESIAN_POINT('',(91.,0.,28.));
#1751 = DIRECTION('',(1.,0.,0.));
#1752 = DIRECTION('',(-0.,0.,1.));
#1753 = ADVANCED_FACE('',(#1754,#1757),#1768,.F.);
#1754 = FACE_BOUND('',#1755,.F.);
#1755 = EDGE_LOOP('',(#1756));
#1756 = ORIENTED_EDGE('',*,*,#1721,.T.);
#1757 = FACE_BOUND('',#1758,.F.);
#1758 = EDGE_LOOP('',(#1759));
#1759 = ORIENTED_EDGE('',*,*,#1760,.F.);
#1760 = EDGE_CURVE('',#1761,#1761,#1763,.T.);
#1761 = VERTEX_POINT('',#1762);
#1762 = CARTESIAN_POINT('',(83.,1.298125607096E-15,33.3));
#1763 = CIRCLE('',#1764,5.3);
#1764 = AXIS2_PLACEMENT_3D('',#1765,#1766,#1767);
#1765 = CARTESIAN_POINT('',(83.,0.,28.));
#1766 = DIRECTION('',(1.,0.,0.));
#1767 = DIRECTION('',(-0.,0.,1.));
#1768 = PLANE('',#1769);
#1769 = AXIS2_PLACEMENT_3D('',#1770,#1771,#1772);
#1770 = CARTESIAN_POINT('',(83.,0.,28.));
#1771 = DIRECTION('',(1.,0.,0.));
#1772 = DIRECTION('',(-0.,0.,1.));
#1773 = ADVANCED_FACE('',(#1774),#1785,.F.);
#1774 = FACE_BOUND('',#1775,.F.);
#1775 = EDGE_LOOP('',(#1776,#1777,#1783,#1784));
#1776 = ORIENTED_EDGE('',*,*,#1740,.F.);
#1777 = ORIENTED_EDGE('',*,*,#1778,.F.);
#1778 = EDGE_CURVE('',#1761,#1741,#1779,.T.);
#1779 = LINE('',#1780,#1781);
#1780 = CARTESIAN_POINT('',(83.,1.298125607096E-15,33.3));
#1781 = VECTOR('',#1782,1.);
#1782 = DIRECTION('',(1.,0.,0.));
#1783 = ORIENTED_EDGE('',*,*,#1760,.T.);
#1784 = ORIENTED_EDGE('',*,*,#1778,.T.);
#1785 = CYLINDRICAL_SURFACE('',#1786,5.3);
#1786 = AXIS2_PLACEMENT_3D('',#1787,#1788,#1789);
#1787 = CARTESIAN_POINT('',(83.,0.,28.));
#1788 = DIRECTION('',(1.,0.,0.));
#1789 = DIRECTION('',(-0.,0.,1.));
#1790 = ( GEOMETRIC_REPRESENTATION_CONTEXT(3) 
GLOBAL_UNCERTAINTY_ASSIGNED_CONTEXT((#1794)) 
GLOBAL_UNIT_ASSIGNED_CONTEXT((#1791,#1792,#1793)) REPRESENTATION_CONTEXT
('Context #1','3D Context with UNIT and UNCERTAINTY') );
#1791 = ( LENGTH_UNIT() NAMED_UNIT(*) SI_UNIT(.MILLI.,.METRE.) );
#1792 = ( NAMED_UNIT(*) PLANE_ANGLE_UNIT() SI_UNIT($,.RADIAN.) );
#1793 = ( NAMED_UNIT(*) SI_UNIT($,.STERADIAN.) SOLID_ANGLE_UNIT() );
#1794 = UNCERTAINTY_MEASURE_WITH_UNIT(LENGTH_MEASURE(1.E-07),#1791,
  'distance_accuracy_value','confusion accuracy');
#1795 = CONTEXT_DEPENDENT_SHAPE_REPRESENTATION(#1796,#1798);
#1796 = ( REPRESENTATION_RELATIONSHIP('','',#1697,#231) 
REPRESENTATION_RELATIONSHIP_WITH_TRANSFORMATION(#1797) 
SHAPE_REPRESENTATION_RELATIONSHIP() );
#1797 = ITEM_DEFINED_TRANSFORMATION('','',#11,#252);
#1798 = PRODUCT_DEFINITION_SHAPE('Placement','Placement of an item',
  #1799);
#1799 = NEXT_ASSEMBLY_USAGE_OCCURRENCE('9','08 | Anlaufring','',#226,
  #1692,$);
#1800 = PRODUCT_RELATED_PRODUCT_CATEGORY('part',$,(#1694));
#1801 = SHAPE_DEFINITION_REPRESENTATION(#1802,#1808);
#1802 = PRODUCT_DEFINITION_SHAPE('','',#1803);
#1803 = PRODUCT_DEFINITION('design','',#1804,#1807);
#1804 = PRODUCT_DEFINITION_FORMATION('','',#1805);
#1805 = PRODUCT('09 | Spindel mit modellierter Gewindehelix',
  '09 | Spindel mit modellierter Gewindehelix','',(#1806));
#1806 = PRODUCT_CONTEXT('',#2,'mechanical');
#1807 = PRODUCT_DEFINITION_CONTEXT('part definition',#2,'design');
#1808 = ADVANCED_BREP_SHAPE_REPRESENTATION('',(#11,#1809),#7309);
#1809 = MANIFOLD_SOLID_BREP('',#1810);
#1810 = CLOSED_SHELL('',(#1811,#1939,#4019,#4077,#6154,#6170,#6179,#6829
    ,#6846,#6863,#6880,#6897,#6914,#6931,#6948,#6965,#6982,#6999,#7016,
    #7033,#7050,#7067,#7084,#7101,#7118,#7135,#7152,#7169,#7186,#7203,
    #7220,#7237,#7254,#7288,#7300));
#1811 = ADVANCED_FACE('',(#1812),#1934,.T.);
#1812 = FACE_BOUND('',#1813,.T.);
#1813 = EDGE_LOOP('',(#1814,#1824,#1831,#1832,#1857,#1865,#1886,#1894));
#1814 = ORIENTED_EDGE('',*,*,#1815,.T.);
#1815 = EDGE_CURVE('',#1816,#1818,#1820,.T.);
#1816 = VERTEX_POINT('',#1817);
#1817 = CARTESIAN_POINT('',(61.257682024758,1.273632671113E-15,33.2));
#1818 = VERTEX_POINT('',#1819);
#1819 = CARTESIAN_POINT('',(104.,1.273632671113E-15,33.2));
#1820 = LINE('',#1821,#1822);
#1821 = CARTESIAN_POINT('',(-38.,1.273632671113E-15,33.2));
#1822 = VECTOR('',#1823,1.);
#1823 = DIRECTION('',(1.,0.,0.));
#1824 = ORIENTED_EDGE('',*,*,#1825,.F.);
#1825 = EDGE_CURVE('',#1818,#1818,#1826,.T.);
#1826 = CIRCLE('',#1827,5.2);
#1827 = AXIS2_PLACEMENT_3D('',#1828,#1829,#1830);
#1828 = CARTESIAN_POINT('',(104.,0.,28.));
#1829 = DIRECTION('',(1.,0.,0.));
#1830 = DIRECTION('',(-0.,0.,1.));
#1831 = ORIENTED_EDGE('',*,*,#1815,.F.);
#1832 = ORIENTED_EDGE('',*,*,#1833,.T.);
#1833 = EDGE_CURVE('',#1816,#1834,#1836,.T.);
#1834 = VERTEX_POINT('',#1835);
#1835 = CARTESIAN_POINT('',(63.007659767609,1.361080505415E-06,22.8));
#1836 = B_SPLINE_CURVE_WITH_KNOTS('',7,(#1837,#1838,#1839,#1840,#1841,
    #1842,#1843,#1844,#1845,#1846,#1847,#1848,#1849,#1850,#1851,#1852,
    #1853,#1854,#1855,#1856),.UNSPECIFIED.,.F.,.F.,(8,6,6,8),(0.,
    0.306476068537,0.67539574886,1.),.UNSPECIFIED.);
#1837 = CARTESIAN_POINT('',(61.257682024758,2.39808173319E-14,33.2));
#1838 = CARTESIAN_POINT('',(61.334230274814,-0.714607802119,33.2));
#1839 = CARTESIAN_POINT('',(61.410826617658,-1.430516016967,
    33.085171109474));
#1840 = CARTESIAN_POINT('',(61.487463541418,-2.123493360191,
    32.855827148464));
#1841 = CARTESIAN_POINT('',(61.564123046412,-2.771767787837,
    32.517185730273));
#1842 = CARTESIAN_POINT('',(61.640776645153,-3.356026496354,
    32.079368261464));
#1843 = CARTESIAN_POINT('',(61.717385362341,-3.85941592259,
    31.557399941863));
#1844 = CARTESIAN_POINT('',(61.886003689309,-4.758822019636,
    30.265585035505));
#1845 = CARTESIAN_POINT('',(61.978416043031,-5.115660077132,
    29.462608845431));
#1846 = CARTESIAN_POINT('',(62.070602735439,-5.311435224209,
    28.597896096638));
#1847 = CARTESIAN_POINT('',(62.162673451919,-5.337015333202,
    27.708942131844));
#1848 = CARTESIAN_POINT('',(62.254889491603,-5.191355898164,
    26.834271260344));
#1849 = CARTESIAN_POINT('',(62.347286309848,-4.881426043126,
    26.012213696016));
#1850 = CARTESIAN_POINT('',(62.520468975949,-4.035547634926,
    24.634445985011));
#1851 = CARTESIAN_POINT('',(62.601713868099,-3.529217723582,
    24.055293435369));
#1852 = CARTESIAN_POINT('',(62.682858330422,-2.926708417664,
    23.566946015033));
#1853 = CARTESIAN_POINT('',(62.764021510101,-2.248268054256,
    23.187179836826));
#1854 = CARTESIAN_POINT('',(62.845219810832,-1.516658291677,
    22.928708465179));
#1855 = CARTESIAN_POINT('',(62.926593322036,-0.757354754927,
    22.799999801765));
#1856 = CARTESIAN_POINT('',(63.007659767609,1.361080511408E-06,22.8));
#1857 = ORIENTED_EDGE('',*,*,#1858,.F.);
#1858 = EDGE_CURVE('',#1859,#1834,#1861,.T.);
#1859 = VERTEX_POINT('',#1860);
#1860 = CARTESIAN_POINT('',(60.992275149178,1.361264438838E-06,22.8));
#1861 = LINE('',#1862,#1863);
#1862 = CARTESIAN_POINT('',(-38.,1.370298728168E-06,22.8));
#1863 = VECTOR('',#1864,1.);
#1864 = DIRECTION('',(1.,0.,0.));
#1865 = ORIENTED_EDGE('',*,*,#1866,.F.);
#1866 = EDGE_CURVE('',#1867,#1859,#1869,.T.);
#1867 = VERTEX_POINT('',#1868);
#1868 = CARTESIAN_POINT('',(59.242310905862,1.273632671113E-15,33.2));
#1869 = B_SPLINE_CURVE_WITH_KNOTS('',8,(#1870,#1871,#1872,#1873,#1874,
    #1875,#1876,#1877,#1878,#1879,#1880,#1881,#1882,#1883,#1884,#1885),
  .UNSPECIFIED.,.F.,.F.,(9,7,9),(0.,0.561329374372,1.),.UNSPECIFIED.);
#1870 = CARTESIAN_POINT('',(59.242310905862,1.68753899743E-14,33.2));
#1871 = CARTESIAN_POINT('',(59.36475464988,-1.142974272996,33.2));
#1872 = CARTESIAN_POINT('',(59.488980226721,-2.303020037435,
    32.912719452941));
#1873 = CARTESIAN_POINT('',(59.611583232698,-3.361213334745,
    32.324661257495));
#1874 = CARTESIAN_POINT('',(59.734247432312,-4.250528682036,
    31.491467487699));
#1875 = CARTESIAN_POINT('',(59.857024715474,-4.89592158393,
    30.456753392714));
#1876 = CARTESIAN_POINT('',(59.979713115192,-5.267832995471,
    29.303101314074));
#1877 = CARTESIAN_POINT('',(60.10416037417,-5.322898883364,
    28.107336836851));
#1878 = CARTESIAN_POINT('',(60.322143440969,-4.926461324288,
    26.1113949132));
#1879 = CARTESIAN_POINT('',(60.418163075817,-4.580033893462,
    25.266291121289));
#1880 = CARTESIAN_POINT('',(60.513782463985,-4.068047411369,
    24.499025733319));
#1881 = CARTESIAN_POINT('',(60.609345931077,-3.413570928119,
    23.842865452818));
#1882 = CARTESIAN_POINT('',(60.704929070912,-2.642472480848,
    23.328048833574));
#1883 = CARTESIAN_POINT('',(60.80069018837,-1.789051749569,
    22.974793750983));
#1884 = CARTESIAN_POINT('',(60.89681883878,-0.891776506764,
    22.799999766549));
#1885 = CARTESIAN_POINT('',(60.992275149178,1.361264453159E-06,22.8));
#1886 = ORIENTED_EDGE('',*,*,#1887,.F.);
#1887 = EDGE_CURVE('',#1888,#1867,#1890,.T.);
#1888 = VERTEX_POINT('',#1889);
#1889 = CARTESIAN_POINT('',(57.757691067835,1.273632671113E-15,33.2));
#1890 = LINE('',#1891,#1892);
#1891 = CARTESIAN_POINT('',(-38.,1.273632671113E-15,33.2));
#1892 = VECTOR('',#1893,1.);
#1893 = DIRECTION('',(1.,0.,0.));
#1894 = ORIENTED_EDGE('',*,*,#1895,.T.);
#1895 = EDGE_CURVE('',#1888,#1816,#1896,.T.);
#1896 = B_SPLINE_CURVE_WITH_KNOTS('',8,(#1897,#1898,#1899,#1900,#1901,
    #1902,#1903,#1904,#1905,#1906,#1907,#1908,#1909,#1910,#1911,#1912,
    #1913,#1914,#1915,#1916,#1917,#1918,#1919,#1920,#1921,#1922,#1923,
    #1924,#1925,#1926,#1927,#1928,#1929,#1930,#1931,#1932,#1933),
  .UNSPECIFIED.,.F.,.F.,(9,7,7,7,7,9),(0.,0.188396933277,0.442703057743,
    0.656507797006,0.775807070833,1.),.UNSPECIFIED.);
#1897 = CARTESIAN_POINT('',(57.757691067835,-2.48689957516E-14,33.2));
#1898 = CARTESIAN_POINT('',(57.839952658599,-0.767933426878,33.2));
#1899 = CARTESIAN_POINT('',(57.922339605697,-1.538805246572,
    33.069475561312));
#1900 = CARTESIAN_POINT('',(58.004804294999,-2.283031315008,
    32.809429275699));
#1901 = CARTESIAN_POINT('',(58.087303779604,-2.974539804029,
    32.426041100154));
#1902 = CARTESIAN_POINT('',(58.169799779837,-3.590771201395,
    31.930668356901));
#1903 = CARTESIAN_POINT('',(58.252258683253,-4.112678310785,
    31.339845733394));
#1904 = CARTESIAN_POINT('',(58.334651544634,-4.524726251794,
    30.67528528232));
#1905 = CARTESIAN_POINT('',(58.528049526677,-5.206571042803,
    29.003586744175));
#1906 = CARTESIAN_POINT('',(58.640182126493,-5.382921177893,
    27.943547513254));
#1907 = CARTESIAN_POINT('',(58.751845509555,-5.307840262723,
    26.858962324584));
#1908 = CARTESIAN_POINT('',(58.862915740884,-4.984917985322,
    25.814002277843));
#1909 = CARTESIAN_POINT('',(58.97397658035,-4.435013799315,
    24.868536087488));
#1910 = CARTESIAN_POINT('',(59.085624363689,-3.688016595946,
    24.078549534212));
#1911 = CARTESIAN_POINT('',(59.197752510616,-2.788786573023,
    23.490254256985));
#1912 = CARTESIAN_POINT('',(59.402190633759,-1.000496537633,
    22.823229144502));
#1913 = CARTESIAN_POINT('',(59.496050378865,-0.121137484202,
    22.673565893087));
#1914 = CARTESIAN_POINT('',(59.58960074853,0.779895583614,
    22.696910513303));
#1915 = CARTESIAN_POINT('',(59.683073803028,1.662986527914,
    22.893417391725));
#1916 = CARTESIAN_POINT('',(59.776507734505,2.492242916236,
    23.254659343586));
#1917 = CARTESIAN_POINT('',(59.869981728113,3.233891861499,
    23.766094589022));
#1918 = CARTESIAN_POINT('',(59.963803787026,3.856265963935,
    24.404374474587));
#1919 = CARTESIAN_POINT('',(60.109234837729,4.605258539151,
    25.536668785109));
#1920 = CARTESIAN_POINT('',(60.161236710694,4.829739251326,25.9702060894
    ));
#1921 = CARTESIAN_POINT('',(60.21319714332,5.007348878897,
    26.426529933507));
#1922 = CARTESIAN_POINT('',(60.265151585063,5.135592999914,
    26.900028952598));
#1923 = CARTESIAN_POINT('',(60.317128214415,5.212667308369,
    27.384736931673));
#1924 = CARTESIAN_POINT('',(60.36914442326,5.2375256614,27.87434310546)
  );
#1925 = CARTESIAN_POINT('',(60.421194310669,5.210053621996,
    28.362215054044));
#1926 = CARTESIAN_POINT('',(60.570991958075,4.983777603076,
    29.74209998053));
#1927 = CARTESIAN_POINT('',(60.669417747718,4.654433334044,
    30.619117574457));
#1928 = CARTESIAN_POINT('',(60.767457617837,4.147934339196,
    31.419667031888));
#1929 = CARTESIAN_POINT('',(60.865406889513,3.488837056543,
    32.106296604586));
#1930 = CARTESIAN_POINT('',(60.963333820783,2.704782377878,
    32.645802314515));
#1931 = CARTESIAN_POINT('',(61.061362252877,1.832826720691,
    33.016658350282));
#1932 = CARTESIAN_POINT('',(61.159851900684,0.913282405457,33.2));
#1933 = CARTESIAN_POINT('',(61.257682024758,2.39808173319E-14,33.2));
#1934 = CYLINDRICAL_SURFACE('',#1935,5.2);
#1935 = AXIS2_PLACEMENT_3D('',#1936,#1937,#1938);
#1936 = CARTESIAN_POINT('',(-38.,0.,28.));
#1937 = DIRECTION('',(1.,0.,0.));
#1938 = DIRECTION('',(-0.,0.,1.));
#1939 = ADVANCED_FACE('',(#1940),#3380,.F.);
#1940 = FACE_BOUND('',#1941,.F.);
#1941 = EDGE_LOOP('',(#1942,#2268,#2275,#2303,#2346,#2388,#2425,#2467,
    #2516,#2558,#2607,#2656,#2693,#2736,#2785,#2822,#2865,#2902,#2951,
    #2988,#3020,#3057,#3100,#3135,#3177,#3226,#3261,#3303,#3340,#3373,
    #3374,#3375));
#1942 = ORIENTED_EDGE('',*,*,#1943,.F.);
#1943 = EDGE_CURVE('',#1944,#1946,#1948,.T.);
#1944 = VERTEX_POINT('',#1945);
#1945 = CARTESIAN_POINT('',(-35.5,7.105427357601E-15,21.6));
#1946 = VERTEX_POINT('',#1947);
#1947 = CARTESIAN_POINT('',(62.500040321929,-4.083945640726E-06,
    21.600022402213));
#1948 = B_SPLINE_CURVE_WITH_KNOTS('',10,(#1949,#1950,#1951,#1952,#1953,
    #1954,#1955,#1956,#1957,#1958,#1959,#1960,#1961,#1962,#1963,#1964,
    #1965,#1966,#1967,#1968,#1969,#1970,#1971,#1972,#1973,#1974,#1975,
    #1976,#1977,#1978,#1979,#1980,#1981,#1982,#1983,#1984,#1985,#1986,
    #1987,#1988,#1989,#1990,#1991,#1992,#1993,#1994,#1995,#1996,#1997,
    #1998,#1999,#2000,#2001,#2002,#2003,#2004,#2005,#2006,#2007,#2008,
    #2009,#2010,#2011,#2012,#2013,#2014,#2015,#2016,#2017,#2018,#2019,
    #2020,#2021,#2022,#2023,#2024,#2025,#2026,#2027,#2028,#2029,#2030,
    #2031,#2032,#2033,#2034,#2035,#2036,#2037,#2038,#2039,#2040,#2041,
    #2042,#2043,#2044,#2045,#2046,#2047,#2048,#2049,#2050,#2051,#2052,
    #2053,#2054,#2055,#2056,#2057,#2058,#2059,#2060,#2061,#2062,#2063,
    #2064,#2065,#2066,#2067,#2068,#2069,#2070,#2071,#2072,#2073,#2074,
    #2075,#2076,#2077,#2078,#2079,#2080,#2081,#2082,#2083,#2084,#2085,
    #2086,#2087,#2088,#2089,#2090,#2091,#2092,#2093,#2094,#2095,#2096,
    #2097,#2098,#2099,#2100,#2101,#2102,#2103,#2104,#2105,#2106,#2107,
    #2108,#2109,#2110,#2111,#2112,#2113,#2114,#2115,#2116,#2117,#2118,
    #2119,#2120,#2121,#2122,#2123,#2124,#2125,#2126,#2127,#2128,#2129,
    #2130,#2131,#2132,#2133,#2134,#2135,#2136,#2137,#2138,#2139,#2140,
    #2141,#2142,#2143,#2144,#2145,#2146,#2147,#2148,#2149,#2150,#2151,
    #2152,#2153,#2154,#2155,#2156,#2157,#2158,#2159,#2160,#2161,#2162,
    #2163,#2164,#2165,#2166,#2167,#2168,#2169,#2170,#2171,#2172,#2173,
    #2174,#2175,#2176,#2177,#2178,#2179,#2180,#2181,#2182,#2183,#2184,
    #2185,#2186,#2187,#2188,#2189,#2190,#2191,#2192,#2193,#2194,#2195,
    #2196,#2197,#2198,#2199,#2200,#2201,#2202,#2203,#2204,#2205,#2206,
    #2207,#2208,#2209,#2210,#2211,#2212,#2213,#2214,#2215,#2216,#2217,
    #2218,#2219,#2220,#2221,#2222,#2223,#2224,#2225,#2226,#2227,#2228,
    #2229,#2230,#2231,#2232,#2233,#2234,#2235,#2236,#2237,#2238,#2239,
    #2240,#2241,#2242,#2243,#2244,#2245,#2246,#2247,#2248,#2249,#2250,
    #2251,#2252,#2253,#2254,#2255,#2256,#2257,#2258,#2259,#2260,#2261,
    #2262,#2263,#2264,#2265,#2266,#2267),.UNSPECIFIED.,.F.,.F.,(11,10,10
    ,10,10,10,10,10,10,10,10,10,10,10,10,10,10,10,10,10,10,10,10,10,10,
    10,10,10,10,9,10,9,11),(0.,6.293216167298,12.586432334595,
    18.879648501893,25.17286466919,31.466080836488,37.759297003786,
    44.052513171083,50.345729338381,56.638945505679,62.932161672976,
    69.225377840274,75.518594007571,81.811810174869,88.105026342167,
    94.398242509464,100.69145867676,106.98467484406,113.27789101135,
    119.57110717865,125.86432334595,132.15753951325,138.45075568054,
    144.74397184784,151.03718801514,157.33040418244,163.62362034973,
    169.91683651703,176.21005268433,182.50326885163,188.79648501892,
    195.08970118622,201.38291735352),.UNSPECIFIED.);
#1949 = CARTESIAN_POINT('',(-35.5,3.552713678801E-15,21.6));
#1950 = CARTESIAN_POINT('',(-35.19372919989,3.518555419376,
    21.600011504836));
#1951 = CARTESIAN_POINT('',(-34.88755155365,7.037955475518,
    23.748948565333));
#1952 = CARTESIAN_POINT('',(-34.58115562602,9.074393206522,
    28.050877133881));
#1953 = CARTESIAN_POINT('',(-34.27508044626,8.178464215906,
    33.326430627498));
#1954 = CARTESIAN_POINT('',(-33.96872985946,3.859888289449,
    37.318722079643));
#1955 = CARTESIAN_POINT('',(-33.66244648919,-2.016591490298,
    37.549415919973));
#1956 = CARTESIAN_POINT('',(-33.35631217934,-6.380666814645,
    34.452504698517));
#1957 = CARTESIAN_POINT('',(-33.04996171757,-7.982494092106,
    29.970667015188));
#1958 = CARTESIAN_POINT('',(-32.74375391618,-7.013480158277,
    25.962510721022));
#1959 = CARTESIAN_POINT('',(-32.43749999999,-4.525483399592,
    23.474516600409));
#1960 = CARTESIAN_POINT('',(-32.13122919992,-2.037480867437,
    20.986530338517));
#1961 = CARTESIAN_POINT('',(-31.82505155356,1.970638745846,
    20.017466660988));
#1962 = CARTESIAN_POINT('',(-31.51865562622,6.452540537753,
    21.619410594816));
#1963 = CARTESIAN_POINT('',(-31.21258044596,9.549402723161,
    25.983307709557));
#1964 = CARTESIAN_POINT('',(-30.90622985982,9.318684758381,
    31.859978390338));
#1965 = CARTESIAN_POINT('',(-30.59994648887,5.32651123591,
    36.178402271101));
#1966 = CARTESIAN_POINT('',(-30.29381217956,5.079705469689E-02,
    37.074422601073));
#1967 = CARTESIAN_POINT('',(-29.98746171745,-4.25100369334,
    35.037947713212));
#1968 = CARTESIAN_POINT('',(-29.68125391623,-6.400001865422,
    31.518556893874));
#1969 = CARTESIAN_POINT('',(-29.37499999997,-6.399999999988,
    28.000000000003));
#1970 = CARTESIAN_POINT('',(-29.06872919999,-6.399988495223,
    24.481444580612));
#1971 = CARTESIAN_POINT('',(-28.76255155337,-4.251051434489,
    20.962044524506));
#1972 = CARTESIAN_POINT('',(-28.45615562659,5.087713350946E-02,
    18.925606793458));
#1973 = CARTESIAN_POINT('',(-28.15008044542,5.326430628054,
    19.821535784084));
#1974 = CARTESIAN_POINT('',(-27.84372986037,9.318722079039,
    24.140111710603));
#1975 = CARTESIAN_POINT('',(-27.53744648848,9.549415920444,
    30.016591490229));
#1976 = CARTESIAN_POINT('',(-27.23131217971,6.452504698269,
    34.380666814692));
#1977 = CARTESIAN_POINT('',(-26.92496171747,1.970667015259,
    35.982494092095));
#1978 = CARTESIAN_POINT('',(-26.61875391615,-2.037489278968,
    35.013480158265));
#1979 = CARTESIAN_POINT('',(-26.31250000004,-4.525483399612,
    32.525483399607));
#1980 = CARTESIAN_POINT('',(-26.00622919972,-7.013469661391,
    30.037480867365));
#1981 = CARTESIAN_POINT('',(-25.70005155412,-7.982533339261,
    26.029361254379));
#1982 = CARTESIAN_POINT('',(-25.39365562512,-6.380589404718,
    21.547459461766));
#1983 = CARTESIAN_POINT('',(-25.08758044753,-2.016692291077,
    18.450597277576));
#1984 = CARTESIAN_POINT('',(-24.78122985813,3.859978390971,
    18.681315240793));
#1985 = CARTESIAN_POINT('',(-24.47494649022,8.17840227064,
    22.673488764774));
#1986 = CARTESIAN_POINT('',(-24.16881217875,9.074422601311,
    27.949202944886));
#1987 = CARTESIAN_POINT('',(-23.8624617178,7.037947713129,
    32.251003693522));
#1988 = CARTESIAN_POINT('',(-23.55625391613,3.518556893891,
    34.40000186537));
#1989 = CARTESIAN_POINT('',(-23.24999999999,1.665213847757E-12,
    34.399999999994));
#1990 = CARTESIAN_POINT('',(-22.94372919993,-3.518555419378,
    34.399988495187));
#1991 = CARTESIAN_POINT('',(-22.63755155356,-7.037955475524,
    32.251051434607));
#1992 = CARTESIAN_POINT('',(-22.33115562618,-9.074393206487,
    27.949122866229));
#1993 = CARTESIAN_POINT('',(-22.02508044604,-8.178464215984,
    22.673569372357));
#1994 = CARTESIAN_POINT('',(-21.7187298597,-3.859888289332,
    18.681277920497));
#1995 = CARTESIAN_POINT('',(-21.41244648898,2.016591490177,
    18.450584079925));
#1996 = CARTESIAN_POINT('',(-21.10631217949,6.380666814736,
    21.547495301543));
#1997 = CARTESIAN_POINT('',(-20.79996171747,7.982494092055,
    26.029332984777));
#1998 = CARTESIAN_POINT('',(-20.49375391624,7.013480158298,
    30.037489278998));
#1999 = CARTESIAN_POINT('',(-20.18749999997,4.525483399586,
    32.52548339958));
#2000 = CARTESIAN_POINT('',(-19.88122920002,2.037480867467,
    35.013469661537));
#2001 = CARTESIAN_POINT('',(-19.57505155329,-1.970638745943,
    35.982533338855));
#2002 = CARTESIAN_POINT('',(-19.26865562676,-6.452540537527,
    34.380589405495));
#2003 = CARTESIAN_POINT('',(-18.96258044517,-9.549402723533,30.01669229)
  );
#2004 = CARTESIAN_POINT('',(-18.65622986065,-9.318684757949,
    24.14002161012));
#2005 = CARTESIAN_POINT('',(-18.34994648826,-5.326511236253,
    19.82159772856));
#2006 = CARTESIAN_POINT('',(-18.04381217981,-5.079705453705E-02,
    18.925577399097));
#2007 = CARTESIAN_POINT('',(-17.73746171747,4.251003693337,
    20.962052286743));
#2008 = CARTESIAN_POINT('',(-17.43125391611,6.400001865362,
    24.48144310612));
#2009 = CARTESIAN_POINT('',(-17.12500000007,6.400000000041,
    28.000000000008));
#2010 = CARTESIAN_POINT('',(-16.81872919956,6.399988494972,
    31.518555419345));
#2011 = CARTESIAN_POINT('',(-16.51255155458,4.251051435238,
    35.037955475565));
#2012 = CARTESIAN_POINT('',(-16.20615562413,-5.087713506089E-02,
    37.074393206519));
#2013 = CARTESIAN_POINT('',(-15.9000804491,-5.326430625731,
    36.178464215771));
#2014 = CARTESIAN_POINT('',(-15.59372985627,-9.318722081596,
    31.859888289755));
#2015 = CARTESIAN_POINT('',(-15.28744649188,-9.549415918375,
    25.983408509315));
#2016 = CARTESIAN_POINT('',(-14.98131217765,-6.452504699476,
    21.61933318568));
#2017 = CARTESIAN_POINT('',(-14.67496171834,-1.970667014779,
    20.017505907709));
#2018 = CARTESIAN_POINT('',(-14.36875391595,2.037489278862,
    20.98651984179));
#2019 = CARTESIAN_POINT('',(-14.06250000003,4.525483399606,
    23.474516600397));
#2020 = CARTESIAN_POINT('',(-13.75622919971,7.013469661388,
    25.962519132633));
#2021 = CARTESIAN_POINT('',(-13.4500515542,7.982533339298,
    29.970638745592));
#2022 = CARTESIAN_POINT('',(-13.14365562483,6.380589404621,
    34.452540538364));
#2023 = CARTESIAN_POINT('',(-12.83758044813,2.016692291229,
    37.549402722118));
#2024 = CARTESIAN_POINT('',(-12.53122985728,-3.859978391133,
    37.31868475968));
#2025 = CARTESIAN_POINT('',(-12.2249464911,-8.178402270519,
    33.326511234717));
#2026 = CARTESIAN_POINT('',(-11.9188121781,-9.074422601374,
    28.050797055503));
#2027 = CARTESIAN_POINT('',(-11.61246171816,-7.037947713106,
    23.748996306268));
#2028 = CARTESIAN_POINT('',(-11.306253916,-3.518556893898,
    21.599998134708));
#2029 = CARTESIAN_POINT('',(-11.00000000002,1.556774058885E-12,
    21.599999999987));
#2030 = CARTESIAN_POINT('',(-10.69372919974,3.518555419361,
    21.600011504917));
#2031 = CARTESIAN_POINT('',(-10.3875515541,7.037955475553,
    23.748948565075));
#2032 = CARTESIAN_POINT('',(-10.0811556251,9.074393206479,
    28.050877134424));
#2033 = CARTESIAN_POINT('',(-9.775080447625,8.178464215919,
    33.326430626689));
#2034 = CARTESIAN_POINT('',(-9.468729857988,3.859888289492,
    37.318722080523));
#2035 = CARTESIAN_POINT('',(-9.16244649038,-2.016591490383,
    37.549415919272));
#2036 = CARTESIAN_POINT('',(-8.856312178647,-6.380666814562,
    34.452504698922));
#2037 = CARTESIAN_POINT('',(-8.549961717858,-7.982494092155,
    29.970667015028));
#2038 = CARTESIAN_POINT('',(-8.243753916118,-7.01348015826,
    25.96251072106));
#2039 = CARTESIAN_POINT('',(-7.937499999996,-4.525483399593,
    23.474516600409));
#2040 = CARTESIAN_POINT('',(-7.631229199902,-2.03748086743,
    20.986530338527));
#2041 = CARTESIAN_POINT('',(-7.325051553668,1.970638745812,
    20.01746666094));
#2042 = CARTESIAN_POINT('',(-7.018655625943,6.452540537853,
    21.619410594941));
#2043 = CARTESIAN_POINT('',(-6.712580446453,9.549402722966,
    25.983307709336));
#2044 = CARTESIAN_POINT('',(-6.406229859215,9.318684758644,
    31.859978390613));
#2045 = CARTESIAN_POINT('',(-6.099946489391,5.326511235669,
    36.17840227086));
#2046 = CARTESIAN_POINT('',(-5.793812179283,5.079705483622E-02,
    37.074422601216));
#2047 = CARTESIAN_POINT('',(-5.487461717515,-4.251003693371,
    35.037947713162));
#2048 = CARTESIAN_POINT('',(-5.181253916283,-6.400001865446,
    31.518556893878));
#2049 = CARTESIAN_POINT('',(-4.874999999925,-6.399999999959,
    28.000000000009));
#2050 = CARTESIAN_POINT('',(-4.568729200253,-6.399988495374,
    24.481444580595));
#2051 = CARTESIAN_POINT('',(-4.262551552625,-4.25105143404,
    20.962044524512));
#2052 = CARTESIAN_POINT('',(-3.956155628089,5.087713261331E-02,
    18.925606793533));
#2053 = CARTESIAN_POINT('',(-3.650080443233,5.326430629335,
    19.821535783839));
#2054 = CARTESIAN_POINT('',(-3.34372986282,9.318722077685,
    24.140111711035));
#2055 = CARTESIAN_POINT('',(-3.037446486352,9.549415921536,
    30.016591489715));
#2056 = CARTESIAN_POINT('',(-2.731312181214,6.452504697568,
    34.380666815136));
#2057 = CARTESIAN_POINT('',(-2.424961716596,1.970667015644,
    35.982494091806));
#2058 = CARTESIAN_POINT('',(-2.118753916604,-2.037489279161,
    35.013480158411));
#2059 = CARTESIAN_POINT('',(-1.812499999848,-4.525483399524,
    32.525483399549));
#2060 = CARTESIAN_POINT('',(-1.506229200628,-7.013469661825,
    30.037480867678));
#2061 = CARTESIAN_POINT('',(-1.200051551587,-7.98253333806,
    26.029361253384));
#2062 = CARTESIAN_POINT('',(-0.893655630033,-6.380589406943,
    21.547459463889));
#2063 = CARTESIAN_POINT('',(-0.587580440637,-2.01669228816,
    18.450597274364));
#2064 = CARTESIAN_POINT('',(-0.281229865331,3.859978388226,
    18.681315244336));
#2065 = CARTESIAN_POINT('',(2.505351539725E-02,8.178402272482,
    22.673488761884));
#2066 = CARTESIAN_POINT('',(0.331187817935,9.07442260045,27.94920294664)
  );
#2067 = CARTESIAN_POINT('',(0.637538283666,7.037947713398,
    32.251003692728));
#2068 = CARTESIAN_POINT('',(0.943746083366,3.518556893834,
    34.400001865638));
#2069 = CARTESIAN_POINT('',(1.250000000136,1.479838473983E-11,
    34.399999999927));
#2070 = CARTESIAN_POINT('',(1.556270242024,-3.518555240388,
    34.39998875445));
#2071 = CARTESIAN_POINT('',(1.862450837688,-7.037956242944,32.2510503237
    ));
#2072 = CARTESIAN_POINT('',(2.168838199175,-9.074391224299,
    27.94912573469));
#2073 = CARTESIAN_POINT('',(2.474931244612,-8.178467969733,
    22.673563941639));
#2074 = CARTESIAN_POINT('',(2.781252781379,-3.859882714641,
    18.681285983922));
#2075 = CARTESIAN_POINT('',(3.087574339438,2.01658480048,18.450574405324
    ));
#2076 = CARTESIAN_POINT('',(3.393667368436,6.380673384054,
    21.547504800983));
#2077 = CARTESIAN_POINT('',(3.700054739633,7.982488805729,
    26.029325341068));
#2078 = CARTESIAN_POINT('',(4.006235331009,7.013483612333,
    30.037494273189));
#2079 = CARTESIAN_POINT('',(4.312505574235,4.525481609016,
    32.525480810609));
#2080 = CARTESIAN_POINT('',(4.618760047589,2.037484321385,35.01347465554
    ));
#2081 = CARTESIAN_POINT('',(4.924964902353,-1.970644031844,
    35.982525695952));
#2082 = CARTESIAN_POINT('',(5.231323924663,-6.452533969088,
    34.380598902934));
#2083 = CARTESIAN_POINT('',(5.53744037745,-9.549409412021,
    30.016682618821));
#2084 = CARTESIAN_POINT('',(5.843752787459,-9.318679184395,
    24.140029669316));
#2085 = CARTESIAN_POINT('',(6.150065196094,-5.32651498931,
    19.821592301672));
#2086 = CARTESIAN_POINT('',(6.456181649666,-5.079507254775E-02,
    18.925580265029));
#2087 = CARTESIAN_POINT('',(6.762540671884,4.251002925847,
    20.962051177018));
#2088 = CARTESIAN_POINT('',(7.068745526374,6.400002044462,
    24.481443365018));
#2089 = CARTESIAN_POINT('',(7.375000000015,6.399999999992,
    27.999999999998));
#2090 = CARTESIAN_POINT('',(7.681270800015,6.399988495215,
    31.518555419375));
#2091 = CARTESIAN_POINT('',(7.987448446609,4.25105143452,35.037955475539
    ));
#2092 = CARTESIAN_POINT('',(8.293844373467,-5.087713360962E-02,
    37.074393206445));
#2093 = CARTESIAN_POINT('',(8.59991955444,-5.326430627845,
    36.178464216064));
#2094 = CARTESIAN_POINT('',(8.906270139777,-9.318722079321,
    31.85988828922));
#2095 = CARTESIAN_POINT('',(9.212553511486,-9.549415920217,
    25.983408509951));
#2096 = CARTESIAN_POINT('',(9.518687820105,-6.452504698333,
    21.61933318514));
#2097 = CARTESIAN_POINT('',(9.825038282846,-1.970667015342,
    20.017505908047));
#2098 = CARTESIAN_POINT('',(10.13124608353,2.037489279096,
    20.986519841631));
#2099 = CARTESIAN_POINT('',(10.437500000159,4.525483399519,
    23.474516600454));
#2100 = CARTESIAN_POINT('',(10.743770799361,7.013469661829,
    25.962519132315));
#2101 = CARTESIAN_POINT('',(11.049948448498,7.982533338041,
    29.970638746663));
#2102 = CARTESIAN_POINT('',(11.356344369611,6.380589407031,
    34.452540535916));
#2103 = CARTESIAN_POINT('',(11.662419560212,2.016692287937,
    37.549402726106));
#2104 = CARTESIAN_POINT('',(11.96877013336,-3.859978387879,
    37.318684754928));
#2105 = CARTESIAN_POINT('',(12.275053516764,-8.178402272838,
    33.326511238894));
#2106 = CARTESIAN_POINT('',(12.581187816978,-9.074422600212,
    28.05079705281));
#2107 = CARTESIAN_POINT('',(12.887538284072,-7.037947713494,
    23.748996307506));
#2108 = CARTESIAN_POINT('',(13.193746083317,-3.518556893821,
    21.599998134333));
#2109 = CARTESIAN_POINT('',(13.500000000077,-7.842576778442E-12,
    21.600000000039));
#2110 = CARTESIAN_POINT('',(13.806270799703,3.518555419429,
    21.600011504599));
#2111 = CARTESIAN_POINT('',(14.112448447477,7.037955475401,
    23.748948566049));
#2112 = CARTESIAN_POINT('',(14.418844371824,9.074393206656,
    28.050877132461));
#2113 = CARTESIAN_POINT('',(14.72491955666,8.178464215857,
    33.326430629474));
#2114 = CARTESIAN_POINT('',(15.031270137631,3.859888289348,
    37.318722077672));
#2115 = CARTESIAN_POINT('',(15.337553512905,-2.016591490105,
    37.549415921379));
#2116 = CARTESIAN_POINT('',(15.643687819585,-6.380666814814,
    34.452504697823));
#2117 = CARTESIAN_POINT('',(15.950038282773,-7.982494092024,
    29.9706670154));
#2118 = CARTESIAN_POINT('',(16.25624608378,-7.013480158289,
    25.962510721004));
#2119 = CARTESIAN_POINT('',(16.562499999969,-4.525483399604,
    23.474516600391));
#2120 = CARTESIAN_POINT('',(16.868770800231,-2.037480867381,
    20.986530338589));
#2121 = CARTESIAN_POINT('',(17.174948446014,1.970638745669,
    20.017466660804));
#2122 = CARTESIAN_POINT('',(17.481344374593,6.452540538125,
    21.619410595142));
#2123 = CARTESIAN_POINT('',(17.78741955289,9.5494027226,25.98330770914)
  );
#2124 = CARTESIAN_POINT('',(18.093770141399,9.318684759004,
    31.859978390724));
#2125 = CARTESIAN_POINT('',(18.400053510133,5.326511235388,
    36.178402270843));
#2126 = CARTESIAN_POINT('',(18.706187821069,5.079705503512E-02,
    37.074422601195));
#2127 = CARTESIAN_POINT('',(19.012538282221,-4.251003693514,
    35.037947713171));
#2128 = CARTESIAN_POINT('',(19.318746083901,-6.400001865348,
    31.518556893887));
#2129 = CARTESIAN_POINT('',(19.624999999972,-6.400000000015,
    27.999999999998));
#2130 = CARTESIAN_POINT('',(19.931270242833,-6.39998875398,
    24.481444759689));
#2131 = CARTESIAN_POINT('',(20.237450835319,-4.251050325138,
    20.962043756936));
#2132 = CARTESIAN_POINT('',(20.543838203992,5.087426829976E-02,
    18.925608775705));
#2133 = CARTESIAN_POINT('',(20.849931237445,5.3264360539,19.82153203063)
  );
#2134 = CARTESIAN_POINT('',(21.156252789347,9.31871402097,
    24.140117284537));
#2135 = CARTESIAN_POINT('',(21.462574332767,9.549425590704,
    30.016584801524));
#2136 = CARTESIAN_POINT('',(21.768667372629,6.452495201394,
    34.38067338317));
#2137 = CARTESIAN_POINT('',(22.075054737683,1.970674657901,
    35.982488806243));
#2138 = CARTESIAN_POINT('',(22.381235331655,-2.037494272877,
    35.013483612133));
#2139 = CARTESIAN_POINT('',(22.687505574099,-4.525480810669,
    32.525481609061));
#2140 = CARTESIAN_POINT('',(22.993760047824,-7.013474655431,
    30.03748432132));
#2141 = CARTESIAN_POINT('',(23.299964902032,-7.982525696114,
    26.029355968216));
#2142 = CARTESIAN_POINT('',(23.606323925061,-6.380598902714,
    21.547466030861));
#2143 = CARTESIAN_POINT('',(23.91244037696,-2.016682619101,
    18.450590588063));
#2144 = CARTESIAN_POINT('',(24.218752788018,3.859970330993,
    18.681320815446));
#2145 = CARTESIAN_POINT('',(24.525065195593,8.17840769806,
    22.673485010886));
#2146 = CARTESIAN_POINT('',(24.831181649966,9.074419735135,
    27.949204927312));
#2147 = CARTESIAN_POINT('',(25.13754067181,7.037948822921,
    32.251002925886));
#2148 = CARTESIAN_POINT('',(25.443745526323,3.518556634986,
    34.400002044489));
#2149 = CARTESIAN_POINT('',(25.75000000008,1.04519676405E-11,
    34.399999999956));
#2150 = CARTESIAN_POINT('',(26.056270799748,-3.518555419408,
    34.399988495378));
#2151 = CARTESIAN_POINT('',(26.362448447368,-7.037955475489,
    32.251051434026));
#2152 = CARTESIAN_POINT('',(26.668844371879,-9.074393206437,
    27.949122867456));
#2153 = CARTESIAN_POINT('',(26.974919556931,-8.178464216253,
    22.67356937048));
#2154 = CARTESIAN_POINT('',(27.281270136841,-3.859888288814,
    18.681277922624));
#2155 = CARTESIAN_POINT('',(27.587553514056,2.016591489553,
    18.450584078132));
#2156 = CARTESIAN_POINT('',(27.893687818489,6.380666815249,
    21.54749530266));
#2157 = CARTESIAN_POINT('',(28.200038283509,7.982494091763,
    26.029332984273));
#2158 = CARTESIAN_POINT('',(28.50624608342,7.013480158407,
    30.037489279156));
#2159 = CARTESIAN_POINT('',(28.8125000001,4.525483399565,32.525483399549
    ));
#2160 = CARTESIAN_POINT('',(29.118770799591,2.037480867601,
    35.013469661716));
#2161 = CARTESIAN_POINT('',(29.424948447854,-1.9706387464,
    35.982533338345));
#2162 = CARTESIAN_POINT('',(29.731344370921,-6.452540536498,
    34.380589406449));
#2163 = CARTESIAN_POINT('',(30.037419558252,-9.549402725178,
    30.01669228875));
#2164 = CARTESIAN_POINT('',(30.343770135535,-9.318684756011,
    24.14002161129));
#2165 = CARTESIAN_POINT('',(30.650053514988,-5.326511237971,
    19.821597727777));
#2166 = CARTESIAN_POINT('',(30.956187818013,-5.079705336708E-02,
    18.925577399469));
#2167 = CARTESIAN_POINT('',(31.262538283681,4.25100369271,
    20.962052286611));
#2168 = CARTESIAN_POINT('',(31.568746083374,6.400001865635,
    24.481443106166));
#2169 = CARTESIAN_POINT('',(31.875000000112,6.399999999941,
    27.999999999988));
#2170 = CARTESIAN_POINT('',(32.181270799562,6.399988495485,
    31.518555419445));
#2171 = CARTESIAN_POINT('',(32.487448447861,4.251051433713,
    35.037955475371));
#2172 = CARTESIAN_POINT('',(32.793844371075,-5.087713198242E-02,
    37.074393206681));
#2173 = CARTESIAN_POINT('',(33.099919557724,-5.326430630165,
    36.178464215872));
#2174 = CARTESIAN_POINT('',(33.406270136529,-9.318722076953,
    31.859888289283));
#2175 = CARTESIAN_POINT('',(33.712553513711,-9.549415921906,
    25.983408509975));
#2176 = CARTESIAN_POINT('',(34.018687819216,-6.452504697575,
    21.61933318514));
#2177 = CARTESIAN_POINT('',(34.325038282819,-1.970667015447,
    20.017505907975));
#2178 = CARTESIAN_POINT('',(34.631246083857,2.037489278964,
    20.986519841735));
#2179 = CARTESIAN_POINT('',(34.937499999898,4.525483399642,
    23.474516600375));
#2180 = CARTESIAN_POINT('',(35.24377080056,7.013469661252,
    25.962519132734));
#2181 = CARTESIAN_POINT('',(35.54994844508,7.982533339635,29.9706387453)
  );
#2182 = CARTESIAN_POINT('',(35.856344376429,6.380589404038,
    34.452540538916));
#2183 = CARTESIAN_POINT('',(36.162419550286,2.01669229194,
    37.549402721404));
#2184 = CARTESIAN_POINT('',(36.468770144113,-3.85997839174,
    37.318684760315));
#2185 = CARTESIAN_POINT('',(36.77505350804,-8.178402270164,
    33.326511234335));
#2186 = CARTESIAN_POINT('',(37.081187822256,-9.074422601509,
    28.050797055653));
#2187 = CARTESIAN_POINT('',(37.387538281733,-7.037947713075,
    23.748996306227));
#2188 = CARTESIAN_POINT('',(37.693746084039,-3.518556893905,
    21.599998134727));
#2189 = CARTESIAN_POINT('',(37.999999999949,5.015543536047E-12,
    21.599999999973));
#2190 = CARTESIAN_POINT('',(38.30627080039,3.51855541935,21.600011505));
#2191 = CARTESIAN_POINT('',(38.612448445443,7.03795547556,
    23.748948564796));
#2192 = CARTESIAN_POINT('',(38.918844375926,9.074393206532,
    28.050877135051));
#2193 = CARTESIAN_POINT('',(39.224919550679,8.178464215721,
    33.326430625684));
#2194 = CARTESIAN_POINT('',(39.531270144087,3.859888289864,
    37.318722081706));
#2195 = CARTESIAN_POINT('',(39.83755350771,-2.016591490838,
    37.549415918234));
#2196 = CARTESIAN_POINT('',(40.143687822684,-6.380666814178,
    34.452504699604));
#2197 = CARTESIAN_POINT('',(40.450038281437,-7.982494092384,
    29.970667014689));
#2198 = CARTESIAN_POINT('',(40.756246084167,-7.013480158165,
    25.962510721189));
#2199 = CARTESIAN_POINT('',(41.062499999916,-4.52548339962,
    23.474516600369));
#2200 = CARTESIAN_POINT('',(41.368770243142,-2.037481176948,
    20.986530282284));
#2201 = CARTESIAN_POINT('',(41.674950834367,1.970640072724,
    20.017466902331));
#2202 = CARTESIAN_POINT('',(41.981338206008,6.452537110809,
    21.61940997112));
#2203 = CARTESIAN_POINT('',(42.28743123435,9.54940921269,25.983308891221
    ));
#2204 = CARTESIAN_POINT('',(42.593752792875,9.318675120594,
    31.85997663467));
#2205 = CARTESIAN_POINT('',(42.900074329763,5.326522802078,
    36.178404378761));
#2206 = CARTESIAN_POINT('',(43.206167374529,5.078569571637E-02,
    37.074420530688));
#2207 = CARTESIAN_POINT('',(43.512554736814,-4.250994551998,
    35.037949379609));
#2208 = CARTESIAN_POINT('',(43.818735331925,-6.400007838714,
    31.518555804931));
#2209 = CARTESIAN_POINT('',(44.125005574056,-6.399996903277,
    28.000000564544));
#2210 = CARTESIAN_POINT('',(44.431260048161,-6.399994468505,
    24.481443491662));
#2211 = CARTESIAN_POINT('',(44.737464900973,-4.251042293183,
    20.962046191056));
#2212 = CARTESIAN_POINT('',(45.043823927185,5.086577457846E-02,
    18.925604722432));
#2213 = CARTESIAN_POINT('',(45.349940373941,5.326442194215,
    19.821537893218));
#2214 = CARTESIAN_POINT('',(45.656252791203,9.318712441166,
    24.140109952706));
#2215 = CARTESIAN_POINT('',(45.962565193007,9.549422410113,
    30.016592674249));
#2216 = CARTESIAN_POINT('',(46.268681651658,6.452501271217,
    34.38066618922));
#2217 = CARTESIAN_POINT('',(46.575040670859,1.970668342171,
    35.982494334384));
#2218 = CARTESIAN_POINT('',(46.881245526806,-2.037489588468,
    35.013480101694));
#2219 = CARTESIAN_POINT('',(47.187499999865,-4.525483399655,
    32.525483399635));
#2220 = CARTESIAN_POINT('',(47.493774275644,-7.013469309211,
    30.037478936806));
#2221 = CARTESIAN_POINT('',(47.799933549021,-7.982534848588,
    26.029369529763));
#2222 = CARTESIAN_POINT('',(48.106382846839,-6.380585507174,
    21.547438089853));
#2223 = CARTESIAN_POINT('',(48.41234670369,-2.016699670674,
    18.450637746811));
#2224 = CARTESIAN_POINT('',(48.718878323093,3.859989348959,
    18.68125514319));
#2225 = CARTESIAN_POINT('',(49.024923694336,8.178389122007,
    22.673560881015));
#2226 = CARTESIAN_POINT('',(49.331315300754,9.074435512856,
    27.949132126204));
#2227 = CARTESIAN_POINT('',(49.637435697806,7.037937323257,
    32.251060682247));
#2228 = CARTESIAN_POINT('',(49.943813112997,3.51856368263,
    34.399964628664));
#2229 = CARTESIAN_POINT('',(50.249965251443,-3.519345469272E-06,
    34.400019303868));
#2230 = CARTESIAN_POINT('',(50.556525577841,-3.51888421727,
    34.399844921811));
#2231 = CARTESIAN_POINT('',(50.861582817024,-7.03588180017,
    32.251106905867));
#2232 = CARTESIAN_POINT('',(51.17074045496,-9.080058324925,
    27.950405394239));
#2233 = CARTESIAN_POINT('',(51.472086628157,-8.169432454906,
    22.669624917566));
#2234 = CARTESIAN_POINT('',(51.784152078787,-3.868790322055,
    18.686733684483));
#2235 = CARTESIAN_POINT('',(52.085602390384,2.021832802555,
    18.446567044828));
#2236 = CARTESIAN_POINT('',(52.394518414412,6.379024802381,
    21.548942776623));
#2237 = CARTESIAN_POINT('',(52.699855669844,7.982694918701,
    26.029191936961));
#2238 = CARTESIAN_POINT('',(53.006245856372,7.013472118039,
    30.037490979655));
#2239 = CARTESIAN_POINT('',(53.618762280793,2.037486391212,
    35.013466161587));
#2240 = CARTESIAN_POINT('',(53.925125284276,-1.970872603103,
    35.982703259098));
#2241 = CARTESIAN_POINT('',(54.230560900643,-6.450652688911,
    34.378965752263));
#2242 = CARTESIAN_POINT('',(54.539255294007,-9.554579113935,
    30.022043080532));
#2243 = CARTESIAN_POINT('',(54.841079367471,-9.31125994136,
    24.130848829132));
#2244 = CARTESIAN_POINT('',(55.152643718277,-5.332706466047,
    19.830895122978));
#2245 = CARTESIAN_POINT('',(55.45453779408,-4.781275829475E-02,
    18.919793021334));
#2246 = CARTESIAN_POINT('',(55.763202184164,4.250248745089,
    20.964156034914));
#2247 = CARTESIAN_POINT('',(56.068624561718,6.400067457748,
    24.481100492558));
#2248 = CARTESIAN_POINT('',(56.374965251524,6.400019303831,
    28.000003519336));
#2249 = CARTESIAN_POINT('',(56.681525705864,6.399844908922,
    31.51888428848));
#2250 = CARTESIAN_POINT('',(56.986582267772,4.251106961367,
    35.03588149503));
#2251 = CARTESIAN_POINT('',(57.295741873687,-4.959474929814E-02,
    37.080059112952));
#2252 = CARTESIAN_POINT('',(57.597083941632,-5.330374810471,
    36.169430962641));
#2253 = CARTESIAN_POINT('',(57.909156068326,-9.313266719504,
    31.86879253825));
#2254 = CARTESIAN_POINT('',(58.210597602984,-9.55343247033,
    25.978164537888));
#2255 = CARTESIAN_POINT('',(58.519523115711,-6.451057699519,
    21.620977809429));
#2256 = CARTESIAN_POINT('',(58.824851886613,-1.970807679875,
    20.017302979493));
#2257 = CARTESIAN_POINT('',(59.131248328371,2.037490729292,
    20.986529255305));
#2258 = CARTESIAN_POINT('',(59.743757245765,7.013466671531,
    25.962510811529));
#2259 = CARTESIAN_POINT('',(60.050153680647,7.982700383652,29.970888379)
  );
#2260 = CARTESIAN_POINT('',(60.355482494582,6.37897369048,
    34.450609129578));
#2261 = CARTESIAN_POINT('',(60.664407877776,2.022027633763,
    37.554663883529));
#2262 = CARTESIAN_POINT('',(60.965849655087,-3.869127916269,
    37.311132322112));
#2263 = CARTESIAN_POINT('',(61.27792147404,-8.169132997414,
    33.332860776283));
#2264 = CARTESIAN_POINT('',(61.579263813309,-9.080179236782,
    28.047660545346));
#2265 = CARTESIAN_POINT('',(61.888423254511,-7.03586635256,
    23.749874072818));
#2266 = CARTESIAN_POINT('',(62.193479881514,-3.518884854438,
    21.599852163721));
#2267 = CARTESIAN_POINT('',(62.500040321929,-4.083945640726E-06,
    21.600022402213));
#2268 = ORIENTED_EDGE('',*,*,#2269,.T.);
#2269 = EDGE_CURVE('',#1944,#2270,#2272,.T.);
#2270 = VERTEX_POINT('',#2271);
#2271 = CARTESIAN_POINT('',(-34.9923076923,2.5962138422E-15,22.8));
#2272 = B_SPLINE_CURVE_WITH_KNOTS('',1,(#2273,#2274),.UNSPECIFIED.,.F.,
  .F.,(2,2),(0.,1.411559421349),.PIECEWISE_BEZIER_KNOTS.);
#2273 = CARTESIAN_POINT('',(-35.5,7.105427357601E-15,21.6));
#2274 = CARTESIAN_POINT('',(-34.95,2.22044604925E-15,22.9));
#2275 = ORIENTED_EDGE('',*,*,#2276,.T.);
#2276 = EDGE_CURVE('',#2270,#2277,#2279,.T.);
#2277 = VERTEX_POINT('',#2278);
#2278 = CARTESIAN_POINT('',(-33.24231068153,1.273632671113E-15,33.2));
#2279 = B_SPLINE_CURVE_WITH_KNOTS('',8,(#2280,#2281,#2282,#2283,#2284,
    #2285,#2286,#2287,#2288,#2289,#2290,#2291,#2292,#2293,#2294,#2295,
    #2296,#2297,#2298,#2299,#2300,#2301,#2302),.UNSPECIFIED.,.F.,.F.,(9,
    7,7,9),(0.,0.553371388706,0.850869597311,1.),.UNSPECIFIED.);
#2280 = CARTESIAN_POINT('',(-34.9923076923,-1.225515415644E-15,22.8));
#2281 = CARTESIAN_POINT('',(-34.87161769271,1.126707931207,22.8));
#2282 = CARTESIAN_POINT('',(-34.74892671043,2.272156121136,
    23.079175696833));
#2283 = CARTESIAN_POINT('',(-34.62797998006,3.318612846272,
    23.652190978571));
#2284 = CARTESIAN_POINT('',(-34.50704551931,4.201670829747,
    24.463878449635));
#2285 = CARTESIAN_POINT('',(-34.38604117261,4.850772579016,
    25.472659115365));
#2286 = CARTESIAN_POINT('',(-34.26507764624,5.236174900777,
    26.601497616721));
#2287 = CARTESIAN_POINT('',(-34.1425000744,5.3160425521,27.776956847196)
  );
#2288 = CARTESIAN_POINT('',(-33.95687655175,5.020329305431,
    29.484375864277));
#2289 = CARTESIAN_POINT('',(-33.89191057253,4.836963606698,
    30.068698260786));
#2290 = CARTESIAN_POINT('',(-33.82691128366,4.576249905914,
    30.626633301266));
#2291 = CARTESIAN_POINT('',(-33.76190380948,4.242722654797,
    31.145949395119));
#2292 = CARTESIAN_POINT('',(-33.69690717305,3.842826296175,
    31.61591080227));
#2293 = CARTESIAN_POINT('',(-33.63193429612,3.384915263988,
    32.027277633162));
#2294 = CARTESIAN_POINT('',(-33.56699199916,2.879253983287,
    32.372305848764));
#2295 = CARTESIAN_POINT('',(-33.46954230713,2.066704619319,
    32.781317149978));
#2296 = CARTESIAN_POINT('',(-33.43705692099,1.786722774865,
    32.899583648097));
#2297 = CARTESIAN_POINT('',(-33.40460031896,1.499318526805,
    32.998981103492));
#2298 = CARTESIAN_POINT('',(-33.37215397634,1.205816023927,
    33.07904193703));
#2299 = CARTESIAN_POINT('',(-33.33970536773,0.907616373878,
    33.139396641862));
#2300 = CARTESIAN_POINT('',(-33.30724796705,0.60619764316,
    33.179773783432));
#2301 = CARTESIAN_POINT('',(-33.27478124748,0.303114857129,
    33.199999999471));
#2302 = CARTESIAN_POINT('',(-33.24231068153,9.15984478485E-16,33.2));
#2303 = ORIENTED_EDGE('',*,*,#2304,.T.);
#2304 = EDGE_CURVE('',#2277,#2305,#2307,.T.);
#2305 = VERTEX_POINT('',#2306);
#2306 = CARTESIAN_POINT('',(-29.74230587784,1.273632671113E-15,33.2));
#2307 = B_SPLINE_CURVE_WITH_KNOTS('',7,(#2308,#2309,#2310,#2311,#2312,
    #2313,#2314,#2315,#2316,#2317,#2318,#2319,#2320,#2321,#2322,#2323,
    #2324,#2325,#2326,#2327,#2328,#2329,#2330,#2331,#2332,#2333,#2334,
    #2335,#2336,#2337,#2338,#2339,#2340,#2341,#2342,#2343,#2344,#2345),
  .UNSPECIFIED.,.F.,.F.,(8,6,6,6,6,6,8),(0.,6.189196165264E-02,
    0.224478087097,0.358380593198,0.481771627212,0.70852590408,1.),
  .UNSPECIFIED.);
#2308 = CARTESIAN_POINT('',(-33.24231068153,0.,33.2));
#2309 = CARTESIAN_POINT('',(-33.21136085364,-0.288918670351,33.2));
#2310 = CARTESIAN_POINT('',(-33.18046216945,-0.577356571442,
    33.181272352939));
#2311 = CARTESIAN_POINT('',(-33.14958607882,-0.864133488004,
    33.143927023627));
#2312 = CARTESIAN_POINT('',(-33.11871338707,-1.147981511868,
    33.088114290036));
#2313 = CARTESIAN_POINT('',(-33.08783413264,-1.427564041774,
    33.014076337198));
#2314 = CARTESIAN_POINT('',(-33.05694746478,-1.701494783189,
    32.92219885109));
#2315 = CARTESIAN_POINT('',(-32.9449261723,-2.669385633737,
    32.526368869125));
#2316 = CARTESIAN_POINT('',(-32.86364675618,-3.323701042671,
    32.11896159739));
#2317 = CARTESIAN_POINT('',(-32.78231740594,-3.903961301176,
    31.602876688999));
#2318 = CARTESIAN_POINT('',(-32.70100007546,-4.388388949206,
    30.994249541852));
#2319 = CARTESIAN_POINT('',(-32.61972453937,-4.760770740417,
    30.313315060074));
#2320 = CARTESIAN_POINT('',(-32.53848839305,-5.010457642166,
    29.584407654018));
#2321 = CARTESIAN_POINT('',(-32.3903566328,-5.23276503052,
    28.219556548837));
#2322 = CARTESIAN_POINT('',(-32.32355901432,-5.2468843634,
    27.589666742641));
#2323 = CARTESIAN_POINT('',(-32.25675940894,-5.172369438607,
    26.960833493156));
#2324 = CARTESIAN_POINT('',(-32.18990652883,-5.009929120773,
    26.347289834427));
#2325 = CARTESIAN_POINT('',(-32.12300258658,-4.763334534709,
    25.762960163063));
#2326 = CARTESIAN_POINT('',(-32.05610329522,-4.439419065399,
    25.221460238235));
#2327 = CARTESIAN_POINT('',(-31.92777515975,-3.687458262512,
    24.288835579454));
#2328 = CARTESIAN_POINT('',(-31.86619104071,-3.268705397392,
    23.887598775995));
#2329 = CARTESIAN_POINT('',(-31.80458235717,-2.799578147219,
    23.541971754102));
#2330 = CARTESIAN_POINT('',(-31.74296623975,-2.288966226161,
    23.259514535465));
#2331 = CARTESIAN_POINT('',(-31.68136010369,-1.746890677973,
    23.04576218066));
#2332 = CARTESIAN_POINT('',(-31.61978164877,-1.184503876008,
    22.904224789151));
#2333 = CARTESIAN_POINT('',(-31.44517076351,0.434154339233,
    22.711723695877));
#2334 = CARTESIAN_POINT('',(-31.33137902375,1.519392598568,
    22.834773916642));
#2335 = CARTESIAN_POINT('',(-31.21812551191,2.555304903241,
    23.219908322783));
#2336 = CARTESIAN_POINT('',(-31.10524334823,3.475705115227,
    23.840755841922));
#2337 = CARTESIAN_POINT('',(-30.99201060195,4.220890001572,
    24.657299738476));
#2338 = CARTESIAN_POINT('',(-30.8781735698,4.741227847191,
    25.617901457738));
#2339 = CARTESIAN_POINT('',(-30.61982088654,5.373738252921,
    27.945260117129));
#2340 = CARTESIAN_POINT('',(-30.47149649666,5.337271620662,
    29.389589666417));
#2341 = CARTESIAN_POINT('',(-30.326961665,4.831581465632,30.76975989343)
  );
#2342 = CARTESIAN_POINT('',(-30.18047825312,3.94013515435,31.93611444576
    ));
#2343 = CARTESIAN_POINT('',(-30.03592579631,2.740469922739,
    32.786250735702));
#2344 = CARTESIAN_POINT('',(-29.88758362508,1.35616565416,33.2));
#2345 = CARTESIAN_POINT('',(-29.74230587784,1.7763568394E-15,33.2));
#2346 = ORIENTED_EDGE('',*,*,#2347,.T.);
#2347 = EDGE_CURVE('',#2305,#2348,#2350,.T.);
#2348 = VERTEX_POINT('',#2349);
#2349 = CARTESIAN_POINT('',(-26.24231537198,1.273632671113E-15,33.2));
#2350 = B_SPLINE_CURVE_WITH_KNOTS('',8,(#2351,#2352,#2353,#2354,#2355,
    #2356,#2357,#2358,#2359,#2360,#2361,#2362,#2363,#2364,#2365,#2366,
    #2367,#2368,#2369,#2370,#2371,#2372,#2373,#2374,#2375,#2376,#2377,
    #2378,#2379,#2380,#2381,#2382,#2383,#2384,#2385,#2386,#2387),
  .UNSPECIFIED.,.F.,.F.,(9,7,7,7,7,9),(0.,0.161039963625,0.287626409272,
    0.493571596687,0.778631359382,1.),.UNSPECIFIED.);
#2351 = CARTESIAN_POINT('',(-29.74230587784,1.7763568394E-15,33.2));
#2352 = CARTESIAN_POINT('',(-29.67201107131,-0.656200994862,33.2));
#2353 = CARTESIAN_POINT('',(-29.60167947139,-1.313607226515,
    33.105101059094));
#2354 = CARTESIAN_POINT('',(-29.53131338755,-1.954577368224,
    32.915588233793));
#2355 = CARTESIAN_POINT('',(-29.46092157465,-2.563028236902,
    32.634679643161));
#2356 = CARTESIAN_POINT('',(-29.39051923293,-3.124434793107,
    32.268526468813));
#2357 = CARTESIAN_POINT('',(-29.32012800803,-3.625830141043,
    31.826212954922));
#2358 = CARTESIAN_POINT('',(-29.24977599097,-4.05580552856,
    31.319756408212));
#2359 = CARTESIAN_POINT('',(-29.12425505316,-4.678611896685,
    30.327335747138));
#2360 = CARTESIAN_POINT('',(-29.0689717959,-4.903417488525,
    29.85917116943));
#2361 = CARTESIAN_POINT('',(-29.01372014882,-5.074323098936,
    29.366685397321));
#2362 = CARTESIAN_POINT('',(-28.95851743084,-5.188442883472,
    28.857280322692));
#2363 = CARTESIAN_POINT('',(-28.90334396574,-5.244113706931,
    28.338484835637));
#2364 = CARTESIAN_POINT('',(-28.8481692157,-5.240728132872,
    27.817888207772));
#2365 = CARTESIAN_POINT('',(-28.79297703358,-5.178786126594,
    27.303113694783));
#2366 = CARTESIAN_POINT('',(-28.64798158954,-4.86689164225,
    25.986038510985));
#2367 = CARTESIAN_POINT('',(-28.55769336845,-4.522335039336,
    25.201504734678));
#2368 = CARTESIAN_POINT('',(-28.46767734716,-4.033162364988,
    24.487779270159));
#2369 = CARTESIAN_POINT('',(-28.37777446082,-3.418410347254,
    23.874600311435));
#2370 = CARTESIAN_POINT('',(-28.28789470152,-2.701894520086,
    23.384962059692));
#2371 = CARTESIAN_POINT('',(-28.19795144309,-1.910696928045,
    23.037223397801));
#2372 = CARTESIAN_POINT('',(-28.10775426098,-1.076744246677,
    22.843974998734));
#2373 = CARTESIAN_POINT('',(-27.89346506466,0.921526163835,
    22.752189397288));
#2374 = CARTESIAN_POINT('',(-27.76704816236,2.113856707033,
    22.994796134045));
#2375 = CARTESIAN_POINT('',(-27.64237448278,3.216526350319,
    23.551458307954));
#2376 = CARTESIAN_POINT('',(-27.51770294796,4.144365327023,
    24.37403595736));
#2377 = CARTESIAN_POINT('',(-27.39301169123,4.836773353025,
    25.402930263422));
#2378 = CARTESIAN_POINT('',(-27.26828571393,5.241985232797,
    26.570457819137));
#2379 = CARTESIAN_POINT('',(-27.14181043764,5.323767671036,
    27.784936897829));
#2380 = CARTESIAN_POINT('',(-26.92078886219,4.955692273299,
    29.815073988135));
#2381 = CARTESIAN_POINT('',(-26.82356080125,4.617857063204,30.6762663808
    ));
#2382 = CARTESIAN_POINT('',(-26.72672106447,4.10839902395,
    31.460348111179));
#2383 = CARTESIAN_POINT('',(-26.62993833818,3.451405543632,
    32.131941207134));
#2384 = CARTESIAN_POINT('',(-26.5331590087,2.673455192539,
    32.659085142101));
#2385 = CARTESIAN_POINT('',(-26.43627949531,1.810721561755,
    33.021054784904));
#2386 = CARTESIAN_POINT('',(-26.33897196328,0.902267791516,33.2));
#2387 = CARTESIAN_POINT('',(-26.24231537198,-1.7763568394E-15,33.2));
#2388 = ORIENTED_EDGE('',*,*,#2389,.T.);
#2389 = EDGE_CURVE('',#2348,#2390,#2392,.T.);
#2390 = VERTEX_POINT('',#2391);
#2391 = CARTESIAN_POINT('',(-22.74230769231,1.273632671113E-15,33.2));
#2392 = B_SPLINE_CURVE_WITH_KNOTS('',7,(#2393,#2394,#2395,#2396,#2397,
    #2398,#2399,#2400,#2401,#2402,#2403,#2404,#2405,#2406,#2407,#2408,
    #2409,#2410,#2411,#2412,#2413,#2414,#2415,#2416,#2417,#2418,#2419,
    #2420,#2421,#2422,#2423,#2424),.UNSPECIFIED.,.F.,.F.,(8,6,6,6,6,8),(
    0.,0.151646801781,0.377168325952,0.658409109467,0.812121535066,1.),
  .UNSPECIFIED.);
#2393 = CARTESIAN_POINT('',(-26.24231537198,-1.7763568394E-15,33.2));
#2394 = CARTESIAN_POINT('',(-26.16675133623,-0.705373474754,33.2));
#2395 = CARTESIAN_POINT('',(-26.09107368763,-1.412546379009,
    33.087905589597));
#2396 = CARTESIAN_POINT('',(-26.01535809362,-2.0977314123,
    32.864196070149));
#2397 = CARTESIAN_POINT('',(-25.93965437991,-2.739685441408,
    32.533892899706));
#2398 = CARTESIAN_POINT('',(-25.86398653048,-3.319709500364,
    32.10655969301));
#2399 = CARTESIAN_POINT('',(-25.78835268757,-3.821648790442,
    31.596302221496));
#2400 = CARTESIAN_POINT('',(-25.60025567031,-4.841986834516,
    30.167350525192));
#2401 = CARTESIAN_POINT('',(-25.48703685627,-5.255100579462,
    29.162727905045));
#2402 = CARTESIAN_POINT('',(-25.3743818464,-5.417406898951,
    28.075534629913));
#2403 = CARTESIAN_POINT('',(-25.26207839598,-5.320379109078,
    26.975725027516));
#2404 = CARTESIAN_POINT('',(-25.14938488468,-4.969950359756,
    25.933678047031));
#2405 = CARTESIAN_POINT('',(-25.03608222835,-4.386497107979,
    25.016452760213));
#2406 = CARTESIAN_POINT('',(-24.78328583013,-2.699284517228,
    23.366525277671));
#2407 = CARTESIAN_POINT('',(-24.64041267333,-1.476183884779,
    22.709991898108));
#2408 = CARTESIAN_POINT('',(-24.50074373905,-8.825241297904E-02,
    22.457492666192));
#2409 = CARTESIAN_POINT('',(-24.35945452606,1.313980215523,
    22.614204931349));
#2410 = CARTESIAN_POINT('',(-24.21971509386,2.611818920936,
    23.168953419598));
#2411 = CARTESIAN_POINT('',(-24.07689686516,3.658619019596,
    24.079659162862));
#2412 = CARTESIAN_POINT('',(-23.85996250051,4.756924920511,
    25.781027984842));
#2413 = CARTESIAN_POINT('',(-23.78321185789,5.049194493896,
    26.446186957156));
#2414 = CARTESIAN_POINT('',(-23.70639966242,5.232434242051,
    27.154524355156));
#2415 = CARTESIAN_POINT('',(-23.62955528586,5.299043309055,
    27.884727777566));
#2416 = CARTESIAN_POINT('',(-23.55271296721,5.246978173519,
    28.614889377376));
#2417 = CARTESIAN_POINT('',(-23.47591181269,5.079752648584,
    29.322505861845));
#2418 = CARTESIAN_POINT('',(-23.30542792085,4.472372769075,
    30.793589409799));
#2419 = CARTESIAN_POINT('',(-23.21159772855,3.977496160932,
    31.539381321051));
#2420 = CARTESIAN_POINT('',(-23.11770284491,3.34081575793,32.17985865542
    ));
#2421 = CARTESIAN_POINT('',(-23.02376600382,2.58830468319,
    32.683062676143));
#2422 = CARTESIAN_POINT('',(-22.92983504702,1.752901482517,
    33.027071480539));
#2423 = CARTESIAN_POINT('',(-22.83598292406,0.874510124397,33.2));
#2424 = CARTESIAN_POINT('',(-22.74230769231,2.6645352591E-15,33.2));
#2425 = ORIENTED_EDGE('',*,*,#2426,.T.);
#2426 = EDGE_CURVE('',#2390,#2427,#2429,.T.);
#2427 = VERTEX_POINT('',#2428);
#2428 = CARTESIAN_POINT('',(-19.24231388946,1.273632671113E-15,33.2));
#2429 = B_SPLINE_CURVE_WITH_KNOTS('',8,(#2430,#2431,#2432,#2433,#2434,
    #2435,#2436,#2437,#2438,#2439,#2440,#2441,#2442,#2443,#2444,#2445,
    #2446,#2447,#2448,#2449,#2450,#2451,#2452,#2453,#2454,#2455,#2456,
    #2457,#2458,#2459,#2460,#2461,#2462,#2463,#2464,#2465,#2466),
  .UNSPECIFIED.,.F.,.F.,(9,7,7,7,7,9),(0.,0.166736675356,0.452856706434,
    0.478755413409,0.740517565397,1.),.UNSPECIFIED.);
#2430 = CARTESIAN_POINT('',(-22.74230769231,2.6645352591E-15,33.2));
#2431 = CARTESIAN_POINT('',(-22.6697054382,-0.677782217251,33.2));
#2432 = CARTESIAN_POINT('',(-22.59694311158,-1.356961515578,
    33.099018650437));
#2433 = CARTESIAN_POINT('',(-22.5242771807,-2.017707683727,
    32.896426708326));
#2434 = CARTESIAN_POINT('',(-22.45168521121,-2.642486182861,
    32.596796181304));
#2435 = CARTESIAN_POINT('',(-22.3791144739,-3.215584663642,
    32.207708688377));
#2436 = CARTESIAN_POINT('',(-22.30650499746,-3.722815336658,
    31.739062646691));
#2437 = CARTESIAN_POINT('',(-22.23380083171,-4.151783040176,
    31.203506766413));
#2438 = CARTESIAN_POINT('',(-22.03651730369,-5.078823724981,
    29.612258597687));
#2439 = CARTESIAN_POINT('',(-21.90962984529,-5.418019933345,
    28.438612631646));
#2440 = CARTESIAN_POINT('',(-21.78459744961,-5.429959793283,
    27.200655580593));
#2441 = CARTESIAN_POINT('',(-21.65963041223,-5.13383120467,
    25.99175094554));
#2442 = CARTESIAN_POINT('',(-21.53451333821,-4.530503979957,
    24.902593851921));
#2443 = CARTESIAN_POINT('',(-21.40961575654,-3.682820086006,
    24.00161247939));
#2444 = CARTESIAN_POINT('',(-21.28263723482,-2.636442592409,
    23.369221763012));
#2445 = CARTESIAN_POINT('',(-21.14665634977,-1.422764732106,
    22.997316526179));
#2446 = CARTESIAN_POINT('',(-21.13536940345,-1.32130967989,
    22.968779688286));
#2447 = CARTESIAN_POINT('',(-21.12408236733,-1.219201957735,
    22.942594734897));
#2448 = CARTESIAN_POINT('',(-21.11279518027,-1.11650464344,
    22.918778867964));
#2449 = CARTESIAN_POINT('',(-21.10150777881,-1.013281252632,
    22.897347276418));
#2450 = CARTESIAN_POINT('',(-21.09022009722,-0.909595738765,
    22.878313136174));
#2451 = CARTESIAN_POINT('',(-21.07893206747,-0.805512493121,
    22.861687610124));
#2452 = CARTESIAN_POINT('',(-20.95354956418,0.354253472871,
    22.703879847004));
#2453 = CARTESIAN_POINT('',(-20.83809069805,1.455751974118,
    22.805972637229));
#2454 = CARTESIAN_POINT('',(-20.72367397541,2.515336177503,
    23.173932601488));
#2455 = CARTESIAN_POINT('',(-20.60933149376,3.463085275017,
    23.782577937085));
#2456 = CARTESIAN_POINT('',(-20.49499823601,4.244610363224,
    24.593798268743));
#2457 = CARTESIAN_POINT('',(-20.38056780757,4.811996534963,
    25.561740578156));
#2458 = CARTESIAN_POINT('',(-20.265014734,5.126420635335,26.623360260387
    ));
#2459 = CARTESIAN_POINT('',(-20.03772311928,5.254156669258,
    28.741265097083));
#2460 = CARTESIAN_POINT('',(-19.92322805655,5.073327289836,
    29.82269316639));
#2461 = CARTESIAN_POINT('',(-19.80979621082,4.635244419451,
    30.843384005281));
#2462 = CARTESIAN_POINT('',(-19.69653019831,3.969295493801,
    31.738025804755));
#2463 = CARTESIAN_POINT('',(-19.58324334442,3.116195460201,
    32.456268138405));
#2464 = CARTESIAN_POINT('',(-19.46981613238,2.123861521923,
    32.954517204075));
#2465 = CARTESIAN_POINT('',(-19.35544211227,1.056081583309,33.2));
#2466 = CARTESIAN_POINT('',(-19.24231388946,-7.105427357601E-15,33.2));
#2467 = ORIENTED_EDGE('',*,*,#2468,.T.);
#2468 = EDGE_CURVE('',#2427,#2469,#2471,.T.);
#2469 = VERTEX_POINT('',#2470);
#2470 = CARTESIAN_POINT('',(-15.74230514335,1.273632671113E-15,33.2));
#2471 = B_SPLINE_CURVE_WITH_KNOTS('',8,(#2472,#2473,#2474,#2475,#2476,
    #2477,#2478,#2479,#2480,#2481,#2482,#2483,#2484,#2485,#2486,#2487,
    #2488,#2489,#2490,#2491,#2492,#2493,#2494,#2495,#2496,#2497,#2498,
    #2499,#2500,#2501,#2502,#2503,#2504,#2505,#2506,#2507,#2508,#2509,
    #2510,#2511,#2512,#2513,#2514,#2515),.UNSPECIFIED.,.F.,.F.,(9,7,7,7,
    7,7,9),(0.,0.167742218056,0.337382557328,0.523024817794,
    0.703229162901,0.843223909361,1.),.UNSPECIFIED.);
#2472 = CARTESIAN_POINT('',(-19.24231388946,-7.105427357601E-15,33.2));
#2473 = CARTESIAN_POINT('',(-19.16904318948,-0.684001170786,33.2));
#2474 = CARTESIAN_POINT('',(-19.09570315779,-1.369643841232,
    33.096804674536));
#2475 = CARTESIAN_POINT('',(-19.022310416,-2.036674550479,
    32.890766453034));
#2476 = CARTESIAN_POINT('',(-18.94888565393,-2.66678327647,
    32.585680147593));
#2477 = CARTESIAN_POINT('',(-18.87545362952,-3.243603435951,
    32.188782952981));
#2478 = CARTESIAN_POINT('',(-18.80204316891,-3.752711884473,
    31.710754446643));
#2479 = CARTESIAN_POINT('',(-18.72868716638,-4.181628916387,
    31.165716588695));
#2480 = CARTESIAN_POINT('',(-18.58132896215,-4.861834463725,
    29.970023863253));
#2481 = CARTESIAN_POINT('',(-18.50707341493,-5.113196473177,
    29.315409507429));
#2482 = CARTESIAN_POINT('',(-18.43290373419,-5.262856022586,
    28.6256617226));
#2483 = CARTESIAN_POINT('',(-18.35882615745,-5.30589884689,
    27.919133174915));
#2484 = CARTESIAN_POINT('',(-18.2847512681,-5.241233087929,
    27.214325881654));
#2485 = CARTESIAN_POINT('',(-18.21060571535,-5.070742238953,
    26.529749400245));
#2486 = CARTESIAN_POINT('',(-18.13640975445,-4.7999026323,
    25.883569453138));
#2487 = CARTESIAN_POINT('',(-17.98124274085,-4.045866537524,
    24.64682141712));
#2488 = CARTESIAN_POINT('',(-17.89992138525,-3.543164376044,
    24.064211232939));
#2489 = CARTESIAN_POINT('',(-17.81873728146,-2.945347498228,
    23.569673809555));
#2490 = CARTESIAN_POINT('',(-17.73759999746,-2.271082759448,
    23.180203344977));
#2491 = CARTESIAN_POINT('',(-17.65645157785,-1.541414373143,
    22.908071201813));
#2492 = CARTESIAN_POINT('',(-17.57523521113,-0.779164742006,
    22.761831641333));
#2493 = CARTESIAN_POINT('',(-17.49386530065,-9.375337120301E-03,
    22.745144027996));
#2494 = CARTESIAN_POINT('',(-17.33398184512,1.467964558409,
    22.957622865061));
#2495 = CARTESIAN_POINT('',(-17.2549045957,2.181761441567,
    23.180297133451));
#2496 = CARTESIAN_POINT('',(-17.17594182021,2.855144344936,
    23.518896930747));
#2497 = CARTESIAN_POINT('',(-17.097063155,3.466679800879,23.963262397584
    ));
#2498 = CARTESIAN_POINT('',(-17.01822243282,3.997809814954,
    24.500526324752));
#2499 = CARTESIAN_POINT('',(-16.93935695637,4.433588332416,
    25.113941440606));
#2500 = CARTESIAN_POINT('',(-16.8603857266,4.761777165374,
    25.784674518557));
#2501 = CARTESIAN_POINT('',(-16.72022805417,5.141896411406,
    27.036608060126));
#2502 = CARTESIAN_POINT('',(-16.65892887488,5.239372113691,
    27.605545783055));
#2503 = CARTESIAN_POINT('',(-16.5976085517,5.264875140725,
    28.185059485356));
#2504 = CARTESIAN_POINT('',(-16.53627323745,5.217076850881,
    28.764398385317));
#2505 = CARTESIAN_POINT('',(-16.47493575795,5.096575807375,
    29.333062838036));
#2506 = CARTESIAN_POINT('',(-16.413615612,4.905897778262,29.880804335414
    ));
#2507 = CARTESIAN_POINT('',(-16.35233897139,4.649495736441,
    30.397625506164));
#2508 = CARTESIAN_POINT('',(-16.22260223553,3.980155132344,
    31.407011970045));
#2509 = CARTESIAN_POINT('',(-16.15400335399,3.550575310112,
    31.891425093942));
#2510 = CARTESIAN_POINT('',(-16.08536786475,3.054400535966,
    32.313468843464));
#2511 = CARTESIAN_POINT('',(-16.01671816549,2.502402990179,
    32.662251511231));
#2512 = CARTESIAN_POINT('',(-15.94807322307,1.906736890276,
    32.929540326518));
#2513 = CARTESIAN_POINT('',(-15.87944857355,1.280938491042,
    33.109761455249));
#2514 = CARTESIAN_POINT('',(-15.81085632217,0.639926084518,33.2));
#2515 = CARTESIAN_POINT('',(-15.74230514335,-8.881784197001E-16,33.2));
#2516 = ORIENTED_EDGE('',*,*,#2517,.T.);
#2517 = EDGE_CURVE('',#2469,#2518,#2520,.T.);
#2518 = VERTEX_POINT('',#2519);
#2519 = CARTESIAN_POINT('',(-12.24231268801,1.273632671113E-15,33.2));
#2520 = B_SPLINE_CURVE_WITH_KNOTS('',8,(#2521,#2522,#2523,#2524,#2525,
    #2526,#2527,#2528,#2529,#2530,#2531,#2532,#2533,#2534,#2535,#2536,
    #2537,#2538,#2539,#2540,#2541,#2542,#2543,#2544,#2545,#2546,#2547,
    #2548,#2549,#2550,#2551,#2552,#2553,#2554,#2555,#2556,#2557),
  .UNSPECIFIED.,.F.,.F.,(9,7,7,7,7,9),(0.,0.144762069879,0.313097472079,
    0.477078831452,0.719157129755,1.),.UNSPECIFIED.);
#2521 = CARTESIAN_POINT('',(-15.74230514335,-8.881784197001E-16,33.2));
#2522 = CARTESIAN_POINT('',(-15.67914004089,-0.589646996537,33.2));
#2523 = CARTESIAN_POINT('',(-15.61596603561,-1.179390246614,
    33.123585933864));
#2524 = CARTESIAN_POINT('',(-15.55281358545,-1.757383013564,
    32.970715240903));
#2525 = CARTESIAN_POINT('',(-15.48964913643,-2.312392822016,
    32.743646441377));
#2526 = CARTESIAN_POINT('',(-15.42644088213,-2.833624021474,
    32.446278205367));
#2527 = CARTESIAN_POINT('',(-15.36317803345,-3.310952267751,
    32.084417619211));
#2528 = CARTESIAN_POINT('',(-15.29987942444,-3.734893540917,
    31.665782975415));
#2529 = CARTESIAN_POINT('',(-15.16331866048,-4.519698338617,
    30.661216703282));
#2530 = CARTESIAN_POINT('',(-15.08982456698,-4.861005762436,
    30.055946771419));
#2531 = CARTESIAN_POINT('',(-15.01628063859,-5.109421266753,
    29.401876406235));
#2532 = CARTESIAN_POINT('',(-14.94271026114,-5.256623657766,
    28.715922578294));
#2533 = CARTESIAN_POINT('',(-14.86913720835,-5.298223235437,
    28.015550122348));
#2534 = CARTESIAN_POINT('',(-14.79558564189,-5.233761793487,
    27.318771737334));
#2535 = CARTESIAN_POINT('',(-14.7220801113,-5.066712619405,
    26.644147986381));
#2536 = CARTESIAN_POINT('',(-14.57711040247,-4.549031077612,
    25.39380866074));
#2537 = CARTESIAN_POINT('',(-14.50549198308,-4.20182498785,
    24.813112808104));
#2538 = CARTESIAN_POINT('',(-14.4338543453,-3.770897567369,
    24.285962521435));
#2539 = CARTESIAN_POINT('',(-14.36223816588,-3.266233147572,
    23.826777068503));
#2540 = CARTESIAN_POINT('',(-14.29066074898,-2.699765049041,
    23.447132202316));
#2541 = CARTESIAN_POINT('',(-14.21911602617,-2.085375581543,
    23.155760161114));
#2542 = CARTESIAN_POINT('',(-14.14757455637,-1.438896044025,
    22.958549668373));
#2543 = CARTESIAN_POINT('',(-13.97029691079,0.197386798488,
    22.710914920208));
#2544 = CARTESIAN_POINT('',(-13.86374270723,1.21293257689,
    22.773790464465));
#2545 = CARTESIAN_POINT('',(-13.75777776552,2.201829342548,
    23.06221247435));
#2546 = CARTESIAN_POINT('',(-13.65200622325,3.108717529252,
    23.560539333944));
#2547 = CARTESIAN_POINT('',(-13.54622642196,3.887352249562,
    24.242318347313));
#2548 = CARTESIAN_POINT('',(-13.4402486103,4.496563759141,
    25.073385589431));
#2549 = CARTESIAN_POINT('',(-13.33370204235,4.902791943847,
    26.006151872289));
#2550 = CARTESIAN_POINT('',(-13.1054798177,5.323562877937,
    28.094739931165));
#2551 = CARTESIAN_POINT('',(-12.98094828539,5.270357661693,
    29.291156086226));
#2552 = CARTESIAN_POINT('',(-12.85805571694,4.903283408988,
    30.449519206501));
#2553 = CARTESIAN_POINT('',(-12.73517402475,4.254016229632,
    31.482349406769));
#2554 = CARTESIAN_POINT('',(-12.61230413727,3.369764904664,
    32.322924052731));
#2555 = CARTESIAN_POINT('',(-12.48942674332,2.306568660159,
    32.911602912248));
#2556 = CARTESIAN_POINT('',(-12.36488186581,1.144180732878,33.2));
#2557 = CARTESIAN_POINT('',(-12.24231268801,-6.217248937901E-15,33.2));
#2558 = ORIENTED_EDGE('',*,*,#2559,.T.);
#2559 = EDGE_CURVE('',#2518,#2560,#2562,.T.);
#2560 = VERTEX_POINT('',#2561);
#2561 = CARTESIAN_POINT('',(-8.742310681535,1.273632671113E-15,33.2));
#2562 = B_SPLINE_CURVE_WITH_KNOTS('',8,(#2563,#2564,#2565,#2566,#2567,
    #2568,#2569,#2570,#2571,#2572,#2573,#2574,#2575,#2576,#2577,#2578,
    #2579,#2580,#2581,#2582,#2583,#2584,#2585,#2586,#2587,#2588,#2589,
    #2590,#2591,#2592,#2593,#2594,#2595,#2596,#2597,#2598,#2599,#2600,
    #2601,#2602,#2603,#2604,#2605,#2606),.UNSPECIFIED.,.F.,.F.,(9,7,7,7,
    7,7,9),(0.,0.158256912356,0.285765612255,0.500608430422,
    0.658719128995,0.814311857544,1.),.UNSPECIFIED.);
#2563 = CARTESIAN_POINT('',(-12.24231268801,-6.217248937901E-15,33.2));
#2564 = CARTESIAN_POINT('',(-12.1732341478,-0.644846740185,33.2));
#2565 = CARTESIAN_POINT('',(-12.10397726306,-1.29135369179,
    33.108608169737));
#2566 = CARTESIAN_POINT('',(-12.03479907363,-1.921994970651,
    32.925011735362));
#2567 = CARTESIAN_POINT('',(-11.96568652405,-2.521543672422,
    32.653250266119));
#2568 = CARTESIAN_POINT('',(-11.89661362692,-3.076179017596,
    32.299387674759));
#2569 = CARTESIAN_POINT('',(-11.82753157688,-3.57356209571,
    31.871958146597));
#2570 = CARTESIAN_POINT('',(-11.75839990582,-4.002772089488,
    31.381423440538));
#2571 = CARTESIAN_POINT('',(-11.63360700211,-4.639250751108,
    30.405730697245));
#2572 = CARTESIAN_POINT('',(-11.57790691796,-4.873730690568,
    29.937571995279));
#2573 = CARTESIAN_POINT('',(-11.52218120775,-5.054081124703,
    29.443593087277));
#2574 = CARTESIAN_POINT('',(-11.46642875598,-5.176966457765,
    28.931089230112));
#2575 = CARTESIAN_POINT('',(-11.41065550375,-5.24032797778,
    28.407666829473));
#2576 = CARTESIAN_POINT('',(-11.35487444876,-5.243383856548,
    27.881243439863));
#2577 = CARTESIAN_POINT('',(-11.29910564532,-5.186629149643,
    27.360047764602));
#2578 = CARTESIAN_POINT('',(-11.14947617901,-4.878417405875,
    25.997640466224));
#2579 = CARTESIAN_POINT('',(-11.05538363732,-4.517243165954,
    25.175224929356));
#2580 = CARTESIAN_POINT('',(-10.96115957266,-4.000601545698,
    24.42932075981));
#2581 = CARTESIAN_POINT('',(-10.86686725398,-3.347443049232,
    23.795509834204));
#2582 = CARTESIAN_POINT('',(-10.77257222584,-2.583380215769,
    23.301008191184));
#2583 = CARTESIAN_POINT('',(-10.67834230837,-1.740687619601,
    22.964666031421));
#2584 = CARTESIAN_POINT('',(-10.58424759731,-0.858301870105,
    22.796967717617));
#2585 = CARTESIAN_POINT('',(-10.42126548393,0.663212311747,
    22.802286726184));
#2586 = CARTESIAN_POINT('',(-10.35213886562,1.308893729009,
    22.896265259853));
#2587 = CARTESIAN_POINT('',(-10.2829919972,1.938574995292,
    23.081521068426));
#2588 = CARTESIAN_POINT('',(-10.21383549946,2.537052555547,
    23.354939097686));
#2589 = CARTESIAN_POINT('',(-10.14467922582,3.090566944435,
    23.710735546283));
#2590 = CARTESIAN_POINT('',(-10.07553226236,3.586802786328,
    24.14045786573));
#2591 = CARTESIAN_POINT('',(-10.00640292777,4.014888795303,
    24.63298476041));
#2592 = CARTESIAN_POINT('',(-9.869295127719,4.710324772797,
    25.707443371761));
#2593 = CARTESIAN_POINT('',(-9.801146407847,4.981644827106,
    26.289649233734));
#2594 = CARTESIAN_POINT('',(-9.733007038983,5.170108442303,
    26.907990559393));
#2595 = CARTESIAN_POINT('',(-9.664907701896,5.270542885055,
    27.548486369563));
#2596 = CARTESIAN_POINT('',(-9.596810594731,5.280530883412,
    28.196733678465));
#2597 = CARTESIAN_POINT('',(-9.528671743591,5.199980737329,
    28.838173220184));
#2598 = CARTESIAN_POINT('',(-9.460510361912,5.031587840747,
    29.458215143113));
#2599 = CARTESIAN_POINT('',(-9.311302447675,4.484547326848,
    30.739195833429));
#2600 = CARTESIAN_POINT('',(-9.229863097529,4.069745890962,
    31.388904966445));
#2601 = CARTESIAN_POINT('',(-9.148515915776,3.548002391778,
    31.964691619187));
#2602 = CARTESIAN_POINT('',(-9.067293677317,2.935252597103,
    32.447026207555));
#2603 = CARTESIAN_POINT('',(-8.986083106822,2.250910048784,
    32.820684785237));
#2604 = CARTESIAN_POINT('',(-8.904778520243,1.516783909916,
    33.073973109052));
#2605 = CARTESIAN_POINT('',(-8.823419225382,0.757153568851,33.2));
#2606 = CARTESIAN_POINT('',(-8.742310681535,-6.217248937901E-15,33.2));
#2607 = ORIENTED_EDGE('',*,*,#2608,.T.);
#2608 = EDGE_CURVE('',#2560,#2609,#2611,.T.);
#2609 = VERTEX_POINT('',#2610);
#2610 = CARTESIAN_POINT('',(-5.24230587784,1.273632671113E-15,33.2));
#2611 = B_SPLINE_CURVE_WITH_KNOTS('',8,(#2612,#2613,#2614,#2615,#2616,
    #2617,#2618,#2619,#2620,#2621,#2622,#2623,#2624,#2625,#2626,#2627,
    #2628,#2629,#2630,#2631,#2632,#2633,#2634,#2635,#2636,#2637,#2638,
    #2639,#2640,#2641,#2642,#2643,#2644,#2645,#2646,#2647,#2648,#2649,
    #2650,#2651,#2652,#2653,#2654,#2655),.UNSPECIFIED.,.F.,.F.,(9,7,7,7,
    7,7,9),(0.,0.153636027261,0.253828543302,0.408899827051,
    0.549665770258,0.762471677979,1.),.UNSPECIFIED.);
#2612 = CARTESIAN_POINT('',(-8.742310681535,-6.217248937901E-15,33.2));
#2613 = CARTESIAN_POINT('',(-8.675169141425,-0.626770674219,33.2));
#2614 = CARTESIAN_POINT('',(-8.607950701052,-1.254259655822,
    33.113660731309));
#2615 = CARTESIAN_POINT('',(-8.540773450545,-1.867468119981,
    32.940640804116));
#2616 = CARTESIAN_POINT('',(-8.473610256536,-2.452701773218,
    32.684110232506));
#2617 = CARTESIAN_POINT('',(-8.406428293702,-2.997108986036,
    32.349227859249));
#2618 = CARTESIAN_POINT('',(-8.339206342886,-3.488963257092,
    31.943472268263));
#2619 = CARTESIAN_POINT('',(-8.271945136739,-3.91744146794,
    31.476480238096));
#2620 = CARTESIAN_POINT('',(-8.161101580716,-4.506788510256,
    30.62596312948));
#2621 = CARTESIAN_POINT('',(-8.117363500494,-4.70932512766,
    30.269431315111));
#2622 = CARTESIAN_POINT('',(-8.07361185206,-4.87952451813,
    29.895112284737));
#2623 = CARTESIAN_POINT('',(-8.029832584553,-5.015596158493,
    29.506305451114));
#2624 = CARTESIAN_POINT('',(-7.986025826225,-5.116202732638,
    29.106585555474));
#2625 = CARTESIAN_POINT('',(-7.942205884443,-5.180460131516,
    28.699802667531));
#2626 = CARTESIAN_POINT('',(-7.898401245693,-5.207937453143,
    28.290082185477));
#2627 = CARTESIAN_POINT('',(-7.786946401716,-5.18429334114,
    27.249951380879));
#2628 = CARTESIAN_POINT('',(-7.719141060512,-5.081715875475,
    26.618524443424));
#2629 = CARTESIAN_POINT('',(-7.65128947209,-4.891619961801,
    26.003588763718));
#2630 = CARTESIAN_POINT('',(-7.583428898001,-4.617154803232,
    25.419704907823));
#2631 = CARTESIAN_POINT('',(-7.515582941219,-4.263923449789,
    24.87994926776));
#2632 = CARTESIAN_POINT('',(-7.447761546138,-3.839982798404,
    24.395914061513));
#2633 = CARTESIAN_POINT('',(-7.37996099858,-3.355843592916,
    23.977707333027));
#2634 = CARTESIAN_POINT('',(-7.250621139345,-2.342116480143,
    23.321909945421));
#2635 = CARTESIAN_POINT('',(-7.189116966469,-1.820296561974,
    23.070673682391));
#2636 = CARTESIAN_POINT('',(-7.127609439166,-1.268407332268,
    22.886284411568));
#2637 = CARTESIAN_POINT('',(-7.066076358353,-0.696268556761,
    22.772904397836));
#2638 = CARTESIAN_POINT('',(-7.004515293844,-0.114123104215,
    22.732817922507));
#2639 = CARTESIAN_POINT('',(-6.94294358436,0.467363053575,
    22.766431283328));
#2640 = CARTESIAN_POINT('',(-6.881398337524,1.037100841784,
    22.872272794474));
#2641 = CARTESIAN_POINT('',(-6.727020084098,2.409726670938,
    23.31112944962));
#2642 = CARTESIAN_POINT('',(-6.633649409225,3.189826359031,
    23.734308748257));
#2643 = CARTESIAN_POINT('',(-6.540475883027,3.880875281078,
    24.304971166923));
#2644 = CARTESIAN_POINT('',(-6.447547128658,4.452717267447,
    25.000272936813));
#2645 = CARTESIAN_POINT('',(-6.354622185276,4.882177969063,
    25.791406401851));
#2646 = CARTESIAN_POINT('',(-6.261465334635,5.151450930106,
    26.646034732453));
#2647 = CARTESIAN_POINT('',(-6.168118483612,5.250733608989,
    27.52784098706));
#2648 = CARTESIAN_POINT('',(-5.971385488798,5.111869748561,
    29.359072885336));
#2649 = CARTESIAN_POINT('',(-5.866756051533,4.832222229487,
    30.317298535323));
#2650 = CARTESIAN_POINT('',(-5.762726791454,4.346235580797,
    31.203145551307));
#2651 = CARTESIAN_POINT('',(-5.658805845369,3.679654801155,
    31.968128376767));
#2652 = CARTESIAN_POINT('',(-5.554891825108,2.866636037685,
    32.575209401458));
#2653 = CARTESIAN_POINT('',(-5.450845012767,1.946625768125,
    32.99335441262));
#2654 = CARTESIAN_POINT('',(-5.346121314867,0.969115592263,33.2));
#2655 = CARTESIAN_POINT('',(-5.24230587784,4.440892098501E-15,33.2));
#2656 = ORIENTED_EDGE('',*,*,#2657,.T.);
#2657 = EDGE_CURVE('',#2609,#2658,#2660,.T.);
#2658 = VERTEX_POINT('',#2659);
#2659 = CARTESIAN_POINT('',(-1.742315371987,1.273632671113E-15,33.2));
#2660 = B_SPLINE_CURVE_WITH_KNOTS('',7,(#2661,#2662,#2663,#2664,#2665,
    #2666,#2667,#2668,#2669,#2670,#2671,#2672,#2673,#2674,#2675,#2676,
    #2677,#2678,#2679,#2680,#2681,#2682,#2683,#2684,#2685,#2686,#2687,
    #2688,#2689,#2690,#2691,#2692),.UNSPECIFIED.,.F.,.F.,(8,6,6,6,6,8),(
    0.,0.154284204387,0.418824932747,0.667303688192,0.810407905686,1.),
  .UNSPECIFIED.);
#2661 = CARTESIAN_POINT('',(-5.24230587784,4.440892098501E-15,33.2));
#2662 = CARTESIAN_POINT('',(-5.165297501825,-0.718872068248,33.2));
#2663 = CARTESIAN_POINT('',(-5.088272838728,-1.43884295091,
    33.083871148871));
#2664 = CARTESIAN_POINT('',(-5.011211855416,-2.135447575267,
    32.851885416384));
#2665 = CARTESIAN_POINT('',(-4.934116845861,-2.786654792975,
    32.50935726006));
#2666 = CARTESIAN_POINT('',(-4.85701243113,-3.37286738007,32.06664362516
    ));
#2667 = CARTESIAN_POINT('',(-4.779945559395,-3.876922036965,
    31.539143944693));
#2668 = CARTESIAN_POINT('',(-4.571027288426,-4.982231807845,
    29.932505449668));
#2669 = CARTESIAN_POINT('',(-4.437100263217,-5.409590698109,
    28.709648589897));
#2670 = CARTESIAN_POINT('',(-4.305597970377,-5.469400432057,
    27.395815295972));
#2671 = CARTESIAN_POINT('',(-4.172878272972,-5.169230645182,
    26.114054904133));
#2672 = CARTESIAN_POINT('',(-4.041366716156,-4.532638351594,
    24.963664786063));
#2673 = CARTESIAN_POINT('',(-3.907539444955,-3.607736328443,
    24.057727869727));
#2674 = CARTESIAN_POINT('',(-3.651639239805,-1.521239666681,
    22.894664786843));
#2675 = CARTESIAN_POINT('',(-3.526241684507,-0.352570376902,
    22.587451542891));
#2676 = CARTESIAN_POINT('',(-3.402376585991,0.873666403826,
    22.603770722903));
#2677 = CARTESIAN_POINT('',(-3.277982401064,2.056361723389,
    22.935339048571));
#2678 = CARTESIAN_POINT('',(-3.154148203607,3.112620003238,
    23.557794047185));
#2679 = CARTESIAN_POINT('',(-3.028722520026,3.951901431894,
    24.427676223583));
#2680 = CARTESIAN_POINT('',(-2.833370254636,4.851720235339,
    26.013811484174));
#2681 = CARTESIAN_POINT('',(-2.761935820696,5.094252422675,
    26.643664407196));
#2682 = CARTESIAN_POINT('',(-2.690472056393,5.240976008074,
    27.306585750703));
#2683 = CARTESIAN_POINT('',(-2.618999268876,5.286575787332,
    27.985141888664));
#2684 = CARTESIAN_POINT('',(-2.547544564028,5.22992285398,
    28.661596049313));
#2685 = CARTESIAN_POINT('',(-2.476141846466,5.074074599286,
    29.317908315149));
#2686 = CARTESIAN_POINT('',(-2.310356495274,4.497976214997,
    30.754266168424));
#2687 = CARTESIAN_POINT('',(-2.21570986798,4.005066872668,
    31.511170176078));
#2688 = CARTESIAN_POINT('',(-2.120965140557,3.366898869098,
    32.162339949956));
#2689 = CARTESIAN_POINT('',(-2.026191118319,2.610004847573,
    32.674310000148));
#2690 = CARTESIAN_POINT('',(-1.931452208987,1.768097910839,
    33.024257042778));
#2691 = CARTESIAN_POINT('',(-1.836808422696,0.882071621095,33.2));
#2692 = CARTESIAN_POINT('',(-1.742315371987,-1.33226762955E-14,33.2));
#2693 = ORIENTED_EDGE('',*,*,#2694,.T.);
#2694 = EDGE_CURVE('',#2658,#2695,#2697,.T.);
#2695 = VERTEX_POINT('',#2696);
#2696 = CARTESIAN_POINT('',(1.757692307594,1.273632671113E-15,33.2));
#2697 = B_SPLINE_CURVE_WITH_KNOTS('',7,(#2698,#2699,#2700,#2701,#2702,
    #2703,#2704,#2705,#2706,#2707,#2708,#2709,#2710,#2711,#2712,#2713,
    #2714,#2715,#2716,#2717,#2718,#2719,#2720,#2721,#2722,#2723,#2724,
    #2725,#2726,#2727,#2728,#2729,#2730,#2731,#2732,#2733,#2734,#2735),
  .UNSPECIFIED.,.F.,.F.,(8,6,6,6,6,6,8),(0.,0.151331425572,
    0.392370392747,0.63676664561,0.768864968793,0.809743412821,1.),
  .UNSPECIFIED.);
#2698 = CARTESIAN_POINT('',(-1.742315371987,-1.33226762955E-14,33.2));
#2699 = CARTESIAN_POINT('',(-1.666818936663,-0.704742439725,33.2));
#2700 = CARTESIAN_POINT('',(-1.591208066243,-1.41135348355,
    33.088145881942));
#2701 = CARTESIAN_POINT('',(-1.515550456742,-2.096068504213,
    32.864796140976));
#2702 = CARTESIAN_POINT('',(-1.439896967624,-2.737652751995,
    32.534934842008));
#2703 = CARTESIAN_POINT('',(-1.364281621801,-3.317401354726,
    32.108171619699));
#2704 = CARTESIAN_POINT('',(-1.288721605632,-3.819139317781,
    31.598741678462));
#2705 = CARTESIAN_POINT('',(-1.092954823314,-4.882395781108,
    30.112462216853));
#2706 = CARTESIAN_POINT('',(-0.971570431992,-5.31137477605,
    29.026354408402));
#2707 = CARTESIAN_POINT('',(-0.85145503087,-5.448089119006,
    27.849727138319));
#2708 = CARTESIAN_POINT('',(-0.730853216077,-5.28619826504,
    26.673345382259));
#2709 = CARTESIAN_POINT('',(-0.610662329905,-4.837071943271,
    25.576684942168));
#2710 = CARTESIAN_POINT('',(-0.489148930109,-4.129439463481,
    24.646130584487));
#2711 = CARTESIAN_POINT('',(-0.246917863929,-2.365479468145,
    23.231291459616));
#2712 = CARTESIAN_POINT('',(-0.123615020168,-1.285509880296,
    22.738180720526));
#2713 = CARTESIAN_POINT('',(-1.651690573661E-03,-9.648807584611E-02,
    22.542816120375));
#2714 = CARTESIAN_POINT('',(0.120768692529,1.105323879376,
    22.655426758222));
#2715 = CARTESIAN_POINT('',(0.242656102963,2.236681436952,
    23.066996160844));
#2716 = CARTESIAN_POINT('',(0.365939642636,3.206928907054,
    23.751035720229));
#2717 = CARTESIAN_POINT('',(0.553958017273,4.349088412308,
    25.083723814319));
#2718 = CARTESIAN_POINT('',(0.619875614576,4.684911853903,25.60631723408
    ));
#2719 = CARTESIAN_POINT('',(0.685766368599,4.946966872287,
    26.173223747241));
#2720 = CARTESIAN_POINT('',(0.751678010889,5.128675857986,
    26.772174339014));
#2721 = CARTESIAN_POINT('',(0.817644150306,5.225751564822,
    27.389952873045));
#2722 = CARTESIAN_POINT('',(0.883658832335,5.236229451663,28.01192637065
    ));
#2723 = CARTESIAN_POINT('',(0.969927573295,5.139819390678,
    28.811466469425));
#2724 = CARTESIAN_POINT('',(0.990315010947,5.108966837033,
    28.999446915435));
#2725 = CARTESIAN_POINT('',(1.010702899151,5.070095308874,
    29.186045047467));
#2726 = CARTESIAN_POINT('',(1.031091585306,5.023279529935,
    29.370854254007));
#2727 = CARTESIAN_POINT('',(1.05148143597,4.968619314316,29.553474100845
    ));
#2728 = CARTESIAN_POINT('',(1.071872836862,4.906239566486,
    29.733510331082));
#2729 = CARTESIAN_POINT('',(1.187181016698,4.510732090502,
    30.734669195459));
#2730 = CARTESIAN_POINT('',(1.282238783789,4.018864678942,
    31.497122689865));
#2731 = CARTESIAN_POINT('',(1.377385973286,3.380072809381,
    32.153382054384));
#2732 = CARTESIAN_POINT('',(1.472566029175,2.621073930124,
    32.669596499789));
#2733 = CARTESIAN_POINT('',(1.567719360278,1.775918174994,
    33.022617741584));
#2734 = CARTESIAN_POINT('',(1.662783340253,0.885988363332,33.2));
#2735 = CARTESIAN_POINT('',(1.757692307594,-9.769962616701E-15,33.2));
#2736 = ORIENTED_EDGE('',*,*,#2737,.T.);
#2737 = EDGE_CURVE('',#2695,#2738,#2740,.T.);
#2738 = VERTEX_POINT('',#2739);
#2739 = CARTESIAN_POINT('',(5.257686154496,1.273632671113E-15,33.2));
#2740 = B_SPLINE_CURVE_WITH_KNOTS('',8,(#2741,#2742,#2743,#2744,#2745,
    #2746,#2747,#2748,#2749,#2750,#2751,#2752,#2753,#2754,#2755,#2756,
    #2757,#2758,#2759,#2760,#2761,#2762,#2763,#2764,#2765,#2766,#2767,
    #2768,#2769,#2770,#2771,#2772,#2773,#2774,#2775,#2776,#2777,#2778,
    #2779,#2780,#2781,#2782,#2783,#2784),.UNSPECIFIED.,.F.,.F.,(9,7,7,7,
    7,7,9),(0.,0.182244076704,0.452565153227,0.493515587862,
    0.644669777334,0.840619162155,1.),.UNSPECIFIED.);
#2741 = CARTESIAN_POINT('',(1.757692307594,-9.769962616701E-15,33.2));
#2742 = CARTESIAN_POINT('',(1.837212194471,-0.742329164468,33.2));
#2743 = CARTESIAN_POINT('',(1.916929383987,-1.486573064731,
    33.078886268033));
#2744 = CARTESIAN_POINT('',(1.996560159268,-2.206471955256,
    32.835595812742));
#2745 = CARTESIAN_POINT('',(2.076055706566,-2.879541181285,
    32.477078693353));
#2746 = CARTESIAN_POINT('',(2.155626084185,-3.484964685709,
    32.013340508828));
#2747 = CARTESIAN_POINT('',(2.235222577578,-4.005068889166,
    31.459055495537));
#2748 = CARTESIAN_POINT('',(2.314970376389,-4.423914164149,
    30.831868192644));
#2749 = CARTESIAN_POINT('',(2.512351449997,-5.188099652641,
    29.155332529614));
#2750 = CARTESIAN_POINT('',(2.631905805816,-5.40877794988,
    28.029161660835));
#2751 = CARTESIAN_POINT('',(2.750162825765,-5.338874482064,
    26.868569088152));
#2752 = CARTESIAN_POINT('',(2.868271970054,-4.995041273157,
    25.751475698052));
#2753 = CARTESIAN_POINT('',(2.986514401811,-4.386336464569,
    24.753519690514));
#2754 = CARTESIAN_POINT('',(3.104648257524,-3.564886344442,
    23.931763923275));
#2755 = CARTESIAN_POINT('',(3.224302036893,-2.574615377211,
    23.34988954431));
#2756 = CARTESIAN_POINT('',(3.360110698602,-1.362349915923,
    22.978862637531));
#2757 = CARTESIAN_POINT('',(3.377977613963,-1.201074624654,
    22.935896525024));
#2758 = CARTESIAN_POINT('',(3.395844834742,-1.038257796452,
    22.898852305664));
#2759 = CARTESIAN_POINT('',(3.413712597698,-0.874151096497,
    22.867793517515));
#2760 = CARTESIAN_POINT('',(3.431581193077,-0.709008010369,
    22.842771000033));
#2761 = CARTESIAN_POINT('',(3.449450964612,-0.543083844047,
    22.82382289407));
#2762 = CARTESIAN_POINT('',(3.467322309521,-0.37663572391,
    22.810974641872));
#2763 = CARTESIAN_POINT('',(3.551168961254,0.405440532782,
    22.779376676099));
#2764 = CARTESIAN_POINT('',(3.617180244783,1.025105386502,
    22.837996791606));
#2765 = CARTESIAN_POINT('',(3.683216738207,1.634614820921,
    22.980423279429));
#2766 = CARTESIAN_POINT('',(3.749266704045,2.220578988671,
    23.204675865708));
#2767 = CARTESIAN_POINT('',(3.815319458229,2.770675338514,
    23.506470056889));
#2768 = CARTESIAN_POINT('',(3.881365370101,3.273648615349,
    23.879217139728));
#2769 = CARTESIAN_POINT('',(3.947395862411,3.719310860207,
    24.314024181285));
#2770 = CARTESIAN_POINT('',(4.098972581773,4.590158567843,
    25.429294228599));
#2771 = CARTESIAN_POINT('',(4.184907069394,4.973433731181,
    26.148114922198));
#2772 = CARTESIAN_POINT('',(4.270728371579,5.225877646613,
    26.930325890328));
#2773 = CARTESIAN_POINT('',(4.35638466293,5.337079464403,27.747928068521
    ));
#2774 = CARTESIAN_POINT('',(4.442035319373,5.303368317938,
    28.572146253448));
#2775 = CARTESIAN_POINT('',(4.527845161815,5.125925217736,
    29.374316607329));
#2776 = CARTESIAN_POINT('',(4.613788419359,4.812345260228,
    30.126268960542));
#2777 = CARTESIAN_POINT('',(4.769147717547,4.031332402842,
    31.348367497569));
#2778 = CARTESIAN_POINT('',(4.838962540942,3.601892024664,
    31.847594020381));
#2779 = CARTESIAN_POINT('',(4.908778883561,3.102121666407,
    32.282985291988));
#2780 = CARTESIAN_POINT('',(4.978555228211,2.543441565786,
    32.643392181556));
#2781 = CARTESIAN_POINT('',(5.048323184776,1.938909634759,
    32.920186253899));
#2782 = CARTESIAN_POINT('',(5.118137595308,1.302783013472,
    33.106937762794));
#2783 = CARTESIAN_POINT('',(5.187990098637,0.650631092016,33.2));
#2784 = CARTESIAN_POINT('',(5.257686154496,4.440892098501E-15,33.2));
#2785 = ORIENTED_EDGE('',*,*,#2786,.T.);
#2786 = EDGE_CURVE('',#2738,#2787,#2789,.T.);
#2787 = VERTEX_POINT('',#2788);
#2788 = CARTESIAN_POINT('',(8.757694856642,1.273632671113E-15,33.2));
#2789 = B_SPLINE_CURVE_WITH_KNOTS('',7,(#2790,#2791,#2792,#2793,#2794,
    #2795,#2796,#2797,#2798,#2799,#2800,#2801,#2802,#2803,#2804,#2805,
    #2806,#2807,#2808,#2809,#2810,#2811,#2812,#2813,#2814,#2815,#2816,
    #2817,#2818,#2819,#2820,#2821),.UNSPECIFIED.,.F.,.F.,(8,6,6,6,6,8),(
    0.,0.154991588015,0.426964793651,0.696639331912,0.825794379121,1.),
  .UNSPECIFIED.);
#2790 = CARTESIAN_POINT('',(5.257686154496,4.440892098501E-15,33.2));
#2791 = CARTESIAN_POINT('',(5.334978705638,-0.721546382126,33.2));
#2792 = CARTESIAN_POINT('',(5.412303881671,-1.444256916176,
    33.082981676072));
#2793 = CARTESIAN_POINT('',(5.489669651686,-2.143355922358,
    32.849240957301));
#2794 = CARTESIAN_POINT('',(5.56706737776,-2.796554526737,
    32.504164305115));
#2795 = CARTESIAN_POINT('',(5.644471814955,-3.384050661245,
    32.058228713281));
#2796 = CARTESIAN_POINT('',(5.72184111132,-3.888529063674,
    31.527001707909));
#2797 = CARTESIAN_POINT('',(5.934717192294,-5.008703658746,
    29.885548780647));
#2798 = CARTESIAN_POINT('',(6.072573544643,-5.436397344772,
    28.61969477522));
#2799 = CARTESIAN_POINT('',(6.207776456942,-5.471012727643,
    27.262684041614));
#2800 = CARTESIAN_POINT('',(6.344217073456,-5.125132343956,
    25.949511724548));
#2801 = CARTESIAN_POINT('',(6.479368984396,-4.427748757971,
    24.785633111505));
#2802 = CARTESIAN_POINT('',(6.61719688012,-3.432850823385,
    23.894167112731));
#2803 = CARTESIAN_POINT('',(6.887255039663,-1.17123200072,
    22.780462341912));
#2804 = CARTESIAN_POINT('',(7.02379304289,0.128413942055,22.535149863642
    ));
#2805 = CARTESIAN_POINT('',(7.157969404503,1.464819981944,
    22.682907762159));
#2806 = CARTESIAN_POINT('',(7.293119019971,2.708288940118,
    23.196357738639));
#2807 = CARTESIAN_POINT('',(7.42718650934,3.759818192824,24.032186424065
    ));
#2808 = CARTESIAN_POINT('',(7.563719711656,4.509209218869,
    25.121884347544));
#2809 = CARTESIAN_POINT('',(7.76264525242,5.112978984811,26.877922938547
    ));
#2810 = CARTESIAN_POINT('',(7.82711182654,5.231862802228,27.473468155154
    ));
#2811 = CARTESIAN_POINT('',(7.891539867573,5.269624943763,
    28.082617638312));
#2812 = CARTESIAN_POINT('',(7.955936442003,5.224586940963,28.6920972041)
  );
#2813 = CARTESIAN_POINT('',(8.020340353601,5.097805356839,
    29.288801605435));
#2814 = CARTESIAN_POINT('',(8.084760793621,4.893001678181,
    29.859963761045));
#2815 = CARTESIAN_POINT('',(8.235918925604,4.243533465705,
    31.112725594225));
#2816 = CARTESIAN_POINT('',(8.323016444304,3.738393787005,
    31.766867989009));
#2817 = CARTESIAN_POINT('',(8.409955398273,3.11683184604,32.322110294761
    ));
#2818 = CARTESIAN_POINT('',(8.496798887285,2.402792514419,
    32.756137382346));
#2819 = CARTESIAN_POINT('',(8.583736825221,1.624030562522,
    33.052353364742));
#2820 = CARTESIAN_POINT('',(8.670802461243,0.811141563523,33.2));
#2821 = CARTESIAN_POINT('',(8.757694856642,1.15463194561E-14,33.2));
#2822 = ORIENTED_EDGE('',*,*,#2823,.T.);
#2823 = EDGE_CURVE('',#2787,#2824,#2826,.T.);
#2824 = VERTEX_POINT('',#2825);
#2825 = CARTESIAN_POINT('',(12.257687311989,1.273632671113E-15,33.2));
#2826 = B_SPLINE_CURVE_WITH_KNOTS('',7,(#2827,#2828,#2829,#2830,#2831,
    #2832,#2833,#2834,#2835,#2836,#2837,#2838,#2839,#2840,#2841,#2842,
    #2843,#2844,#2845,#2846,#2847,#2848,#2849,#2850,#2851,#2852,#2853,
    #2854,#2855,#2856,#2857,#2858,#2859,#2860,#2861,#2862,#2863,#2864),
  .UNSPECIFIED.,.F.,.F.,(8,6,6,6,6,6,8),(0.,0.130268831907,
    0.211703806923,0.364974458747,0.452763279608,0.712657193774,1.),
  .UNSPECIFIED.);
#2827 = CARTESIAN_POINT('',(8.757694856642,1.15463194561E-14,33.2));
#2828 = CARTESIAN_POINT('',(8.822656577689,-0.606418452809,33.2));
#2829 = CARTESIAN_POINT('',(8.887604344051,-1.213111993717,
    33.117526900352));
#2830 = CARTESIAN_POINT('',(8.952578461379,-1.806046288341,
    32.952528165745));
#2831 = CARTESIAN_POINT('',(9.017593812163,-2.372070539983,
    32.707626719099));
#2832 = CARTESIAN_POINT('',(9.082639855724,-2.898917489637,
    32.388120941571));
#2833 = CARTESIAN_POINT('',(9.147680628219,-3.375203415984,
    32.001984672551));
#2834 = CARTESIAN_POINT('',(9.253272020827,-4.049997628385,
    31.283486251783));
#2835 = CARTESIAN_POINT('',(9.293869239153,-4.285926123577,
    30.985162342785));
#2836 = CARTESIAN_POINT('',(9.334479559843,-4.49621553018,
    30.667108396313));
#2837 = CARTESIAN_POINT('',(9.375117879687,-4.678946838579,
    30.331831542973));
#2838 = CARTESIAN_POINT('',(9.415781115814,-4.832408551781,
    29.982218183964));
#2839 = CARTESIAN_POINT('',(9.456445222108,-4.955204415518,
    29.621587676691));
#2840 = CARTESIAN_POINT('',(9.573441102432,-5.218546141709,
    28.561652725707));
#2841 = CARTESIAN_POINT('',(9.650024302384,-5.280161193486,
    27.840314445682));
#2842 = CARTESIAN_POINT('',(9.726506053972,-5.224594432332,
    27.113424433313));
#2843 = CARTESIAN_POINT('',(9.802943690875,-5.05303401074,
    26.403743146028));
#2844 = CARTESIAN_POINT('',(9.879372954783,-4.770840673774,
    25.732286661963));
#2845 = CARTESIAN_POINT('',(9.955899667233,-4.387390260172,
    25.118776243895));
#2846 = CARTESIAN_POINT('',(10.076296212101,-3.648308991431,
    24.272082886296));
#2847 = CARTESIAN_POINT('',(10.120063301615,-3.351329236472,
    23.988942636512));
#2848 = CARTESIAN_POINT('',(10.16379689324,-3.029116036808,
    23.733792171259));
#2849 = CARTESIAN_POINT('',(10.207528211066,-2.684621732397,
    23.509082505473));
#2850 = CARTESIAN_POINT('',(10.251274385797,-2.321162641268,
    23.316933656334));
#2851 = CARTESIAN_POINT('',(10.29503845475,-1.942419059523,
    23.159134643266));
#2852 = CARTESIAN_POINT('',(10.468390694222,-0.397909949616,
    22.675995467702));
#2853 = CARTESIAN_POINT('',(10.599500410621,0.870550651749,
    22.624333842435));
#2854 = CARTESIAN_POINT('',(10.729462364926,2.11821506832,
    22.933415127667));
#2855 = CARTESIAN_POINT('',(10.858634837387,3.244494437375,
    23.569148180955));
#2856 = CARTESIAN_POINT('',(10.98855915805,4.154142010062,
    24.478284673153));
#2857 = CARTESIAN_POINT('',(11.119779869141,4.764915232744,25.5920173688
    ));
#2858 = CARTESIAN_POINT('',(11.392576197327,5.368774615182,
    28.066050284662));
#2859 = CARTESIAN_POINT('',(11.538793875168,5.301556051316,
    29.487224932577));
#2860 = CARTESIAN_POINT('',(11.681321837628,4.780376114645,
    30.83588440011));
#2861 = CARTESIAN_POINT('',(11.825754067988,3.8887035758,31.972063155895
    ));
#2862 = CARTESIAN_POINT('',(11.968287810185,2.701122489914,
    32.797996286533));
#2863 = CARTESIAN_POINT('',(12.114481897749,1.336819571983,33.2));
#2864 = CARTESIAN_POINT('',(12.257687311989,-3.552713678801E-15,33.2));
#2865 = ORIENTED_EDGE('',*,*,#2866,.T.);
#2866 = EDGE_CURVE('',#2824,#2867,#2869,.T.);
#2867 = VERTEX_POINT('',#2868);
#2868 = CARTESIAN_POINT('',(15.757689318465,1.273632671113E-15,33.2));
#2869 = B_SPLINE_CURVE_WITH_KNOTS('',7,(#2870,#2871,#2872,#2873,#2874,
    #2875,#2876,#2877,#2878,#2879,#2880,#2881,#2882,#2883,#2884,#2885,
    #2886,#2887,#2888,#2889,#2890,#2891,#2892,#2893,#2894,#2895,#2896,
    #2897,#2898,#2899,#2900,#2901),.UNSPECIFIED.,.F.,.F.,(8,6,6,6,6,8),(
    0.,0.164357780254,0.403283831086,0.617547171305,0.837711291555,1.),
  .UNSPECIFIED.);
#2870 = CARTESIAN_POINT('',(12.257687311989,-3.552713678801E-15,33.2));
#2871 = CARTESIAN_POINT('',(12.339619905757,-0.764839063618,33.2));
#2872 = CARTESIAN_POINT('',(12.421688113914,-1.532123425368,
    33.068072112157));
#2873 = CARTESIAN_POINT('',(12.5038118767,-2.27117447902,32.804972577574
    ));
#2874 = CARTESIAN_POINT('',(12.585935352132,-2.955018725881,
    32.417621733053));
#2875 = CARTESIAN_POINT('',(12.668026916013,-3.560387774802,
    31.919104011096));
#2876 = CARTESIAN_POINT('',(12.750079161924,-4.067718342171,
    31.328667939902));
#2877 = CARTESIAN_POINT('',(12.951355106873,-5.033085081476,
    29.716733268505));
#2878 = CARTESIAN_POINT('',(13.071700174468,-5.371502279909,
    28.610049289911));
#2879 = CARTESIAN_POINT('',(13.190835315819,-5.416561182596,
    27.437665185085));
#2880 = CARTESIAN_POINT('',(13.310337552915,-5.169505753843,
    26.287919701127));
#2881 = CARTESIAN_POINT('',(13.429432689549,-4.646923916063,
    25.237669597555));
#2882 = CARTESIAN_POINT('',(13.54976670591,-3.88400699119,
    24.367611392453));
#2883 = CARTESIAN_POINT('',(13.776021477758,-2.150438535239,
    23.161339272451));
#2884 = CARTESIAN_POINT('',(13.883712599687,-1.197625087547,
    22.77099531708));
#2885 = CARTESIAN_POINT('',(13.990702725605,-0.168534411405,
    22.605643713832));
#2886 = CARTESIAN_POINT('',(14.097865701013,0.874043221113,
    22.674416296883));
#2887 = CARTESIAN_POINT('',(14.204865034543,1.871851535908,
    22.973162956736));
#2888 = CARTESIAN_POINT('',(14.312407750217,2.764585463098,
    23.48409783752));
#2889 = CARTESIAN_POINT('',(14.529195927759,4.260483514063,
    24.847189003999));
#2890 = CARTESIAN_POINT('',(14.639338201344,4.863277918909,
    25.719685420877));
#2891 = CARTESIAN_POINT('',(14.749645284727,5.255551457928,
    26.717770080997));
#2892 = CARTESIAN_POINT('',(14.86000680304,5.405287315562,
    27.782027274163));
#2893 = CARTESIAN_POINT('',(14.970313076672,5.303658797196,
    28.849730812282));
#2894 = CARTESIAN_POINT('',(15.080455121274,4.965029329157,
    29.854844029358));
#2895 = CARTESIAN_POINT('',(15.271312337888,4.030321980288,
    31.371660375162));
#2896 = CARTESIAN_POINT('',(15.352402855828,3.522842209439,
    31.949540670956));
#2897 = CARTESIAN_POINT('',(15.433534683383,2.920681614765,
    32.436900695098));
#2898 = CARTESIAN_POINT('',(15.514659005006,2.243191511439,
    32.81509651382));
#2899 = CARTESIAN_POINT('',(15.595739707794,1.512906061218,
    33.071600233366));
#2900 = CARTESIAN_POINT('',(15.676753381486,0.755542272433,33.2));
#2901 = CARTESIAN_POINT('',(15.757689318465,7.105427357601E-15,33.2));
#2902 = ORIENTED_EDGE('',*,*,#2903,.T.);
#2903 = EDGE_CURVE('',#2867,#2904,#2906,.T.);
#2904 = VERTEX_POINT('',#2905);
#2905 = CARTESIAN_POINT('',(19.25769412216,1.273632671113E-15,33.2));
#2906 = B_SPLINE_CURVE_WITH_KNOTS('',7,(#2907,#2908,#2909,#2910,#2911,
    #2912,#2913,#2914,#2915,#2916,#2917,#2918,#2919,#2920,#2921,#2922,
    #2923,#2924,#2925,#2926,#2927,#2928,#2929,#2930,#2931,#2932,#2933,
    #2934,#2935,#2936,#2937,#2938,#2939,#2940,#2941,#2942,#2943,#2944,
    #2945,#2946,#2947,#2948,#2949,#2950),.UNSPECIFIED.,.F.,.F.,(8,6,6,6,
    6,6,6,8),(0.,8.134213575368E-02,0.305507881706,0.541431793004,
    0.654289018581,0.757867605194,0.833342641826,1.),.UNSPECIFIED.);
#2907 = CARTESIAN_POINT('',(15.757689318465,7.105427357601E-15,33.2));
#2908 = CARTESIAN_POINT('',(15.798341911327,-0.379494616821,33.2));
#2909 = CARTESIAN_POINT('',(15.838983056615,-0.758901544011,
    33.167642148307));
#2910 = CARTESIAN_POINT('',(15.879602610488,-1.134770109811,
    33.103070882672));
#2911 = CARTESIAN_POINT('',(15.92020066845,-1.503838390423,
    33.006763494687));
#2912 = CARTESIAN_POINT('',(15.960787565353,-1.863033210006,
    32.879530129785));
#2913 = CARTESIAN_POINT('',(16.001383875393,-2.209470140679,
    32.722513787244));
#2914 = CARTESIAN_POINT('',(16.154008122824,-3.452590017222,
    32.026468873639));
#2915 = CARTESIAN_POINT('',(16.2666876098,-4.251101921039,
    31.297991666373));
#2916 = CARTESIAN_POINT('',(16.378829596349,-4.860156170228,
    30.389764514161));
#2917 = CARTESIAN_POINT('',(16.490611736047,-5.242469322446,
    29.359950248494));
#2918 = CARTESIAN_POINT('',(16.602747538033,-5.373537685214,
    28.273939800809));
#2919 = CARTESIAN_POINT('',(16.715473200972,-5.243351872931,
    27.200826380009));
#2920 = CARTESIAN_POINT('',(16.945182005614,-4.509074292034,
    25.186254200469));
#2921 = CARTESIAN_POINT('',(17.063890173639,-3.8738494828,
    24.237055946428));
#2922 = CARTESIAN_POINT('',(17.181855023762,-3.010041211375,
    23.469303937535));
#2923 = CARTESIAN_POINT('',(17.29937717455,-1.979657677913,
    22.933569469418));
#2924 = CARTESIAN_POINT('',(17.417373186918,-0.854678432213,
    22.667382372452));
#2925 = CARTESIAN_POINT('',(17.536083537557,0.287135265583,
    22.692858075047));
#2926 = CARTESIAN_POINT('',(17.710163036023,1.856517141543,
    23.114325208628));
#2927 = CARTESIAN_POINT('',(17.766509264087,2.348642842068,
    23.310647843971));
#2928 = CARTESIAN_POINT('',(17.822896034954,2.816214092287,
    23.564789927525));
#2929 = CARTESIAN_POINT('',(17.879322166828,3.251168900703,
    23.87310707618));
#2930 = CARTESIAN_POINT('',(17.935763023386,3.646249033322,
    24.230437036945));
#2931 = CARTESIAN_POINT('',(17.992170513781,3.995000013654,
    24.630099686949));
#2932 = CARTESIAN_POINT('',(18.100146713985,4.564142978985,
    25.462029415274));
#2933 = CARTESIAN_POINT('',(18.151819833808,4.793425392823,
    25.889639283641));
#2934 = CARTESIAN_POINT('',(18.203513483013,4.975902308198,
    26.341293245072));
#2935 = CARTESIAN_POINT('',(18.255242432352,5.108612117541,
    26.810940722219));
#2936 = CARTESIAN_POINT('',(18.307005736647,5.189515955246,
    27.292006032428));
#2937 = CARTESIAN_POINT('',(18.358777029606,5.217562468206,
    27.77729032287));
#2938 = CARTESIAN_POINT('',(18.448080151319,5.17605129515,
    28.609896076886));
#2939 = CARTESIAN_POINT('',(18.485724392759,5.130881741758,
    28.959505881241));
#2940 = CARTESIAN_POINT('',(18.523373631924,5.058170975338,
    29.305134336529));
#2941 = CARTESIAN_POINT('',(18.561031232461,4.958338148594,
    29.644223573833));
#2942 = CARTESIAN_POINT('',(18.59869993727,4.832091098163,29.97428738816
    ));
#2943 = CARTESIAN_POINT('',(18.636381868509,4.680426344609,
    30.292911238446));
#2944 = CARTESIAN_POINT('',(18.757316984894,4.116449014219,
    31.270875435126));
#2945 = CARTESIAN_POINT('',(18.840688650357,3.609059531014,
    31.878224954365));
#2946 = CARTESIAN_POINT('',(18.924127727577,2.999142857587,
    32.392255037864));
#2947 = CARTESIAN_POINT('',(19.007581331472,2.307156964222,
    32.792155184892));
#2948 = CARTESIAN_POINT('',(19.091009488277,1.557335576714,
    33.063850161396));
#2949 = CARTESIAN_POINT('',(19.174385135549,0.777688176368,33.2));
#2950 = CARTESIAN_POINT('',(19.25769412216,7.105427357601E-15,33.2));
#2951 = ORIENTED_EDGE('',*,*,#2952,.T.);
#2952 = EDGE_CURVE('',#2904,#2953,#2955,.T.);
#2953 = VERTEX_POINT('',#2954);
#2954 = CARTESIAN_POINT('',(22.757684663166,1.273632671113E-15,33.2));
#2955 = B_SPLINE_CURVE_WITH_KNOTS('',7,(#2956,#2957,#2958,#2959,#2960,
    #2961,#2962,#2963,#2964,#2965,#2966,#2967,#2968,#2969,#2970,#2971,
    #2972,#2973,#2974,#2975,#2976,#2977,#2978,#2979,#2980,#2981,#2982,
    #2983,#2984,#2985,#2986,#2987),.UNSPECIFIED.,.F.,.F.,(8,6,6,6,6,8),(
    0.,0.156150596235,0.439812449487,0.674052025017,0.8138306608,1.),
  .UNSPECIFIED.);
#2956 = CARTESIAN_POINT('',(19.25769412216,7.105427357601E-15,33.2));
#2957 = CARTESIAN_POINT('',(19.335705192812,-0.728232208072,33.2));
#2958 = CARTESIAN_POINT('',(19.413743185037,-1.457720944465,
    33.08078422366));
#2959 = CARTESIAN_POINT('',(19.491820431364,-2.162896253159,
    32.842674796771));
#2960 = CARTESIAN_POINT('',(19.569929942749,-2.820820316543,
    32.491276416258));
#2961 = CARTESIAN_POINT('',(19.648045408584,-3.411187455419,
    32.037476350178));
#2962 = CARTESIAN_POINT('',(19.726121196691,-3.916324129,31.497444437723
    ));
#2963 = CARTESIAN_POINT('',(19.945734097409,-5.056662919184,
    29.793937905713));
#2964 = CARTESIAN_POINT('',(20.090082140243,-5.479172032721,
    28.455939809118));
#2965 = CARTESIAN_POINT('',(20.230919356683,-5.464469493454,
    27.029831166164));
#2966 = CARTESIAN_POINT('',(20.373740043213,-5.037442475478,
    25.669441804845));
#2967 = CARTESIAN_POINT('',(20.514654593572,-4.232693743227,
    24.49045224167));
#2968 = CARTESIAN_POINT('',(20.659060744043,-3.119956763549,
    23.635080447071));
#2969 = CARTESIAN_POINT('',(20.917555694865,-0.871769795991,
    22.758716330041));
#2970 = CARTESIAN_POINT('',(21.035466966702,0.250788896597,
    22.608185973718));
#2971 = CARTESIAN_POINT('',(21.15230690253,1.390696478278,
    22.744862532622));
#2972 = CARTESIAN_POINT('',(21.269433500036,2.46572736486,
    23.155508500098));
#2973 = CARTESIAN_POINT('',(21.386261381433,3.406396123239,
    23.813190841427));
#2974 = CARTESIAN_POINT('',(21.504105573651,4.142583797483,
    24.673062206393));
#2975 = CARTESIAN_POINT('',(21.690660645319,4.931102409103,
    26.225794577072));
#2976 = CARTESIAN_POINT('',(21.760284386127,5.140648091773,
    26.848316805572));
#2977 = CARTESIAN_POINT('',(21.829859655177,5.258158923614,
    27.49842090395));
#2978 = CARTESIAN_POINT('',(21.899466024544,5.279754251652,
    28.160392447988));
#2979 = CARTESIAN_POINT('',(21.969133707326,5.204536478473,
    28.817779588326));
#2980 = CARTESIAN_POINT('',(22.038874493304,5.034835166797,
    29.453387304478));
#2981 = CARTESIAN_POINT('',(22.201132044531,4.437625156461,
    30.845329625186));
#2982 = CARTESIAN_POINT('',(22.29413039338,3.940984780414,
    31.576890197396));
#2983 = CARTESIAN_POINT('',(22.386794738523,3.305023783847,
    32.202717428774));
#2984 = CARTESIAN_POINT('',(22.479451728566,2.558285171124,
    32.694763206342));
#2985 = CARTESIAN_POINT('',(22.572063366501,1.732758863103,
    33.031858884575));
#2986 = CARTESIAN_POINT('',(22.664957208775,0.865589983104,33.2));
#2987 = CARTESIAN_POINT('',(22.757684663166,-8.881784197001E-15,33.2));
#2988 = ORIENTED_EDGE('',*,*,#2989,.T.);
#2989 = EDGE_CURVE('',#2953,#2990,#2992,.T.);
#2990 = VERTEX_POINT('',#2991);
#2991 = CARTESIAN_POINT('',(26.257692307631,1.273632671113E-15,33.2));
#2992 = B_SPLINE_CURVE_WITH_KNOTS('',6,(#2993,#2994,#2995,#2996,#2997,
    #2998,#2999,#3000,#3001,#3002,#3003,#3004,#3005,#3006,#3007,#3008,
    #3009,#3010,#3011,#3012,#3013,#3014,#3015,#3016,#3017,#3018,#3019),
  .UNSPECIFIED.,.F.,.F.,(7,5,5,5,5,7),(0.,0.129255915162,0.405103726292,
    0.656264399104,0.790080763446,1.),.UNSPECIFIED.);
#2993 = CARTESIAN_POINT('',(22.757684663166,-8.881784197001E-15,33.2));
#2994 = CARTESIAN_POINT('',(22.832833763863,-0.701499995109,33.2));
#2995 = CARTESIAN_POINT('',(22.908061285997,-1.404198114824,
    33.086330975674));
#2996 = CARTESIAN_POINT('',(22.983338197347,-2.083318462272,
    32.858879348065));
#2997 = CARTESIAN_POINT('',(23.058629601034,-2.71649143188,
    32.523623541464));
#2998 = CARTESIAN_POINT('',(23.133894735523,-3.283753709379,
    32.092633983407));
#2999 = CARTESIAN_POINT('',(23.369556339166,-4.800024587587,
    30.498742463918));
#3000 = CARTESIAN_POINT('',(23.533125947482,-5.478242152346,
    29.030937507138));
#3001 = CARTESIAN_POINT('',(23.69285521067,-5.567413321233,
    27.395673474464));
#3002 = CARTESIAN_POINT('',(23.852752357755,-5.129362829543,
    25.8179375992));
#3003 = CARTESIAN_POINT('',(24.016232418598,-4.152441773979,
    24.529929341098));
#3004 = CARTESIAN_POINT('',(24.322816543616,-1.780949160806,
    22.927656098875));
#3005 = CARTESIAN_POINT('',(24.470761136725,-0.393704408289,
    22.509883823272));
#3006 = CARTESIAN_POINT('',(24.616519304065,1.073910780777,
    22.573329749682));
#3007 = CARTESIAN_POINT('',(24.762286520287,2.455222633251,
    23.07367385233));
#3008 = CARTESIAN_POINT('',(24.91023801631,3.57873944721,23.98840945468)
  );
#3009 = CARTESIAN_POINT('',(25.134189407337,4.734641614041,
    25.730368230934));
#3010 = CARTESIAN_POINT('',(25.212123530178,5.035201307031,
    26.403947982215));
#3011 = CARTESIAN_POINT('',(25.290016440239,5.220008207829,
    27.123452993644));
#3012 = CARTESIAN_POINT('',(25.36796695783,5.280644258485,
    27.864328655246));
#3013 = CARTESIAN_POINT('',(25.446011495695,5.21608330542,
    28.600207334893));
#3014 = CARTESIAN_POINT('',(25.645909995872,4.748300176779,
    30.406744783761));
#3015 = CARTESIAN_POINT('',(25.768747113447,4.169017552263,
    31.440803550385));
#3016 = CARTESIAN_POINT('',(25.890776459112,3.32631032368,
    32.297664361255));
#3017 = CARTESIAN_POINT('',(26.012805250757,2.285566977483,
    32.898547320622));
#3018 = CARTESIAN_POINT('',(26.135636775037,1.139455936031,33.2));
#3019 = CARTESIAN_POINT('',(26.257692307631,1.42108547152E-14,33.2));
#3020 = ORIENTED_EDGE('',*,*,#3021,.T.);
#3021 = EDGE_CURVE('',#2990,#3022,#3024,.T.);
#3022 = VERTEX_POINT('',#3023);
#3023 = CARTESIAN_POINT('',(29.757686110527,1.273632671113E-15,33.2));
#3024 = B_SPLINE_CURVE_WITH_KNOTS('',7,(#3025,#3026,#3027,#3028,#3029,
    #3030,#3031,#3032,#3033,#3034,#3035,#3036,#3037,#3038,#3039,#3040,
    #3041,#3042,#3043,#3044,#3045,#3046,#3047,#3048,#3049,#3050,#3051,
    #3052,#3053,#3054,#3055,#3056),.UNSPECIFIED.,.F.,.F.,(8,6,6,6,6,8),(
    0.,0.25210109675,0.526550786376,0.552262440205,0.787819055459,1.),
  .UNSPECIFIED.);
#3025 = CARTESIAN_POINT('',(26.257692307631,1.42108547152E-14,33.2));
#3026 = CARTESIAN_POINT('',(26.383310866,-1.172718753244,33.2));
#3027 = CARTESIAN_POINT('',(26.510398834314,-2.358725919866,
    32.891125255037));
#3028 = CARTESIAN_POINT('',(26.635823635627,-3.43266820894,
    32.26323001175));
#3029 = CARTESIAN_POINT('',(26.761809986458,-4.307802463126,
    31.37678219625));
#3030 = CARTESIAN_POINT('',(26.887312208593,-4.921902890997,
    30.294419392733));
#3031 = CARTESIAN_POINT('',(27.014451347801,-5.215119533332,
    29.103705571705));
#3032 = CARTESIAN_POINT('',(27.27687426819,-5.182582075911,
    26.654195328533));
#3033 = CARTESIAN_POINT('',(27.415876472409,-4.798933839857,
    25.361741725792));
#3034 = CARTESIAN_POINT('',(27.552219879864,-4.034594786617,
    24.224197783704));
#3035 = CARTESIAN_POINT('',(27.689743039807,-2.981506922327,
    23.347405093609));
#3036 = CARTESIAN_POINT('',(27.826102702763,-1.724033906842,
    22.802184032437));
#3037 = CARTESIAN_POINT('',(27.965101264322,-0.383529036482,
    22.659285380589));
#3038 = CARTESIAN_POINT('',(28.114695621315,0.993017076491,
    22.894294751319));
#3039 = CARTESIAN_POINT('',(28.127509897251,1.11039185636,
    22.917590236853));
#3040 = CARTESIAN_POINT('',(28.140324362845,1.227125818163,
    22.944033201033));
#3041 = CARTESIAN_POINT('',(28.153139095041,1.343118469668,
    22.973602461111));
#3042 = CARTESIAN_POINT('',(28.165954164537,1.458270249495,
    23.006272886419));
#3043 = CARTESIAN_POINT('',(28.17876963579,1.572482527111,
    23.042015398367));
#3044 = CARTESIAN_POINT('',(28.30899837135,2.722507972164,
    23.436093285224));
#3045 = CARTESIAN_POINT('',(28.427428901737,3.681784943873,
    24.050167074382));
#3046 = CARTESIAN_POINT('',(28.545176704802,4.465711208356,
    24.896130376243));
#3047 = CARTESIAN_POINT('',(28.662442957286,5.022003997261,
    25.912672353784));
#3048 = CARTESIAN_POINT('',(28.780158556637,5.311721515869,
    27.028860683538));
#3049 = CARTESIAN_POINT('',(28.898647167681,5.311692778629,
    28.168451553345));
#3050 = CARTESIAN_POINT('',(29.121941441743,4.817186318266,
    30.193253284724));
#3051 = CARTESIAN_POINT('',(29.228221055628,4.368815937293,
    31.105456332797));
#3052 = CARTESIAN_POINT('',(29.334026444282,3.720760091288,
    31.90244521675));
#3053 = CARTESIAN_POINT('',(29.439645859825,2.909455062507,
    32.539915838632));
#3054 = CARTESIAN_POINT('',(29.545615779641,1.980435892877,
    32.981285239547));
#3055 = CARTESIAN_POINT('',(29.651966091092,0.98692406494,33.2));
#3056 = CARTESIAN_POINT('',(29.757686110527,1.24344978758E-14,33.2));
#3057 = ORIENTED_EDGE('',*,*,#3058,.T.);
#3058 = EDGE_CURVE('',#3022,#3059,#3061,.T.);
#3059 = VERTEX_POINT('',#3060);
#3060 = CARTESIAN_POINT('',(33.257694856644,1.273632671113E-15,33.2));
#3061 = B_SPLINE_CURVE_WITH_KNOTS('',7,(#3062,#3063,#3064,#3065,#3066,
    #3067,#3068,#3069,#3070,#3071,#3072,#3073,#3074,#3075,#3076,#3077,
    #3078,#3079,#3080,#3081,#3082,#3083,#3084,#3085,#3086,#3087,#3088,
    #3089,#3090,#3091,#3092,#3093,#3094,#3095,#3096,#3097,#3098,#3099),
  .UNSPECIFIED.,.F.,.F.,(8,6,6,6,6,6,8),(0.,0.173824605697,
    0.404638669978,0.611267084335,0.741521851072,0.85668140354,1.),
  .UNSPECIFIED.);
#3062 = CARTESIAN_POINT('',(29.757686110527,1.24344978758E-14,33.2));
#3063 = CARTESIAN_POINT('',(29.844500073059,-0.810431073065,33.2));
#3064 = CARTESIAN_POINT('',(29.931425669276,-1.623477936042,
    33.05198105109));
#3065 = CARTESIAN_POINT('',(30.01842356223,-2.4027015453,32.7567490794)
  );
#3066 = CARTESIAN_POINT('',(30.105450765481,-3.116340492169,
    32.322935314041));
#3067 = CARTESIAN_POINT('',(30.192460643088,-3.737311002936,
    31.766996287107));
#3068 = CARTESIAN_POINT('',(30.279402909619,-4.243206938845,
    31.113213833674));
#3069 = CARTESIAN_POINT('',(30.481509054138,-5.111713425216,
    29.438277736056));
#3070 = CARTESIAN_POINT('',(30.597586938152,-5.37986859515,
    28.355698645617));
#3071 = CARTESIAN_POINT('',(30.713014165355,-5.373774504076,
    27.227139426768));
#3072 = CARTESIAN_POINT('',(30.828058017875,-5.096101121073,
    26.127705465417));
#3073 = CARTESIAN_POINT('',(30.943528170268,-4.56525706022,
    25.131253158129));
#3074 = CARTESIAN_POINT('',(31.059636237008,-3.814659741745,
    24.30598159924));
#3075 = CARTESIAN_POINT('',(31.278053492872,-2.128937426418,
    23.159010455117));
#3076 = CARTESIAN_POINT('',(31.381853505694,-1.210742299946,
    22.786064453177));
#3077 = CARTESIAN_POINT('',(31.48514030914,-0.221713382045,
    22.621518215295));
#3078 = CARTESIAN_POINT('',(31.58849930983,0.781850897938,
    22.674187535971));
#3079 = CARTESIAN_POINT('',(31.691736680774,1.747922376303,
    22.94079573323));
#3080 = CARTESIAN_POINT('',(31.79554229935,2.622511109045,
    23.407390435909));
#3081 = CARTESIAN_POINT('',(31.963937378338,3.822607923559,
    24.422698660147));
#3082 = CARTESIAN_POINT('',(32.029037262915,4.233331639821,
    24.878709280196));
#3083 = CARTESIAN_POINT('',(32.094157443504,4.579871822117,
    25.388986520013));
#3084 = CARTESIAN_POINT('',(32.159303255112,4.853822048874,
    25.942880164498));
#3085 = CARTESIAN_POINT('',(32.224455556489,5.049263266693,
    26.528268219942));
#3086 = CARTESIAN_POINT('',(32.289570730133,5.162763790349,
    27.131556914036));
#3087 = CARTESIAN_POINT('',(32.412056636391,5.220446786002,
    28.273560842169));
#3088 = CARTESIAN_POINT('',(32.469590383612,5.18302810491,
    28.813243338451));
#3089 = CARTESIAN_POINT('',(32.527117139281,5.080398749386,
    29.346691290883));
#3090 = CARTESIAN_POINT('',(32.584621553751,4.914002314091,
    29.864493013765));
#3091 = CARTESIAN_POINT('',(32.642120727676,4.686766912684,
    30.357725869524));
#3092 = CARTESIAN_POINT('',(32.699627214543,4.403018642448,
    30.818015859677));
#3093 = CARTESIAN_POINT('',(32.828608213216,3.653288718121,
    31.76021481126));
#3094 = CARTESIAN_POINT('',(32.900192052562,3.158938840809,
    32.220854186508));
#3095 = CARTESIAN_POINT('',(32.971670762286,2.597930633015,
    32.604173840055));
#3096 = CARTESIAN_POINT('',(33.043125281639,1.984965323535,
    32.899739092005));
#3097 = CARTESIAN_POINT('',(33.114584684771,1.335914096643,
    33.099863402209));
#3098 = CARTESIAN_POINT('',(33.186130978458,0.668049669672,33.2));
#3099 = CARTESIAN_POINT('',(33.257694856644,1.15463194561E-14,33.2));
#3100 = ORIENTED_EDGE('',*,*,#3101,.T.);
#3101 = EDGE_CURVE('',#3059,#3102,#3104,.T.);
#3102 = VERTEX_POINT('',#3103);
#3103 = CARTESIAN_POINT('',(36.75768731199,1.273632671113E-15,33.2));
#3104 = B_SPLINE_CURVE_WITH_KNOTS('',8,(#3105,#3106,#3107,#3108,#3109,
    #3110,#3111,#3112,#3113,#3114,#3115,#3116,#3117,#3118,#3119,#3120,
    #3121,#3122,#3123,#3124,#3125,#3126,#3127,#3128,#3129,#3130,#3131,
    #3132,#3133,#3134),.UNSPECIFIED.,.F.,.F.,(9,7,7,7,9),(0.,
    0.18798261288,0.401272308919,0.684131449272,1.),.UNSPECIFIED.);
#3105 = CARTESIAN_POINT('',(33.257694856644,1.15463194561E-14,33.2));
#3106 = CARTESIAN_POINT('',(33.339504864049,-0.76369741005,33.2));
#3107 = CARTESIAN_POINT('',(33.421610163981,-1.530332338005,
    33.071752998223));
#3108 = CARTESIAN_POINT('',(33.503622831548,-2.270425435148,
    32.813901384219));
#3109 = CARTESIAN_POINT('',(33.585499042191,-2.959001502127,
    32.433787514896));
#3110 = CARTESIAN_POINT('',(33.667357827734,-3.573937644559,
    31.943790592025));
#3111 = CARTESIAN_POINT('',(33.74931781438,-4.095654686786,
    31.359797574411));
#3112 = CARTESIAN_POINT('',(33.831351942643,-4.508151843802,
    30.701808124762));
#3113 = CARTESIAN_POINT('',(34.005981795162,-5.134093806883,
    29.19661060656));
#3114 = CARTESIAN_POINT('',(34.098962794015,-5.314617751954,
    28.328165557415));
#3115 = CARTESIAN_POINT('',(34.192053254913,-5.3282388675,
    27.432495043606));
#3116 = CARTESIAN_POINT('',(34.285201563655,-5.169981092378,
    26.548028982372));
#3117 = CARTESIAN_POINT('',(34.378354402692,-4.844609923354,
    25.710470608374));
#3118 = CARTESIAN_POINT('',(34.471456751132,-4.366632415106,
    24.952796473694));
#3119 = CARTESIAN_POINT('',(34.564451884734,-3.760297180219,
    24.305256447835));
#3120 = CARTESIAN_POINT('',(34.780389386104,-2.130340924089,
    23.119180758565));
#3121 = CARTESIAN_POINT('',(34.905624050758,-1.013851288859,
    22.665921388984));
#3122 = CARTESIAN_POINT('',(35.029124250571,0.198975104468,
    22.522043066658));
#3123 = CARTESIAN_POINT('',(35.152631894489,1.416416702492,
    22.68082791761));
#3124 = CARTESIAN_POINT('',(35.276214791838,2.551038565282,
    23.149068787282));
#3125 = CARTESIAN_POINT('',(35.399481397463,3.530803278232,
    23.875311905027));
#3126 = CARTESIAN_POINT('',(35.524758278832,4.27467517831,
    24.823552110294));
#3127 = CARTESIAN_POINT('',(35.785534832153,5.270414648466,
    27.044950194056));
#3128 = CARTESIAN_POINT('',(35.92694573058,5.479390188734,
    28.399082576924));
#3129 = CARTESIAN_POINT('',(36.064540157254,5.263086039537,
    29.766461137705));
#3130 = CARTESIAN_POINT('',(36.202948290821,4.68892185351,
    31.037414727984));
#3131 = CARTESIAN_POINT('',(36.341052395129,3.764641223539,
    32.08027919921));
#3132 = CARTESIAN_POINT('',(36.478789667185,2.604602121779,
    32.836982789362));
#3133 = CARTESIAN_POINT('',(36.620117644322,1.284209994622,33.2));
#3134 = CARTESIAN_POINT('',(36.75768731199,-5.329070518201E-15,33.2));
#3135 = ORIENTED_EDGE('',*,*,#3136,.T.);
#3136 = EDGE_CURVE('',#3102,#3137,#3139,.T.);
#3137 = VERTEX_POINT('',#3138);
#3138 = CARTESIAN_POINT('',(40.257689318465,1.273632671113E-15,33.2));
#3139 = B_SPLINE_CURVE_WITH_KNOTS('',8,(#3140,#3141,#3142,#3143,#3144,
    #3145,#3146,#3147,#3148,#3149,#3150,#3151,#3152,#3153,#3154,#3155,
    #3156,#3157,#3158,#3159,#3160,#3161,#3162,#3163,#3164,#3165,#3166,
    #3167,#3168,#3169,#3170,#3171,#3172,#3173,#3174,#3175,#3176),
  .UNSPECIFIED.,.F.,.F.,(9,7,7,7,7,9),(0.,0.154259002789,0.292113280888,
    0.487921069939,0.703600640994,1.),.UNSPECIFIED.);
#3140 = CARTESIAN_POINT('',(36.75768731199,-5.329070518201E-15,33.2));
#3141 = CARTESIAN_POINT('',(36.824915696323,-0.627575573498,33.2));
#3142 = CARTESIAN_POINT('',(36.892222829807,-1.256551647172,
    33.113163060766));
#3143 = CARTESIAN_POINT('',(36.959581281913,-1.871378373196,
    32.939652158547));
#3144 = CARTESIAN_POINT('',(37.026966380624,-2.457815694322,
    32.682123274512));
#3145 = CARTESIAN_POINT('',(37.094356212437,-3.002933343885,
    32.345725394754));
#3146 = CARTESIAN_POINT('',(37.161731622359,-3.495110845798,
    31.938100510286));
#3147 = CARTESIAN_POINT('',(37.229076213911,-3.924037514555,
    31.469383617042));
#3148 = CARTESIAN_POINT('',(37.356519429197,-4.599456681327,
    30.490021588767));
#3149 = CARTESIAN_POINT('',(37.416720192224,-4.861470655938,
    29.988070104312));
#3150 = CARTESIAN_POINT('',(37.476919524381,-5.060612495115,
    29.454886088239));
#3151 = CARTESIAN_POINT('',(37.537129518046,-5.192716172974,
    28.89969817809));
#3152 = CARTESIAN_POINT('',(37.597360617163,-5.255221007663,
    28.332208377593));
#3153 = CARTESIAN_POINT('',(37.657616786288,-5.247029136984,
    27.762523392398));
#3154 = CARTESIAN_POINT('',(37.717878387734,-5.168826029793,
    27.201146915028));
#3155 = CARTESIAN_POINT('',(37.863378280514,-4.818529367838,
    25.888803146742));
#3156 = CARTESIAN_POINT('',(37.949102448315,-4.477179737286,
    25.15162858432));
#3157 = CARTESIAN_POINT('',(38.034625906788,-4.007106411616,
    24.480268602827));
#3158 = CARTESIAN_POINT('',(38.120069750931,-3.424474231286,
    23.8997480593));
#3159 = CARTESIAN_POINT('',(38.205514758293,-2.749517070178,
    23.430030457485));
#3160 = CARTESIAN_POINT('',(38.291024934375,-2.005472095438,
    23.087246787222));
#3161 = CARTESIAN_POINT('',(38.376711860825,-1.219626989848,
    22.882501588808));
#3162 = CARTESIAN_POINT('',(38.556272889837,0.451070764954,
    22.745619379019));
#3163 = CARTESIAN_POINT('',(38.650834857538,1.344710184735,
    22.842720936763));
#3164 = CARTESIAN_POINT('',(38.745080641371,2.211237936124,
    23.11463114953));
#3165 = CARTESIAN_POINT('',(38.839179465922,3.012002756344,
    23.550553850153));
#3166 = CARTESIAN_POINT('',(38.93326661816,3.714169919243,24.13206410315
    ));
#3167 = CARTESIAN_POINT('',(39.027500928076,4.288606302179,
    24.835457851163));
#3168 = CARTESIAN_POINT('',(39.122089139737,4.710818756377,
    25.62928548847));
#3169 = CARTESIAN_POINT('',(39.345583677481,5.325044013543,
    27.623059907511));
#3170 = CARTESIAN_POINT('',(39.477601419869,5.38147235297,
    28.895807507275));
#3171 = CARTESIAN_POINT('',(39.607151310605,5.074335417819,
    30.148333474308));
#3172 = CARTESIAN_POINT('',(39.736910505337,4.455646160621,
    31.289230648721));
#3173 = CARTESIAN_POINT('',(39.866715068048,3.547521977075,
    32.216704920566));
#3174 = CARTESIAN_POINT('',(39.996296316623,2.440726999953,
    32.879299402362));
#3175 = CARTESIAN_POINT('',(40.128352788038,1.207364982168,33.2));
#3176 = CARTESIAN_POINT('',(40.257689318465,-1.06581410364E-14,33.2));
#3177 = ORIENTED_EDGE('',*,*,#3178,.T.);
#3178 = EDGE_CURVE('',#3137,#3179,#3181,.T.);
#3179 = VERTEX_POINT('',#3180);
#3180 = CARTESIAN_POINT('',(43.757694121587,1.273632671113E-15,33.2));
#3181 = B_SPLINE_CURVE_WITH_KNOTS('',8,(#3182,#3183,#3184,#3185,#3186,
    #3187,#3188,#3189,#3190,#3191,#3192,#3193,#3194,#3195,#3196,#3197,
    #3198,#3199,#3200,#3201,#3202,#3203,#3204,#3205,#3206,#3207,#3208,
    #3209,#3210,#3211,#3212,#3213,#3214,#3215,#3216,#3217,#3218,#3219,
    #3220,#3221,#3222,#3223,#3224,#3225),.UNSPECIFIED.,.F.,.F.,(9,7,7,7,
    7,7,9),(0.,7.540495097643E-02,0.288003872286,0.421441514733,
    0.529917713667,0.759046072178,1.),.UNSPECIFIED.);
#3182 = CARTESIAN_POINT('',(40.257689318465,-1.06581410364E-14,33.2));
#3183 = CARTESIAN_POINT('',(40.290692336944,-0.308085338968,33.2));
#3184 = CARTESIAN_POINT('',(40.323643601765,-0.615700243515,
    33.179170220027));
#3185 = CARTESIAN_POINT('',(40.356567486414,-0.921401760778,
    33.137562793378));
#3186 = CARTESIAN_POINT('',(40.389482131656,-1.223723703794,
    33.075362645244));
#3187 = CARTESIAN_POINT('',(40.422399445538,-1.521176651506,
    32.992887492712));
#3188 = CARTESIAN_POINT('',(40.455325103381,-1.812247948757,
    32.890587844768));
#3189 = CARTESIAN_POINT('',(40.48825854779,-2.095401706292,
    32.769047002289));
#3190 = CARTESIAN_POINT('',(40.614049313188,-3.140691994823,
    32.234075043634));
#3191 = CARTESIAN_POINT('',(40.707345932751,-3.841046148956,
    31.68995878998));
#3192 = CARTESIAN_POINT('',(40.800458761564,-4.429573981915,
    31.015038751843));
#3193 = CARTESIAN_POINT('',(40.893320072037,-4.880497923882,
    30.236695422502));
#3194 = CARTESIAN_POINT('',(40.986167711066,-5.175706895069,
    29.38698102443));
#3195 = CARTESIAN_POINT('',(41.079260102241,-5.302699503142,
    28.500577774301));
#3196 = CARTESIAN_POINT('',(41.17255703397,-5.257593659473,
    27.615016722311));
#3197 = CARTESIAN_POINT('',(41.323617896826,-4.924916642436,
    26.244764294414));
#3198 = CARTESIAN_POINT('',(41.381919895088,-4.733370147666,
    25.731235481698));
#3199 = CARTESIAN_POINT('',(41.440193998498,-4.480701771748,
    25.242174214948));
#3200 = CARTESIAN_POINT('',(41.498421079889,-4.170809006033,
    24.786018130649));
#3201 = CARTESIAN_POINT('',(41.556631303125,-3.808744102218,
    24.370270699127));
#3202 = CARTESIAN_POINT('',(41.614859015677,-3.400548288694,
    24.001596248875));
#3203 = CARTESIAN_POINT('',(41.673100319664,-2.953339866363,
    23.685714608602));
#3204 = CARTESIAN_POINT('',(41.778633065584,-2.086995799875,
    23.216739076128));
#3205 = CARTESIAN_POINT('',(41.825925560875,-1.678259933051,
    23.044211050786));
#3206 = CARTESIAN_POINT('',(41.873212900087,-1.25352522721,
    22.911734521142));
#3207 = CARTESIAN_POINT('',(41.920511325909,-0.817231103004,
    22.820983164965));
#3208 = CARTESIAN_POINT('',(41.967829205176,-0.373995332001,
    22.773017385649));
#3209 = CARTESIAN_POINT('',(42.015167028867,7.138596331341E-02,
    22.768284312217));
#3210 = CARTESIAN_POINT('',(42.062517412106,0.513938309536,
    22.806617799315));
#3211 = CARTESIAN_POINT('',(42.209875020541,1.866428600991,
    23.057528982337));
#3212 = CARTESIAN_POINT('',(42.310610611135,2.755975619662,
    23.417501662082));
#3213 = CARTESIAN_POINT('',(42.410886216064,3.560585653684,
    23.960763019502));
#3214 = CARTESIAN_POINT('',(42.511036512794,4.239159282689,
    24.660764546737));
#3215 = CARTESIAN_POINT('',(42.611171538216,4.760680879351,
    25.48430817595));
#3216 = CARTESIAN_POINT('',(42.711421034288,5.100396640942,
    26.393590899071));
#3217 = CARTESIAN_POINT('',(42.812169974237,5.242298473383,
    27.34291410234));
#3218 = CARTESIAN_POINT('',(43.017571456441,5.140460609276,
    29.257619377129));
#3219 = CARTESIAN_POINT('',(43.12393800729,4.875692345313,
    30.237964393761));
#3220 = CARTESIAN_POINT('',(43.22959193301,4.394745227013,
    31.145793211774));
#3221 = CARTESIAN_POINT('',(43.335085435513,3.728233846223,
    31.93329896428));
#3222 = CARTESIAN_POINT('',(43.440573017006,2.90612750393,
    32.556238202091));
#3223 = CARTESIAN_POINT('',(43.546091680595,1.975380576903,
    32.98736373414));
#3224 = CARTESIAN_POINT('',(43.652340235769,0.983477005571,33.2));
#3225 = CARTESIAN_POINT('',(43.757694121587,3.552713678801E-15,33.2));
#3226 = ORIENTED_EDGE('',*,*,#3227,.T.);
#3227 = EDGE_CURVE('',#3179,#3228,#3230,.T.);
#3228 = VERTEX_POINT('',#3229);
#3229 = CARTESIAN_POINT('',(47.257684625776,1.273632671113E-15,33.2));
#3230 = B_SPLINE_CURVE_WITH_KNOTS('',8,(#3231,#3232,#3233,#3234,#3235,
    #3236,#3237,#3238,#3239,#3240,#3241,#3242,#3243,#3244,#3245,#3246,
    #3247,#3248,#3249,#3250,#3251,#3252,#3253,#3254,#3255,#3256,#3257,
    #3258,#3259,#3260),.UNSPECIFIED.,.F.,.F.,(9,7,7,7,9),(0.,
    0.227356609184,0.394985198905,0.718657154515,1.),.UNSPECIFIED.);
#3231 = CARTESIAN_POINT('',(43.757694121587,3.552713678801E-15,33.2));
#3232 = CARTESIAN_POINT('',(43.856596495196,-0.923252232105,33.2));
#3233 = CARTESIAN_POINT('',(43.956112214047,-1.852775327117,
    33.012361633882));
#3234 = CARTESIAN_POINT('',(44.055336224374,-2.733294597022,
    32.63428813464));
#3235 = CARTESIAN_POINT('',(44.154240038373,-3.52244611369,
    32.082225696869));
#3236 = CARTESIAN_POINT('',(44.25317612895,-4.184141537316,
    31.382328272439));
#3237 = CARTESIAN_POINT('',(44.352447430013,-4.687131043425,
    30.566597018453));
#3238 = CARTESIAN_POINT('',(44.45194194228,-5.00876434844,
    29.674694397492));
#3239 = CARTESIAN_POINT('',(44.623743786432,-5.243621237029,
    28.088091027456));
#3240 = CARTESIAN_POINT('',(44.696752647942,-5.242400196205,
    27.397948530669));
#3241 = CARTESIAN_POINT('',(44.769823153976,-5.137703164843,
    26.71093399894));
#3242 = CARTESIAN_POINT('',(44.842923488205,-4.930555558396,
    26.045547599296));
#3243 = CARTESIAN_POINT('',(44.916025893145,-4.625591754281,
    25.418861106636));
#3244 = CARTESIAN_POINT('',(44.989106670161,-4.231055091878,
    24.846517903733));
#3245 = CARTESIAN_POINT('',(45.062146179462,-3.758797872528,
    24.342732981234));
#3246 = CARTESIAN_POINT('',(45.276050150337,-2.192190083499,
    23.104608720181));
#3247 = CARTESIAN_POINT('',(45.421210537569,-0.891873095873,
    22.562665367976));
#3248 = CARTESIAN_POINT('',(45.562172603893,0.527756354165,
    22.456062802372));
#3249 = CARTESIAN_POINT('',(45.703806233533,1.933838535139,
    22.736307388665));
#3250 = CARTESIAN_POINT('',(45.845462764879,3.186785705603,
    23.433149339477));
#3251 = CARTESIAN_POINT('',(45.986383815142,4.199441029478,
    24.433021001654));
#3252 = CARTESIAN_POINT('',(46.1315118918,4.839861089497,25.687623869973
    ));
#3253 = CARTESIAN_POINT('',(46.394984705784,5.323370704387,
    28.099158945401));
#3254 = CARTESIAN_POINT('',(46.519467864927,5.269766639553,
    29.295433820927));
#3255 = CARTESIAN_POINT('',(46.642141041177,4.89959643977,
    30.449558842379));
#3256 = CARTESIAN_POINT('',(46.765039745668,4.255588410071,
    31.486013628767));
#3257 = CARTESIAN_POINT('',(46.88782515152,3.366637722727,
    32.321899214872));
#3258 = CARTESIAN_POINT('',(47.01068492256,2.306178894424,
    32.912617271312));
#3259 = CARTESIAN_POINT('',(47.135219452253,1.143185184451,33.2));
#3260 = CARTESIAN_POINT('',(47.257684625776,1.50990331349E-14,33.2));
#3261 = ORIENTED_EDGE('',*,*,#3262,.T.);
#3262 = EDGE_CURVE('',#3228,#3263,#3265,.T.);
#3263 = VERTEX_POINT('',#3264);
#3264 = CARTESIAN_POINT('',(50.757720477377,1.273632671113E-15,33.2));
#3265 = B_SPLINE_CURVE_WITH_KNOTS('',8,(#3266,#3267,#3268,#3269,#3270,
    #3271,#3272,#3273,#3274,#3275,#3276,#3277,#3278,#3279,#3280,#3281,
    #3282,#3283,#3284,#3285,#3286,#3287,#3288,#3289,#3290,#3291,#3292,
    #3293,#3294,#3295,#3296,#3297,#3298,#3299,#3300,#3301,#3302),
  .UNSPECIFIED.,.F.,.F.,(9,7,7,7,7,9),(0.,0.249988566195,0.502960968865,
    0.52727660503,0.771149844738,1.),.UNSPECIFIED.);
#3266 = CARTESIAN_POINT('',(47.257684625776,1.50990331349E-14,33.2));
#3267 = CARTESIAN_POINT('',(47.366652376943,-1.017189745726,33.2));
#3268 = CARTESIAN_POINT('',(47.476664837202,-2.04434499546,
    32.97256284044));
#3269 = CARTESIAN_POINT('',(47.585994131692,-3.003888558457,
    32.510252522584));
#3270 = CARTESIAN_POINT('',(47.69487720775,-3.84189919181,
    31.844646743012));
#3271 = CARTESIAN_POINT('',(47.804146311959,-4.507807347673,
    31.006897594585));
#3272 = CARTESIAN_POINT('',(47.913226296563,-4.970936784719,
    30.048686502612));
#3273 = CARTESIAN_POINT('',(48.023302425946,-5.199308348591,
    29.021125602412));
#3274 = CARTESIAN_POINT('',(48.24261502744,-5.200697498614,
    26.973785013879));
#3275 = CARTESIAN_POINT('',(48.354075458043,-4.968291932324,
    25.933004917078));
#3276 = CARTESIAN_POINT('',(48.464623471933,-4.494696991275,
    24.963274478849));
#3277 = CARTESIAN_POINT('',(48.575084006407,-3.813773762778,
    24.118870487244));
#3278 = CARTESIAN_POINT('',(48.685530162319,-2.957465843241,
    23.452671794397));
#3279 = CARTESIAN_POINT('',(48.796071275563,-1.979510445562,
    22.996272816642));
#3280 = CARTESIAN_POINT('',(48.90751424182,-0.934946293143,
    22.782087948672));
#3281 = CARTESIAN_POINT('',(49.028448070197,0.193779333749,
    22.802668986729));
#3282 = CARTESIAN_POINT('',(49.039052906819,0.292719307485,
    22.806627276703));
#3283 = CARTESIAN_POINT('',(49.049657836289,0.391566024866,
    22.812738100728));
#3284 = CARTESIAN_POINT('',(49.06026291303,0.490265380658,
    22.820998884489));
#3285 = CARTESIAN_POINT('',(49.070868194074,0.588763434599,
    22.831405465639));
#3286 = CARTESIAN_POINT('',(49.081473739066,0.687006411398,
    22.843952093799));
#3287 = CARTESIAN_POINT('',(49.092079610259,0.784940700736,
    22.858631430556));
#3288 = CARTESIAN_POINT('',(49.209061190894,1.86111106281,
    23.043961131251));
#3289 = CARTESIAN_POINT('',(49.316401803179,2.811906526944,
    23.427633055929));
#3290 = CARTESIAN_POINT('',(49.423035729459,3.663172630566,
    24.020879539259));
#3291 = CARTESIAN_POINT('',(49.529514180725,4.369709244086,
    24.787096587454));
#3292 = CARTESIAN_POINT('',(49.636043822893,4.890461584491,
    25.69029034811));
#3293 = CARTESIAN_POINT('',(49.742642159525,5.202831339731,
    26.679317846617));
#3294 = CARTESIAN_POINT('',(49.850008045501,5.285679986739,
    27.701552141972));
#3295 = CARTESIAN_POINT('',(50.056349192815,5.031353014574,
    29.610917805556));
#3296 = CARTESIAN_POINT('',(50.156872838928,4.717891352323,
    30.516549303763));
#3297 = CARTESIAN_POINT('',(50.257305773492,4.217221489534,
    31.346163637874));
#3298 = CARTESIAN_POINT('',(50.356526405316,3.555194573398,
    32.059904362091));
#3299 = CARTESIAN_POINT('',(50.45760139229,2.760428706002,
    32.621807585762));
#3300 = CARTESIAN_POINT('',(50.556821066735,1.872152661844,
    33.00860707217));
#3301 = CARTESIAN_POINT('',(50.657838466767,0.933123736224,33.2));
#3302 = CARTESIAN_POINT('',(50.757720477377,1.06581410364E-14,33.2));
#3303 = ORIENTED_EDGE('',*,*,#3304,.T.);
#3304 = EDGE_CURVE('',#3263,#3305,#3307,.T.);
#3305 = VERTEX_POINT('',#3306);
#3306 = CARTESIAN_POINT('',(54.257681152181,1.273632671113E-15,33.2));
#3307 = B_SPLINE_CURVE_WITH_KNOTS('',7,(#3308,#3309,#3310,#3311,#3312,
    #3313,#3314,#3315,#3316,#3317,#3318,#3319,#3320,#3321,#3322,#3323,
    #3324,#3325,#3326,#3327,#3328,#3329,#3330,#3331,#3332,#3333,#3334,
    #3335,#3336,#3337,#3338,#3339),.UNSPECIFIED.,.F.,.F.,(8,6,6,6,6,8),(
    0.,0.135958063005,0.326390234978,0.621060745097,0.846791291036,1.),
  .UNSPECIFIED.);
#3308 = CARTESIAN_POINT('',(50.757720477377,1.06581410364E-14,33.2));
#3309 = CARTESIAN_POINT('',(50.825432359069,-0.632582019987,33.2));
#3310 = CARTESIAN_POINT('',(50.893232221038,-1.266069672355,
    33.110138721707));
#3311 = CARTESIAN_POINT('',(50.961097269804,-1.883995550069,
    32.930370458392));
#3312 = CARTESIAN_POINT('',(51.029001143233,-2.471173115641,
    32.663804786456));
#3313 = CARTESIAN_POINT('',(51.096913910532,-3.01369670113,
    32.316706565429));
#3314 = CARTESIAN_POINT('',(51.164802072257,-3.498941508145,
    31.89849593797));
#3315 = CARTESIAN_POINT('',(51.327630983485,-4.499113046419,
    30.753982987476));
#3316 = CARTESIAN_POINT('',(51.422803353491,-4.950850318044,
    29.968879891496));
#3317 = CARTESIAN_POINT('',(51.517667498039,-5.239370136703,
    29.100838555384));
#3318 = CARTESIAN_POINT('',(51.61252090446,-5.350478982467,
    28.190672268057));
#3319 = CARTESIAN_POINT('',(51.707435589787,-5.279151434742,
    27.278068985227));
#3320 = CARTESIAN_POINT('',(51.802700002725,-5.028646651899,
    26.406754742263));
#3321 = CARTESIAN_POINT('',(52.04458607166,-3.994628480738,
    24.399410018289));
#3322 = CARTESIAN_POINT('',(52.194941677831,-2.975711353577,
    23.345905051334));
#3323 = CARTESIAN_POINT('',(52.340985722651,-1.647006624688,
    22.671138253474));
#3324 = CARTESIAN_POINT('',(52.489238352984,-0.181530111227,
    22.425255079878));
#3325 = CARTESIAN_POINT('',(52.635322491439,1.294305970513,
    22.630148037664));
#3326 = CARTESIAN_POINT('',(52.785594101881,2.600608310132,
    23.292710692043));
#3327 = CARTESIAN_POINT('',(53.045107141109,4.352150431111,
    24.966349857245));
#3328 = CARTESIAN_POINT('',(53.158377504473,4.943936271509,
    25.877109568239));
#3329 = CARTESIAN_POINT('',(53.271120602415,5.310470460387,
    26.915357451763));
#3330 = CARTESIAN_POINT('',(53.383512397354,5.419899725681,
    28.014725794985));
#3331 = CARTESIAN_POINT('',(53.496211006399,5.265618656565,
    29.104329619593));
#3332 = CARTESIAN_POINT('',(53.609432330832,4.866086912969,
    30.113307765572));
#3333 = CARTESIAN_POINT('',(53.798445482698,3.856434428389,
    31.560462098711));
#3334 = CARTESIAN_POINT('',(53.875096915363,3.353120927785,
    32.081845245368));
#3335 = CARTESIAN_POINT('',(53.951685001324,2.768725064434,
    32.518985447847));
#3336 = CARTESIAN_POINT('',(54.028181887157,2.120500391293,
    32.856824279431));
#3337 = CARTESIAN_POINT('',(54.104675772556,1.428272722661,
    33.085487549628));
#3338 = CARTESIAN_POINT('',(54.181219834629,0.713777973707,33.2));
#3339 = CARTESIAN_POINT('',(54.257681152181,2.57571741713E-14,33.2));
#3340 = ORIENTED_EDGE('',*,*,#3341,.T.);
#3341 = EDGE_CURVE('',#3305,#1888,#3342,.T.);
#3342 = B_SPLINE_CURVE_WITH_KNOTS('',8,(#3343,#3344,#3345,#3346,#3347,
    #3348,#3349,#3350,#3351,#3352,#3353,#3354,#3355,#3356,#3357,#3358,
    #3359,#3360,#3361,#3362,#3363,#3364,#3365,#3366,#3367,#3368,#3369,
    #3370,#3371,#3372),.UNSPECIFIED.,.F.,.F.,(9,7,7,7,9),(0.,
    0.215148322883,0.405281774539,0.693268726921,1.),.UNSPECIFIED.);
#3343 = CARTESIAN_POINT('',(54.257681152181,2.57571741713E-14,33.2));
#3344 = CARTESIAN_POINT('',(54.351340915543,-0.874328068764,33.2));
#3345 = CARTESIAN_POINT('',(54.445473639283,-1.752721066717,
    33.03088903168));
#3346 = CARTESIAN_POINT('',(54.539446929127,-2.591980282629,
    32.693337632197));
#3347 = CARTESIAN_POINT('',(54.633181770466,-3.353598066573,
    32.198038951973));
#3348 = CARTESIAN_POINT('',(54.72688472923,-4.004716233913,
    31.564734775183));
#3349 = CARTESIAN_POINT('',(54.820780152764,-4.5190844693,
    30.821241540249));
#3350 = CARTESIAN_POINT('',(54.914842370701,-4.878018730661,
    30.002476360329));
#3351 = CARTESIAN_POINT('',(55.091320789725,-5.242221207926,
    28.395665578086));
#3352 = CARTESIAN_POINT('',(55.174199089916,-5.284735692252,
    27.610139181049));
#3353 = CARTESIAN_POINT('',(55.257134985746,-5.193418220216,
    26.822326050074));
#3354 = CARTESIAN_POINT('',(55.340100432393,-4.968675703615,
    26.059346947966));
#3355 = CARTESIAN_POINT('',(55.423067150887,-4.616806851991,
    25.346021202956));
#3356 = CARTESIAN_POINT('',(55.506006628103,-4.150002172635,
    24.704866708703));
#3357 = CARTESIAN_POINT('',(55.588890116769,-3.586343970583,
    24.156099924292));
#3358 = CARTESIAN_POINT('',(55.797099986548,-1.985670220918,
    23.05351325717));
#3359 = CARTESIAN_POINT('',(55.924781663523,-0.832987432605,
    22.626223250567));
#3360 = CARTESIAN_POINT('',(56.050548348513,0.410493281986,
    22.520294620781));
#3361 = CARTESIAN_POINT('',(56.176332579128,1.643203031163,
    22.738757452572));
#3362 = CARTESIAN_POINT('',(56.302079047237,2.780786948993,
    23.260783885155));
#3363 = CARTESIAN_POINT('',(56.427766257868,3.74257428503,
    24.055072638398));
#3364 = CARTESIAN_POINT('',(56.555406280411,4.447366382513,
    25.061923946228));
#3365 = CARTESIAN_POINT('',(56.814506691278,5.304497724844,
    27.323251574913));
#3366 = CARTESIAN_POINT('',(56.951532452825,5.43720744393,
    28.639428555037));
#3367 = CARTESIAN_POINT('',(57.084499563482,5.175962970938,
    29.952720587521));
#3368 = CARTESIAN_POINT('',(57.219830349157,4.577373511601,
    31.160308246624));
#3369 = CARTESIAN_POINT('',(57.353170232342,3.660765595341,
    32.147661645842));
#3370 = CARTESIAN_POINT('',(57.487355230017,2.524949898373,
    32.857576549236));
#3371 = CARTESIAN_POINT('',(57.62406681949,1.247417245306,33.2));
#3372 = CARTESIAN_POINT('',(57.757691067835,-2.48689957516E-14,33.2));
#3373 = ORIENTED_EDGE('',*,*,#1895,.T.);
#3374 = ORIENTED_EDGE('',*,*,#1833,.T.);
#3375 = ORIENTED_EDGE('',*,*,#3376,.F.);
#3376 = EDGE_CURVE('',#1946,#1834,#3377,.T.);
#3377 = B_SPLINE_CURVE_WITH_KNOTS('',1,(#3378,#3379),.UNSPECIFIED.,.F.,
  .F.,(2,2),(0.,1.411559421349),.PIECEWISE_BEZIER_KNOTS.);
#3378 = CARTESIAN_POINT('',(62.500040321929,-4.083945640726E-06,
    21.600022402213));
#3379 = CARTESIAN_POINT('',(63.049982077866,1.815054615107E-06,
    22.900047042381));
#3380 = B_SPLINE_SURFACE_WITH_KNOTS('',1,10,(
    (#3381,#3382,#3383,#3384,#3385,#3386,#3387,#3388,#3389,#3390,#3391
      ,#3392,#3393,#3394,#3395,#3396,#3397,#3398,#3399,#3400,#3401,#3402
      ,#3403,#3404,#3405,#3406,#3407,#3408,#3409,#3410,#3411,#3412,#3413
      ,#3414,#3415,#3416,#3417,#3418,#3419,#3420,#3421,#3422,#3423,#3424
      ,#3425,#3426,#3427,#3428,#3429,#3430,#3431,#3432,#3433,#3434,#3435
      ,#3436,#3437,#3438,#3439,#3440,#3441,#3442,#3443,#3444,#3445,#3446
      ,#3447,#3448,#3449,#3450,#3451,#3452,#3453,#3454,#3455,#3456,#3457
      ,#3458,#3459,#3460,#3461,#3462,#3463,#3464,#3465,#3466,#3467,#3468
      ,#3469,#3470,#3471,#3472,#3473,#3474,#3475,#3476,#3477,#3478,#3479
      ,#3480,#3481,#3482,#3483,#3484,#3485,#3486,#3487,#3488,#3489,#3490
      ,#3491,#3492,#3493,#3494,#3495,#3496,#3497,#3498,#3499,#3500,#3501
      ,#3502,#3503,#3504,#3505,#3506,#3507,#3508,#3509,#3510,#3511,#3512
      ,#3513,#3514,#3515,#3516,#3517,#3518,#3519,#3520,#3521,#3522,#3523
      ,#3524,#3525,#3526,#3527,#3528,#3529,#3530,#3531,#3532,#3533,#3534
      ,#3535,#3536,#3537,#3538,#3539,#3540,#3541,#3542,#3543,#3544,#3545
      ,#3546,#3547,#3548,#3549,#3550,#3551,#3552,#3553,#3554,#3555,#3556
      ,#3557,#3558,#3559,#3560,#3561,#3562,#3563,#3564,#3565,#3566,#3567
      ,#3568,#3569,#3570,#3571,#3572,#3573,#3574,#3575,#3576,#3577,#3578
      ,#3579,#3580,#3581,#3582,#3583,#3584,#3585,#3586,#3587,#3588,#3589
      ,#3590,#3591,#3592,#3593,#3594,#3595,#3596,#3597,#3598,#3599,#3600
      ,#3601,#3602,#3603,#3604,#3605,#3606,#3607,#3608,#3609,#3610,#3611
      ,#3612,#3613,#3614,#3615,#3616,#3617,#3618,#3619,#3620,#3621,#3622
      ,#3623,#3624,#3625,#3626,#3627,#3628,#3629,#3630,#3631,#3632,#3633
      ,#3634,#3635,#3636,#3637,#3638,#3639,#3640,#3641,#3642,#3643,#3644
      ,#3645,#3646,#3647,#3648,#3649,#3650,#3651,#3652,#3653,#3654,#3655
      ,#3656,#3657,#3658,#3659,#3660,#3661,#3662,#3663,#3664,#3665,#3666
      ,#3667,#3668,#3669,#3670,#3671,#3672,#3673,#3674,#3675,#3676,#3677
      ,#3678,#3679,#3680,#3681,#3682,#3683,#3684,#3685,#3686,#3687,#3688
      ,#3689,#3690,#3691,#3692,#3693,#3694,#3695,#3696,#3697,#3698,#3699
      )
    ,(#3700,#3701,#3702,#3703,#3704,#3705,#3706,#3707,#3708,#3709,#3710
      ,#3711,#3712,#3713,#3714,#3715,#3716,#3717,#3718,#3719,#3720,#3721
      ,#3722,#3723,#3724,#3725,#3726,#3727,#3728,#3729,#3730,#3731,#3732
      ,#3733,#3734,#3735,#3736,#3737,#3738,#3739,#3740,#3741,#3742,#3743
      ,#3744,#3745,#3746,#3747,#3748,#3749,#3750,#3751,#3752,#3753,#3754
      ,#3755,#3756,#3757,#3758,#3759,#3760,#3761,#3762,#3763,#3764,#3765
      ,#3766,#3767,#3768,#3769,#3770,#3771,#3772,#3773,#3774,#3775,#3776
      ,#3777,#3778,#3779,#3780,#3781,#3782,#3783,#3784,#3785,#3786,#3787
      ,#3788,#3789,#3790,#3791,#3792,#3793,#3794,#3795,#3796,#3797,#3798
      ,#3799,#3800,#3801,#3802,#3803,#3804,#3805,#3806,#3807,#3808,#3809
      ,#3810,#3811,#3812,#3813,#3814,#3815,#3816,#3817,#3818,#3819,#3820
      ,#3821,#3822,#3823,#3824,#3825,#3826,#3827,#3828,#3829,#3830,#3831
      ,#3832,#3833,#3834,#3835,#3836,#3837,#3838,#3839,#3840,#3841,#3842
      ,#3843,#3844,#3845,#3846,#3847,#3848,#3849,#3850,#3851,#3852,#3853
      ,#3854,#3855,#3856,#3857,#3858,#3859,#3860,#3861,#3862,#3863,#3864
      ,#3865,#3866,#3867,#3868,#3869,#3870,#3871,#3872,#3873,#3874,#3875
      ,#3876,#3877,#3878,#3879,#3880,#3881,#3882,#3883,#3884,#3885,#3886
      ,#3887,#3888,#3889,#3890,#3891,#3892,#3893,#3894,#3895,#3896,#3897
      ,#3898,#3899,#3900,#3901,#3902,#3903,#3904,#3905,#3906,#3907,#3908
      ,#3909,#3910,#3911,#3912,#3913,#3914,#3915,#3916,#3917,#3918,#3919
      ,#3920,#3921,#3922,#3923,#3924,#3925,#3926,#3927,#3928,#3929,#3930
      ,#3931,#3932,#3933,#3934,#3935,#3936,#3937,#3938,#3939,#3940,#3941
      ,#3942,#3943,#3944,#3945,#3946,#3947,#3948,#3949,#3950,#3951,#3952
      ,#3953,#3954,#3955,#3956,#3957,#3958,#3959,#3960,#3961,#3962,#3963
      ,#3964,#3965,#3966,#3967,#3968,#3969,#3970,#3971,#3972,#3973,#3974
      ,#3975,#3976,#3977,#3978,#3979,#3980,#3981,#3982,#3983,#3984,#3985
      ,#3986,#3987,#3988,#3989,#3990,#3991,#3992,#3993,#3994,#3995,#3996
      ,#3997,#3998,#3999,#4000,#4001,#4002,#4003,#4004,#4005,#4006,#4007
      ,#4008,#4009,#4010,#4011,#4012,#4013,#4014,#4015,#4016,#4017,#4018
      )),.UNSPECIFIED.,.F.,.F.,.F.,(2,2),(11,10,10,10,10,10,10,10,10,10,
    10,10,10,10,10,10,10,10,10,10,10,10,10,10,10,10,10,10,10,9,10,9,11),
  (0.,1.411559421349),(0.,6.293216167298,12.586432334595,18.879648501893
    ,25.17286466919,31.466080836488,37.759297003786,44.052513171083,
    50.345729338381,56.638945505679,62.932161672976,69.225377840274,
    75.518594007571,81.811810174869,88.105026342167,94.398242509464,
    100.69145867676,106.98467484406,113.27789101135,119.57110717865,
    125.86432334595,132.15753951325,138.45075568054,144.74397184784,
    151.03718801514,157.33040418244,163.62362034973,169.91683651703,
    176.21005268433,182.50326885163,188.79648501892,195.08970118622,
    201.38291735352),.UNSPECIFIED.);
#3381 = CARTESIAN_POINT('',(-35.5,7.105427357601E-15,21.6));
#3382 = CARTESIAN_POINT('',(-35.19372919989,3.518555419376,
    21.600011504836));
#3383 = CARTESIAN_POINT('',(-34.88755155365,7.037955475518,
    23.748948565333));
#3384 = CARTESIAN_POINT('',(-34.58115562602,9.074393206521,
    28.050877133881));
#3385 = CARTESIAN_POINT('',(-34.27508044626,8.178464215906,
    33.326430627498));
#3386 = CARTESIAN_POINT('',(-33.96872985946,3.859888289449,
    37.318722079643));
#3387 = CARTESIAN_POINT('',(-33.66244648919,-2.016591490298,
    37.549415919973));
#3388 = CARTESIAN_POINT('',(-33.35631217934,-6.380666814645,
    34.452504698518));
#3389 = CARTESIAN_POINT('',(-33.04996171757,-7.982494092105,
    29.970667015188));
#3390 = CARTESIAN_POINT('',(-32.74375391618,-7.013480158277,
    25.962510721023));
#3391 = CARTESIAN_POINT('',(-32.43749999999,-4.525483399592,
    23.474516600409));
#3392 = CARTESIAN_POINT('',(-32.13122919992,-2.037480867437,
    20.986530338517));
#3393 = CARTESIAN_POINT('',(-31.82505155356,1.970638745847,
    20.017466660988));
#3394 = CARTESIAN_POINT('',(-31.51865562622,6.452540537751,
    21.619410594815));
#3395 = CARTESIAN_POINT('',(-31.21258044596,9.549402723163,
    25.983307709558));
#3396 = CARTESIAN_POINT('',(-30.90622985982,9.318684758379,
    31.859978390337));
#3397 = CARTESIAN_POINT('',(-30.59994648887,5.326511235912,
    36.178402271101));
#3398 = CARTESIAN_POINT('',(-30.29381217956,5.079705469566E-02,
    37.074422601072));
#3399 = CARTESIAN_POINT('',(-29.98746171745,-4.251003693339,
    35.037947713212));
#3400 = CARTESIAN_POINT('',(-29.68125391623,-6.400001865422,
    31.518556893874));
#3401 = CARTESIAN_POINT('',(-29.37499999997,-6.399999999988,
    28.000000000003));
#3402 = CARTESIAN_POINT('',(-29.06872919999,-6.399988495223,
    24.481444580612));
#3403 = CARTESIAN_POINT('',(-28.76255155337,-4.251051434489,
    20.962044524506));
#3404 = CARTESIAN_POINT('',(-28.45615562659,5.087713350864E-02,
    18.925606793458));
#3405 = CARTESIAN_POINT('',(-28.15008044542,5.326430628056,
    19.821535784084));
#3406 = CARTESIAN_POINT('',(-27.84372986037,9.318722079037,
    24.140111710603));
#3407 = CARTESIAN_POINT('',(-27.53744648848,9.549415920446,
    30.016591490229));
#3408 = CARTESIAN_POINT('',(-27.23131217971,6.452504698267,
    34.380666814692));
#3409 = CARTESIAN_POINT('',(-26.92496171747,1.970667015259,
    35.982494092095));
#3410 = CARTESIAN_POINT('',(-26.61875391615,-2.037489278968,
    35.013480158265));
#3411 = CARTESIAN_POINT('',(-26.31250000004,-4.525483399612,
    32.525483399607));
#3412 = CARTESIAN_POINT('',(-26.00622919972,-7.013469661391,
    30.037480867365));
#3413 = CARTESIAN_POINT('',(-25.70005155412,-7.982533339261,
    26.029361254379));
#3414 = CARTESIAN_POINT('',(-25.39365562512,-6.380589404717,
    21.547459461765));
#3415 = CARTESIAN_POINT('',(-25.08758044753,-2.016692291077,
    18.450597277576));
#3416 = CARTESIAN_POINT('',(-24.78122985813,3.859978390971,
    18.681315240793));
#3417 = CARTESIAN_POINT('',(-24.47494649022,8.178402270639,
    22.673488764774));
#3418 = CARTESIAN_POINT('',(-24.16881217875,9.074422601312,
    27.949202944886));
#3419 = CARTESIAN_POINT('',(-23.8624617178,7.037947713129,
    32.251003693522));
#3420 = CARTESIAN_POINT('',(-23.55625391613,3.518556893891,
    34.40000186537));
#3421 = CARTESIAN_POINT('',(-23.24999999999,1.661217044869E-12,
    34.399999999994));
#3422 = CARTESIAN_POINT('',(-22.94372919993,-3.518555419378,
    34.399988495187));
#3423 = CARTESIAN_POINT('',(-22.63755155356,-7.037955475524,
    32.251051434607));
#3424 = CARTESIAN_POINT('',(-22.33115562618,-9.074393206488,
    27.949122866228));
#3425 = CARTESIAN_POINT('',(-22.02508044604,-8.178464215984,
    22.673569372358));
#3426 = CARTESIAN_POINT('',(-21.7187298597,-3.859888289332,
    18.681277920496));
#3427 = CARTESIAN_POINT('',(-21.41244648898,2.016591490177,
    18.450584079926));
#3428 = CARTESIAN_POINT('',(-21.10631217949,6.380666814736,
    21.547495301543));
#3429 = CARTESIAN_POINT('',(-20.79996171747,7.982494092055,
    26.029332984777));
#3430 = CARTESIAN_POINT('',(-20.49375391624,7.013480158298,
    30.037489278997));
#3431 = CARTESIAN_POINT('',(-20.18749999997,4.525483399586,
    32.52548339958));
#3432 = CARTESIAN_POINT('',(-19.88122920002,2.037480867467,
    35.013469661537));
#3433 = CARTESIAN_POINT('',(-19.57505155329,-1.970638745943,
    35.982533338855));
#3434 = CARTESIAN_POINT('',(-19.26865562676,-6.452540537528,
    34.380589405496));
#3435 = CARTESIAN_POINT('',(-18.96258044517,-9.549402723532,
    30.016692289999));
#3436 = CARTESIAN_POINT('',(-18.65622986065,-9.318684757949,
    24.140021610122));
#3437 = CARTESIAN_POINT('',(-18.34994648826,-5.326511236253,
    19.821597728558));
#3438 = CARTESIAN_POINT('',(-18.04381217981,-5.07970545371E-02,
    18.925577399098));
#3439 = CARTESIAN_POINT('',(-17.73746171747,4.251003693337,
    20.962052286742));
#3440 = CARTESIAN_POINT('',(-17.43125391611,6.400001865362,
    24.481443106121));
#3441 = CARTESIAN_POINT('',(-17.12500000007,6.400000000041,
    28.000000000008));
#3442 = CARTESIAN_POINT('',(-16.81872919956,6.399988494972,
    31.518555419344));
#3443 = CARTESIAN_POINT('',(-16.51255155458,4.251051435238,
    35.037955475565));
#3444 = CARTESIAN_POINT('',(-16.20615562413,-5.087713506049E-02,
    37.074393206518));
#3445 = CARTESIAN_POINT('',(-15.9000804491,-5.326430625732,
    36.178464215772));
#3446 = CARTESIAN_POINT('',(-15.59372985627,-9.318722081595,
    31.859888289754));
#3447 = CARTESIAN_POINT('',(-15.28744649188,-9.549415918376,
    25.983408509316));
#3448 = CARTESIAN_POINT('',(-14.98131217765,-6.452504699476,
    21.61933318568));
#3449 = CARTESIAN_POINT('',(-14.67496171834,-1.970667014779,
    20.017505907709));
#3450 = CARTESIAN_POINT('',(-14.36875391595,2.037489278862,
    20.98651984179));
#3451 = CARTESIAN_POINT('',(-14.06250000003,4.525483399606,
    23.474516600397));
#3452 = CARTESIAN_POINT('',(-13.75622919971,7.013469661388,
    25.962519132633));
#3453 = CARTESIAN_POINT('',(-13.4500515542,7.982533339298,
    29.970638745591));
#3454 = CARTESIAN_POINT('',(-13.14365562483,6.380589404621,
    34.452540538365));
#3455 = CARTESIAN_POINT('',(-12.83758044813,2.016692291229,
    37.549402722117));
#3456 = CARTESIAN_POINT('',(-12.53122985728,-3.859978391134,
    37.31868475968));
#3457 = CARTESIAN_POINT('',(-12.2249464911,-8.178402270519,
    33.326511234717));
#3458 = CARTESIAN_POINT('',(-11.9188121781,-9.074422601374,
    28.050797055503));
#3459 = CARTESIAN_POINT('',(-11.61246171816,-7.037947713107,
    23.748996306268));
#3460 = CARTESIAN_POINT('',(-11.306253916,-3.518556893898,
    21.599998134708));
#3461 = CARTESIAN_POINT('',(-11.00000000002,1.559882683354E-12,
    21.599999999987));
#3462 = CARTESIAN_POINT('',(-10.69372919974,3.518555419361,
    21.600011504917));
#3463 = CARTESIAN_POINT('',(-10.3875515541,7.037955475553,
    23.748948565075));
#3464 = CARTESIAN_POINT('',(-10.0811556251,9.074393206479,
    28.050877134424));
#3465 = CARTESIAN_POINT('',(-9.775080447625,8.17846421592,
    33.326430626689));
#3466 = CARTESIAN_POINT('',(-9.468729857988,3.859888289491,
    37.318722080523));
#3467 = CARTESIAN_POINT('',(-9.16244649038,-2.016591490382,
    37.549415919271));
#3468 = CARTESIAN_POINT('',(-8.856312178647,-6.380666814562,
    34.452504698922));
#3469 = CARTESIAN_POINT('',(-8.549961717858,-7.982494092155,
    29.970667015028));
#3470 = CARTESIAN_POINT('',(-8.243753916118,-7.01348015826,
    25.96251072106));
#3471 = CARTESIAN_POINT('',(-7.937499999996,-4.525483399593,
    23.474516600409));
#3472 = CARTESIAN_POINT('',(-7.631229199902,-2.03748086743,
    20.986530338527));
#3473 = CARTESIAN_POINT('',(-7.325051553668,1.970638745813,
    20.017466660941));
#3474 = CARTESIAN_POINT('',(-7.018655625943,6.452540537852,
    21.61941059494));
#3475 = CARTESIAN_POINT('',(-6.712580446453,9.549402722966,
    25.983307709337));
#3476 = CARTESIAN_POINT('',(-6.406229859215,9.318684758643,
    31.859978390611));
#3477 = CARTESIAN_POINT('',(-6.099946489391,5.326511235669,
    36.178402270862));
#3478 = CARTESIAN_POINT('',(-5.793812179283,5.079705483602E-02,
    37.074422601215));
#3479 = CARTESIAN_POINT('',(-5.487461717515,-4.251003693371,
    35.037947713162));
#3480 = CARTESIAN_POINT('',(-5.181253916283,-6.400001865446,
    31.518556893878));
#3481 = CARTESIAN_POINT('',(-4.874999999925,-6.399999999959,
    28.000000000009));
#3482 = CARTESIAN_POINT('',(-4.568729200253,-6.399988495375,
    24.481444580595));
#3483 = CARTESIAN_POINT('',(-4.262551552625,-4.25105143404,
    20.962044524513));
#3484 = CARTESIAN_POINT('',(-3.956155628089,5.087713261281E-02,
    18.925606793532));
#3485 = CARTESIAN_POINT('',(-3.650080443233,5.326430629336,
    19.82153578384));
#3486 = CARTESIAN_POINT('',(-3.34372986282,9.318722077684,
    24.140111711034));
#3487 = CARTESIAN_POINT('',(-3.037446486352,9.549415921537,
    30.016591489716));
#3488 = CARTESIAN_POINT('',(-2.731312181214,6.452504697567,
    34.380666815136));
#3489 = CARTESIAN_POINT('',(-2.424961716596,1.970667015644,
    35.982494091806));
#3490 = CARTESIAN_POINT('',(-2.118753916604,-2.037489279161,
    35.013480158411));
#3491 = CARTESIAN_POINT('',(-1.812499999848,-4.525483399524,
    32.525483399549));
#3492 = CARTESIAN_POINT('',(-1.506229200628,-7.013469661825,
    30.037480867678));
#3493 = CARTESIAN_POINT('',(-1.200051551587,-7.98253333806,
    26.029361253384));
#3494 = CARTESIAN_POINT('',(-0.893655630033,-6.380589406944,
    21.547459463888));
#3495 = CARTESIAN_POINT('',(-0.587580440637,-2.01669228816,
    18.450597274365));
#3496 = CARTESIAN_POINT('',(-0.281229865331,3.859978388226,
    18.681315244334));
#3497 = CARTESIAN_POINT('',(2.505351539725E-02,8.178402272483,
    22.673488761885));
#3498 = CARTESIAN_POINT('',(0.331187817935,9.07442260045,27.949202946639
    ));
#3499 = CARTESIAN_POINT('',(0.637538283666,7.037947713399,
    32.251003692728));
#3500 = CARTESIAN_POINT('',(0.943746083366,3.518556893834,
    34.400001865638));
#3501 = CARTESIAN_POINT('',(1.250000000136,1.479483202615E-11,
    34.399999999927));
#3502 = CARTESIAN_POINT('',(1.556270242024,-3.518555240388,
    34.39998875445));
#3503 = CARTESIAN_POINT('',(1.862450837688,-7.037956242944,32.2510503237
    ));
#3504 = CARTESIAN_POINT('',(2.168838199175,-9.074391224299,
    27.94912573469));
#3505 = CARTESIAN_POINT('',(2.474931244612,-8.178467969734,
    22.673563941639));
#3506 = CARTESIAN_POINT('',(2.781252781379,-3.85988271464,
    18.681285983922));
#3507 = CARTESIAN_POINT('',(3.087574339438,2.016584800479,
    18.450574405324));
#3508 = CARTESIAN_POINT('',(3.393667368436,6.380673384054,
    21.547504800983));
#3509 = CARTESIAN_POINT('',(3.700054739633,7.982488805729,
    26.029325341068));
#3510 = CARTESIAN_POINT('',(4.006235331009,7.013483612333,
    30.037494273189));
#3511 = CARTESIAN_POINT('',(4.312505574235,4.525481609016,
    32.525480810609));
#3512 = CARTESIAN_POINT('',(4.618760047589,2.037484321385,35.01347465554
    ));
#3513 = CARTESIAN_POINT('',(4.924964902353,-1.970644031844,
    35.982525695952));
#3514 = CARTESIAN_POINT('',(5.231323924663,-6.452533969088,
    34.380598902934));
#3515 = CARTESIAN_POINT('',(5.53744037745,-9.549409412021,
    30.016682618821));
#3516 = CARTESIAN_POINT('',(5.843752787459,-9.318679184395,
    24.140029669316));
#3517 = CARTESIAN_POINT('',(6.150065196094,-5.32651498931,
    19.821592301673));
#3518 = CARTESIAN_POINT('',(6.456181649666,-5.079507254789E-02,
    18.925580265029));
#3519 = CARTESIAN_POINT('',(6.762540671884,4.251002925847,
    20.962051177019));
#3520 = CARTESIAN_POINT('',(7.068745526374,6.400002044462,
    24.481443365018));
#3521 = CARTESIAN_POINT('',(7.375000000015,6.399999999992,
    27.999999999998));
#3522 = CARTESIAN_POINT('',(7.681270800015,6.399988495215,
    31.518555419375));
#3523 = CARTESIAN_POINT('',(7.987448446609,4.25105143452,35.037955475539
    ));
#3524 = CARTESIAN_POINT('',(8.293844373467,-5.087713360935E-02,
    37.074393206446));
#3525 = CARTESIAN_POINT('',(8.59991955444,-5.326430627845,
    36.178464216064));
#3526 = CARTESIAN_POINT('',(8.906270139777,-9.31872207932,31.85988828922
    ));
#3527 = CARTESIAN_POINT('',(9.212553511486,-9.549415920218,
    25.983408509951));
#3528 = CARTESIAN_POINT('',(9.518687820105,-6.452504698333,
    21.61933318514));
#3529 = CARTESIAN_POINT('',(9.825038282846,-1.970667015342,
    20.017505908047));
#3530 = CARTESIAN_POINT('',(10.13124608353,2.037489279096,
    20.986519841631));
#3531 = CARTESIAN_POINT('',(10.437500000159,4.525483399519,
    23.474516600454));
#3532 = CARTESIAN_POINT('',(10.743770799361,7.013469661829,
    25.962519132315));
#3533 = CARTESIAN_POINT('',(11.049948448498,7.982533338042,
    29.970638746663));
#3534 = CARTESIAN_POINT('',(11.356344369611,6.380589407031,
    34.452540535916));
#3535 = CARTESIAN_POINT('',(11.662419560212,2.016692287938,
    37.549402726107));
#3536 = CARTESIAN_POINT('',(11.96877013336,-3.859978387879,
    37.318684754928));
#3537 = CARTESIAN_POINT('',(12.275053516764,-8.178402272838,
    33.326511238894));
#3538 = CARTESIAN_POINT('',(12.581187816978,-9.074422600212,
    28.05079705281));
#3539 = CARTESIAN_POINT('',(12.887538284072,-7.037947713494,
    23.748996307506));
#3540 = CARTESIAN_POINT('',(13.193746083317,-3.518556893821,
    21.599998134333));
#3541 = CARTESIAN_POINT('',(13.500000000077,-7.839024064763E-12,
    21.600000000039));
#3542 = CARTESIAN_POINT('',(13.806270799703,3.518555419429,
    21.600011504599));
#3543 = CARTESIAN_POINT('',(14.112448447477,7.037955475401,
    23.74894856605));
#3544 = CARTESIAN_POINT('',(14.418844371824,9.074393206656,
    28.050877132461));
#3545 = CARTESIAN_POINT('',(14.72491955666,8.178464215858,
    33.326430629475));
#3546 = CARTESIAN_POINT('',(15.031270137631,3.859888289348,
    37.318722077671));
#3547 = CARTESIAN_POINT('',(15.337553512905,-2.016591490104,
    37.54941592138));
#3548 = CARTESIAN_POINT('',(15.643687819585,-6.380666814815,
    34.452504697823));
#3549 = CARTESIAN_POINT('',(15.950038282773,-7.982494092024,
    29.9706670154));
#3550 = CARTESIAN_POINT('',(16.25624608378,-7.013480158289,
    25.962510721004));
#3551 = CARTESIAN_POINT('',(16.562499999969,-4.525483399604,
    23.474516600391));
#3552 = CARTESIAN_POINT('',(16.868770800231,-2.037480867381,
    20.986530338589));
#3553 = CARTESIAN_POINT('',(17.174948446014,1.970638745669,
    20.017466660804));
#3554 = CARTESIAN_POINT('',(17.481344374593,6.452540538126,
    21.619410595142));
#3555 = CARTESIAN_POINT('',(17.78741955289,9.5494027226,25.983307709141)
  );
#3556 = CARTESIAN_POINT('',(18.093770141399,9.318684759005,
    31.859978390724));
#3557 = CARTESIAN_POINT('',(18.400053510133,5.326511235387,
    36.178402270844));
#3558 = CARTESIAN_POINT('',(18.706187821069,5.079705503541E-02,
    37.074422601194));
#3559 = CARTESIAN_POINT('',(19.012538282221,-4.251003693514,
    35.037947713171));
#3560 = CARTESIAN_POINT('',(19.318746083901,-6.400001865348,
    31.518556893886));
#3561 = CARTESIAN_POINT('',(19.624999999972,-6.400000000015,
    27.999999999998));
#3562 = CARTESIAN_POINT('',(19.931270242833,-6.39998875398,
    24.481444759689));
#3563 = CARTESIAN_POINT('',(20.237450835319,-4.251050325139,
    20.962043756936));
#3564 = CARTESIAN_POINT('',(20.543838203992,5.087426830097E-02,
    18.925608775705));
#3565 = CARTESIAN_POINT('',(20.849931237445,5.326436053898,
    19.82153203063));
#3566 = CARTESIAN_POINT('',(21.156252789347,9.318714020972,
    24.140117284537));
#3567 = CARTESIAN_POINT('',(21.462574332767,9.549425590702,
    30.016584801524));
#3568 = CARTESIAN_POINT('',(21.768667372629,6.452495201395,
    34.38067338317));
#3569 = CARTESIAN_POINT('',(22.075054737683,1.970674657901,
    35.982488806243));
#3570 = CARTESIAN_POINT('',(22.381235331655,-2.037494272877,
    35.013483612133));
#3571 = CARTESIAN_POINT('',(22.687505574099,-4.525480810669,
    32.525481609061));
#3572 = CARTESIAN_POINT('',(22.993760047824,-7.013474655431,
    30.03748432132));
#3573 = CARTESIAN_POINT('',(23.299964902032,-7.982525696114,
    26.029355968215));
#3574 = CARTESIAN_POINT('',(23.606323925061,-6.380598902714,
    21.547466030862));
#3575 = CARTESIAN_POINT('',(23.91244037696,-2.0166826191,18.450590588063
    ));
#3576 = CARTESIAN_POINT('',(24.218752788018,3.859970330993,
    18.681320815447));
#3577 = CARTESIAN_POINT('',(24.525065195593,8.178407698061,
    22.673485010886));
#3578 = CARTESIAN_POINT('',(24.831181649966,9.074419735134,
    27.949204927312));
#3579 = CARTESIAN_POINT('',(25.13754067181,7.037948822921,
    32.251002925886));
#3580 = CARTESIAN_POINT('',(25.443745526323,3.518556634986,
    34.400002044489));
#3581 = CARTESIAN_POINT('',(25.75000000008,1.044841492682E-11,
    34.399999999956));
#3582 = CARTESIAN_POINT('',(26.056270799748,-3.518555419408,
    34.399988495378));
#3583 = CARTESIAN_POINT('',(26.362448447368,-7.037955475489,
    32.251051434026));
#3584 = CARTESIAN_POINT('',(26.668844371879,-9.074393206437,
    27.949122867456));
#3585 = CARTESIAN_POINT('',(26.974919556931,-8.178464216252,
    22.67356937048));
#3586 = CARTESIAN_POINT('',(27.281270136841,-3.859888288815,
    18.681277922623));
#3587 = CARTESIAN_POINT('',(27.587553514056,2.016591489553,
    18.450584078133));
#3588 = CARTESIAN_POINT('',(27.893687818489,6.380666815249,
    21.547495302659));
#3589 = CARTESIAN_POINT('',(28.200038283509,7.982494091763,
    26.029332984273));
#3590 = CARTESIAN_POINT('',(28.50624608342,7.013480158407,
    30.037489279155));
#3591 = CARTESIAN_POINT('',(28.8125000001,4.525483399565,32.525483399549
    ));
#3592 = CARTESIAN_POINT('',(29.118770799591,2.037480867601,
    35.013469661716));
#3593 = CARTESIAN_POINT('',(29.424948447854,-1.970638746401,
    35.982533338344));
#3594 = CARTESIAN_POINT('',(29.731344370921,-6.452540536498,
    34.38058940645));
#3595 = CARTESIAN_POINT('',(30.037419558252,-9.549402725178,
    30.016692288749));
#3596 = CARTESIAN_POINT('',(30.343770135535,-9.318684756011,
    24.140021611291));
#3597 = CARTESIAN_POINT('',(30.650053514988,-5.326511237971,
    19.821597727776));
#3598 = CARTESIAN_POINT('',(30.956187818013,-5.079705336701E-02,
    18.92557739947));
#3599 = CARTESIAN_POINT('',(31.262538283681,4.25100369271,
    20.962052286611));
#3600 = CARTESIAN_POINT('',(31.568746083374,6.400001865635,
    24.481443106166));
#3601 = CARTESIAN_POINT('',(31.875000000112,6.399999999941,
    27.999999999988));
#3602 = CARTESIAN_POINT('',(32.181270799562,6.399988495485,
    31.518555419445));
#3603 = CARTESIAN_POINT('',(32.487448447861,4.251051433713,
    35.037955475371));
#3604 = CARTESIAN_POINT('',(32.793844371075,-5.087713198249E-02,
    37.074393206681));
#3605 = CARTESIAN_POINT('',(33.099919557724,-5.326430630165,
    36.178464215873));
#3606 = CARTESIAN_POINT('',(33.406270136529,-9.318722076953,
    31.859888289283));
#3607 = CARTESIAN_POINT('',(33.712553513711,-9.549415921906,
    25.983408509975));
#3608 = CARTESIAN_POINT('',(34.018687819216,-6.452504697575,
    21.61933318514));
#3609 = CARTESIAN_POINT('',(34.325038282819,-1.970667015446,
    20.017505907975));
#3610 = CARTESIAN_POINT('',(34.631246083857,2.037489278964,
    20.986519841735));
#3611 = CARTESIAN_POINT('',(34.937499999898,4.525483399642,
    23.474516600375));
#3612 = CARTESIAN_POINT('',(35.24377080056,7.013469661252,
    25.962519132734));
#3613 = CARTESIAN_POINT('',(35.54994844508,7.982533339636,29.9706387453)
  );
#3614 = CARTESIAN_POINT('',(35.856344376429,6.380589404038,
    34.452540538916));
#3615 = CARTESIAN_POINT('',(36.162419550286,2.01669229194,
    37.549402721404));
#3616 = CARTESIAN_POINT('',(36.468770144113,-3.859978391741,
    37.318684760315));
#3617 = CARTESIAN_POINT('',(36.77505350804,-8.178402270163,
    33.326511234335));
#3618 = CARTESIAN_POINT('',(37.081187822256,-9.074422601509,
    28.050797055653));
#3619 = CARTESIAN_POINT('',(37.387538281733,-7.037947713075,
    23.748996306227));
#3620 = CARTESIAN_POINT('',(37.693746084039,-3.518556893905,
    21.599998134727));
#3621 = CARTESIAN_POINT('',(37.999999999949,5.016875803676E-12,
    21.599999999973));
#3622 = CARTESIAN_POINT('',(38.30627080039,3.51855541935,21.600011505));
#3623 = CARTESIAN_POINT('',(38.612448445443,7.03795547556,
    23.748948564796));
#3624 = CARTESIAN_POINT('',(38.918844375926,9.074393206533,
    28.050877135052));
#3625 = CARTESIAN_POINT('',(39.224919550679,8.17846421572,
    33.326430625683));
#3626 = CARTESIAN_POINT('',(39.531270144087,3.859888289865,
    37.318722081707));
#3627 = CARTESIAN_POINT('',(39.83755350771,-2.016591490839,
    37.549415918233));
#3628 = CARTESIAN_POINT('',(40.143687822684,-6.380666814177,
    34.452504699605));
#3629 = CARTESIAN_POINT('',(40.450038281437,-7.982494092384,
    29.970667014689));
#3630 = CARTESIAN_POINT('',(40.756246084167,-7.013480158165,
    25.962510721189));
#3631 = CARTESIAN_POINT('',(41.062499999916,-4.52548339962,
    23.474516600369));
#3632 = CARTESIAN_POINT('',(41.368770243142,-2.037481176948,
    20.986530282284));
#3633 = CARTESIAN_POINT('',(41.674950834367,1.970640072724,
    20.017466902331));
#3634 = CARTESIAN_POINT('',(41.981338206008,6.452537110809,
    21.61940997112));
#3635 = CARTESIAN_POINT('',(42.28743123435,9.54940921269,25.983308891221
    ));
#3636 = CARTESIAN_POINT('',(42.593752792875,9.318675120593,
    31.85997663467));
#3637 = CARTESIAN_POINT('',(42.900074329763,5.326522802078,
    36.17840437876));
#3638 = CARTESIAN_POINT('',(43.206167374529,5.0785695716E-02,
    37.074420530689));
#3639 = CARTESIAN_POINT('',(43.512554736814,-4.250994551998,
    35.037949379609));
#3640 = CARTESIAN_POINT('',(43.818735331925,-6.400007838714,
    31.518555804931));
#3641 = CARTESIAN_POINT('',(44.125005574056,-6.399996903277,
    28.000000564544));
#3642 = CARTESIAN_POINT('',(44.431260048161,-6.399994468505,
    24.481443491662));
#3643 = CARTESIAN_POINT('',(44.737464900973,-4.251042293184,
    20.962046191056));
#3644 = CARTESIAN_POINT('',(45.043823927185,5.086577457997E-02,
    18.925604722433));
#3645 = CARTESIAN_POINT('',(45.349940373941,5.326442194213,
    19.821537893217));
#3646 = CARTESIAN_POINT('',(45.656252791203,9.318712441169,
    24.140109952707));
#3647 = CARTESIAN_POINT('',(45.962565193007,9.549422410111,
    30.016592674248));
#3648 = CARTESIAN_POINT('',(46.268681651658,6.452501271219,
    34.38066618922));
#3649 = CARTESIAN_POINT('',(46.575040670859,1.970668342171,
    35.982494334383));
#3650 = CARTESIAN_POINT('',(46.881245526806,-2.037489588468,
    35.013480101694));
#3651 = CARTESIAN_POINT('',(47.187499999865,-4.525483399655,
    32.525483399635));
#3652 = CARTESIAN_POINT('',(47.493774275644,-7.013469309211,
    30.037478936806));
#3653 = CARTESIAN_POINT('',(47.799933549021,-7.982534848588,
    26.029369529763));
#3654 = CARTESIAN_POINT('',(48.106382846839,-6.380585507176,
    21.547438089853));
#3655 = CARTESIAN_POINT('',(48.41234670369,-2.016699670673,
    18.450637746811));
#3656 = CARTESIAN_POINT('',(48.718878323093,3.859989348957,
    18.68125514319));
#3657 = CARTESIAN_POINT('',(49.024923694336,8.178389122008,
    22.673560881014));
#3658 = CARTESIAN_POINT('',(49.331315300754,9.074435512855,
    27.949132126205));
#3659 = CARTESIAN_POINT('',(49.637435697806,7.037937323257,
    32.251060682247));
#3660 = CARTESIAN_POINT('',(49.943813112997,3.51856368263,
    34.399964628664));
#3661 = CARTESIAN_POINT('',(50.249965251443,-3.519345473268E-06,
    34.400019303868));
#3662 = CARTESIAN_POINT('',(50.556525577841,-3.51888421727,
    34.399844921811));
#3663 = CARTESIAN_POINT('',(50.861582817024,-7.03588180017,
    32.251106905867));
#3664 = CARTESIAN_POINT('',(51.17074045496,-9.080058324925,
    27.950405394239));
#3665 = CARTESIAN_POINT('',(51.472086628157,-8.169432454906,
    22.669624917565));
#3666 = CARTESIAN_POINT('',(51.784152078787,-3.868790322055,
    18.686733684484));
#3667 = CARTESIAN_POINT('',(52.085602390384,2.021832802555,
    18.446567044827));
#3668 = CARTESIAN_POINT('',(52.394518414412,6.379024802381,
    21.548942776623));
#3669 = CARTESIAN_POINT('',(52.699855669844,7.982694918702,
    26.029191936961));
#3670 = CARTESIAN_POINT('',(53.006245856372,7.013472118039,
    30.037490979655));
#3671 = CARTESIAN_POINT('',(53.618762280793,2.037486391212,
    35.013466161587));
#3672 = CARTESIAN_POINT('',(53.925125284276,-1.970872603103,
    35.982703259097));
#3673 = CARTESIAN_POINT('',(54.230560900643,-6.450652688911,
    34.378965752263));
#3674 = CARTESIAN_POINT('',(54.539255294007,-9.554579113936,
    30.022043080531));
#3675 = CARTESIAN_POINT('',(54.841079367471,-9.31125994136,
    24.130848829133));
#3676 = CARTESIAN_POINT('',(55.152643718277,-5.332706466047,
    19.830895122977));
#3677 = CARTESIAN_POINT('',(55.45453779408,-4.781275829446E-02,
    18.919793021334));
#3678 = CARTESIAN_POINT('',(55.763202184164,4.250248745089,
    20.964156034913));
#3679 = CARTESIAN_POINT('',(56.068624561718,6.400067457748,
    24.481100492558));
#3680 = CARTESIAN_POINT('',(56.374965251524,6.400019303831,
    28.000003519336));
#3681 = CARTESIAN_POINT('',(56.681525705864,6.399844908922,
    31.51888428848));
#3682 = CARTESIAN_POINT('',(56.986582267772,4.251106961368,
    35.03588149503));
#3683 = CARTESIAN_POINT('',(57.295741873687,-4.959474929894E-02,
    37.080059112952));
#3684 = CARTESIAN_POINT('',(57.597083941632,-5.33037481047,
    36.169430962641));
#3685 = CARTESIAN_POINT('',(57.909156068326,-9.313266719505,
    31.86879253825));
#3686 = CARTESIAN_POINT('',(58.210597602984,-9.553432470329,
    25.978164537889));
#3687 = CARTESIAN_POINT('',(58.519523115711,-6.45105769952,
    21.620977809428));
#3688 = CARTESIAN_POINT('',(58.824851886613,-1.970807679874,
    20.017302979493));
#3689 = CARTESIAN_POINT('',(59.131248328371,2.037490729292,
    20.986529255305));
#3690 = CARTESIAN_POINT('',(59.743757245765,7.013466671531,
    25.962510811529));
#3691 = CARTESIAN_POINT('',(60.050153680647,7.982700383652,29.970888379)
  );
#3692 = CARTESIAN_POINT('',(60.355482494582,6.37897369048,
    34.450609129578));
#3693 = CARTESIAN_POINT('',(60.664407877776,2.022027633763,
    37.554663883528));
#3694 = CARTESIAN_POINT('',(60.965849655087,-3.86912791627,
    37.311132322113));
#3695 = CARTESIAN_POINT('',(61.27792147404,-8.169132997414,
    33.332860776283));
#3696 = CARTESIAN_POINT('',(61.579263813309,-9.080179236782,
    28.047660545347));
#3697 = CARTESIAN_POINT('',(61.888423254511,-7.03586635256,
    23.749874072818));
#3698 = CARTESIAN_POINT('',(62.193479881514,-3.518884854438,
    21.599852163721));
#3699 = CARTESIAN_POINT('',(62.500040321929,-4.083945640726E-06,
    21.600022402213));
#3700 = CARTESIAN_POINT('',(-34.95,2.22044604925E-15,22.9));
#3701 = CARTESIAN_POINT('',(-34.64375924449,2.803882435796,
    22.900024058576));
#3702 = CARTESIAN_POINT('',(-34.33747708739,5.608240057134,
    24.612387338314));
#3703 = CARTESIAN_POINT('',(-34.03129194347,7.231388439838,
    28.040699622573));
#3704 = CARTESIAN_POINT('',(-33.72496424729,6.516978238885,
    32.244216759973));
#3705 = CARTESIAN_POINT('',(-33.4187589496,3.075932434415,
    35.426217546064));
#3706 = CARTESIAN_POINT('',(-33.11252378434,-1.606882324094,
    35.609345012636));
#3707 = CARTESIAN_POINT('',(-32.80622236354,-5.084743514539,
    33.142062361982));
#3708 = CARTESIAN_POINT('',(-32.50001701493,-6.360950098761,
    29.570281261962));
#3709 = CARTESIAN_POINT('',(-32.19374825936,-5.58889133893,
    26.376395514351));
#3710 = CARTESIAN_POINT('',(-31.8875,-3.606244584046,24.393755415953));
#3711 = CARTESIAN_POINT('',(-31.58125924447,-1.623583288099,
    22.411128143909));
#3712 = CARTESIAN_POINT('',(-31.27497708744,1.570220689914,
    21.638971540022));
#3713 = CARTESIAN_POINT('',(-30.96879194337,5.14214278208,
    22.915415175813));
#3714 = CARTESIAN_POINT('',(-30.66246424745,7.609313957747,
    26.392914946358));
#3715 = CARTESIAN_POINT('',(-30.35625894941,7.426141467776,
    31.076116102446));
#3716 = CARTESIAN_POINT('',(-30.0500237845,4.244382071295,
    34.516856846809));
#3717 = CARTESIAN_POINT('',(-29.74372236344,4.053054544278E-02,
    35.231443785155));
#3718 = CARTESIAN_POINT('',(-29.43751701498,-3.38751442078,
    33.608227478323));
#3719 = CARTESIAN_POINT('',(-29.13124825934,-5.100004706894,
    30.803881223308));
#3720 = CARTESIAN_POINT('',(-28.825,-5.099999999976,27.999999999999));
#3721 = CARTESIAN_POINT('',(-28.51875924444,-5.099975941545,
    25.196117564204));
#3722 = CARTESIAN_POINT('',(-28.21247708755,-3.387612661325,
    22.391759942842));
#3723 = CARTESIAN_POINT('',(-27.90629194314,4.069962182802E-02,
    20.768611560276));
#3724 = CARTESIAN_POINT('',(-27.59996424781,4.244216761077,
    21.483021760848));
#3725 = CARTESIAN_POINT('',(-27.293758949,7.426217544874,24.924067565978
    ));
#3726 = CARTESIAN_POINT('',(-26.98752378483,7.609345013556,
    29.60688232371));
#3727 = CARTESIAN_POINT('',(-26.68122236327,5.142062361499,
    33.084743514779));
#3728 = CARTESIAN_POINT('',(-26.37501701502,1.5702812621,34.360950098688
    ));
#3729 = CARTESIAN_POINT('',(-26.06874825936,-1.623604485633,
    33.588891338909));
#3730 = CARTESIAN_POINT('',(-25.76249999998,-3.606244584085,
    31.606244584084));
#3731 = CARTESIAN_POINT('',(-25.45625924458,-5.588871855924,
    29.623583287923));
#3732 = CARTESIAN_POINT('',(-25.14997708713,-6.361028460415,
    26.42977931062));
#3733 = CARTESIAN_POINT('',(-24.84379194401,-5.084584823415,
    22.857857216792));
#3734 = CARTESIAN_POINT('',(-24.5374642465,-1.607085054596,
    20.390686043972));
#3735 = CARTESIAN_POINT('',(-24.23125895043,3.076116103273,
    20.573858530296));
#3736 = CARTESIAN_POINT('',(-23.9250237837,6.516856846326,
    23.755617930301));
#3737 = CARTESIAN_POINT('',(-23.6187223639,7.231443785322,
    27.959469453589));
#3738 = CARTESIAN_POINT('',(-23.31251701479,5.608227478306,
    31.387514421197));
#3739 = CARTESIAN_POINT('',(-23.00624825939,2.803881223299,
    33.100004706779));
#3740 = CARTESIAN_POINT('',(-22.7,5.447390258534E-13,33.099999999988));
#3741 = CARTESIAN_POINT('',(-22.39375924447,-2.803882435787,
    33.09997594147));
#3742 = CARTESIAN_POINT('',(-22.08747708745,-5.608240057179,
    31.387612661572));
#3743 = CARTESIAN_POINT('',(-21.78129194337,-7.231388439723,
    27.959300377632));
#3744 = CARTESIAN_POINT('',(-21.47496424742,-6.516978239078,
    23.755783239753));
#3745 = CARTESIAN_POINT('',(-21.16875894946,-3.075932434183,
    20.573782454212));
#3746 = CARTESIAN_POINT('',(-20.86252378445,1.606882323885,
    20.390654987151));
#3747 = CARTESIAN_POINT('',(-20.55622236348,5.084743514687,
    22.857937638152));
#3748 = CARTESIAN_POINT('',(-20.25001701497,6.360950098675,
    26.429718737963));
#3749 = CARTESIAN_POINT('',(-19.94374825934,5.588891338973,
    29.623604485688));
#3750 = CARTESIAN_POINT('',(-19.63750000001,3.606244584028,
    31.606244584028));
#3751 = CARTESIAN_POINT('',(-19.33125924442,1.623583288182,
    33.588871856184));
#3752 = CARTESIAN_POINT('',(-19.0249770876,-1.570220690177,
    34.361028459717));
#3753 = CARTESIAN_POINT('',(-18.71879194302,-5.142142781487,
    33.084584824688));
#3754 = CARTESIAN_POINT('',(-18.41246424799,-7.609313958704,
    29.607085052948));
#3755 = CARTESIAN_POINT('',(-18.10625894879,-7.426141466674,
    24.923883898253));
#3756 = CARTESIAN_POINT('',(-17.80002378501,-4.244382072175,
    21.483143152683));
#3757 = CARTESIAN_POINT('',(-17.49372236317,-4.053054501483E-02,
    20.768556215103));
#3758 = CARTESIAN_POINT('',(-17.18751701504,3.387514420737,
    22.391772521593));
#3759 = CARTESIAN_POINT('',(-16.88124825937,5.100004706776,
    25.196118776705));
#3760 = CARTESIAN_POINT('',(-16.57499999996,5.100000000086,
    28.000000000001));
#3761 = CARTESIAN_POINT('',(-16.26875924465,5.099975941026,
    30.803882435807));
#3762 = CARTESIAN_POINT('',(-15.96247708687,3.387612662843,33.608240057)
  );
#3763 = CARTESIAN_POINT('',(-15.65629194458,-4.069962490814E-02,
    35.231388440341));
#3764 = CARTESIAN_POINT('',(-15.3499642456,-4.244216756559,
    34.516978237779));
#3765 = CARTESIAN_POINT('',(-15.04375895149,-7.42621754974,
    31.075932436042));
#3766 = CARTESIAN_POINT('',(-14.73752378278,-7.609345009713,
    26.393117674222));
#3767 = CARTESIAN_POINT('',(-14.43122236449,-5.142062363679,
    22.915256486699));
#3768 = CARTESIAN_POINT('',(-14.12501701452,-1.570281261265,
    21.639049900605));
#3769 = CARTESIAN_POINT('',(-13.81874825947,1.62360448546,
    22.411108661277));
#3770 = CARTESIAN_POINT('',(-13.51249999999,3.606244584073,
    24.393755415925));
#3771 = CARTESIAN_POINT('',(-13.20625924457,5.588871855927,
    26.376416712078));
#3772 = CARTESIAN_POINT('',(-12.8999770871,6.361028460455,
    29.570220689298));
#3773 = CARTESIAN_POINT('',(-12.59379194414,5.0845848233,33.142142783525
    ));
#3774 = CARTESIAN_POINT('',(-12.28746424621,1.607085054775,
    35.609313955325));
#3775 = CARTESIAN_POINT('',(-11.98125895087,-3.076116103452,
    35.426141470752));
#3776 = CARTESIAN_POINT('',(-11.67502378324,-6.516856846211,
    32.244382068597));
#3777 = CARTESIAN_POINT('',(-11.36872236424,-7.231443785361,
    28.04053054724));
#3778 = CARTESIAN_POINT('',(-11.06251701462,-5.608227478308,
    24.612485578361));
#3779 = CARTESIAN_POINT('',(-10.75624825945,-2.803881223292,
    22.899995293385));
#3780 = CARTESIAN_POINT('',(-10.44999999999,-1.099248014324E-12,
    22.899999999973));
#3781 = CARTESIAN_POINT('',(-10.14375924456,2.803882435793,
    22.900024058747));
#3782 = CARTESIAN_POINT('',(-9.837477087164,5.608240057112,
    24.612387337779));
#3783 = CARTESIAN_POINT('',(-9.531291943986,7.231388439974,
    28.040699623671));
#3784 = CARTESIAN_POINT('',(-9.224964246518,6.516978238532,
    32.244216758382));
#3785 = CARTESIAN_POINT('',(-8.918758950456,3.075932434979,
    35.426217547736));
#3786 = CARTESIAN_POINT('',(-8.612523783662,-1.606882324702,
    35.609345011355));
#3787 = CARTESIAN_POINT('',(-8.306222363945,-5.084743514088,
    33.142062362686));
#3788 = CARTESIAN_POINT('',(-8.000017014775,-6.360950098985,
    29.570281261699));
#3789 = CARTESIAN_POINT('',(-7.693748259403,-5.588891338866,
    26.376395514409));
#3790 = CARTESIAN_POINT('',(-7.387500000003,-3.606244584048,
    24.393755415953));
#3791 = CARTESIAN_POINT('',(-7.081259244486,-1.623583288085,
    22.411128143934));
#3792 = CARTESIAN_POINT('',(-6.774977087396,1.570220689839,
    21.638971539918));
#3793 = CARTESIAN_POINT('',(-6.468791943521,5.142142782316,
    22.915415176051));
#3794 = CARTESIAN_POINT('',(-6.162464247167,7.609313957265,
    26.392914945999));
#3795 = CARTESIAN_POINT('',(-5.856258949797,7.426141468441,
    31.076116102821));
#3796 = CARTESIAN_POINT('',(-5.550023784158,4.244382070672,
    34.516856846537));
#3797 = CARTESIAN_POINT('',(-5.243722363656,4.053054581556E-02,
    35.231443785285));
#3798 = CARTESIAN_POINT('',(-4.937517014916,-3.38751442088,
    33.608227478288));
#3799 = CARTESIAN_POINT('',(-4.631248259338,-5.100004706938,
    30.803881223311));
#3800 = CARTESIAN_POINT('',(-4.325000000031,-5.099999999914,28.));
#3801 = CARTESIAN_POINT('',(-4.018759244315,-5.099975941852,
    25.196117564237));
#3802 = CARTESIAN_POINT('',(-3.712477087948,-3.387612660438,
    22.391759942655));
#3803 = CARTESIAN_POINT('',(-3.406291942334,4.069962009532E-02,
    20.768611560823));
#3804 = CARTESIAN_POINT('',(-3.099964248983,4.2442167635,21.483021759799
    ));
#3805 = CARTESIAN_POINT('',(-2.793758947764,7.426217542373,
    24.924067567419));
#3806 = CARTESIAN_POINT('',(-2.487523785843,7.609345015519,
    29.60688232223));
#3807 = CARTESIAN_POINT('',(-2.181222362626,5.142062360274,
    33.084743515951));
#3808 = CARTESIAN_POINT('',(-1.875017015374,1.570281262758,
    34.360950097955));
#3809 = CARTESIAN_POINT('',(-1.568748259196,-1.623604485964,
    33.588891339281));
#3810 = CARTESIAN_POINT('',(-1.262500000058,-3.606244583933,
    31.606244583929));
#3811 = CARTESIAN_POINT('',(-0.956259244131,-5.588871856659,
    29.623583288725));
#3812 = CARTESIAN_POINT('',(-0.649977088521,-6.361028458461,
    26.429779308151));
#3813 = CARTESIAN_POINT('',(-0.343791941193,-5.084584826868,
    22.857857221933));
#3814 = CARTESIAN_POINT('',(-3.746425056052E-02,-1.607085050346,
    20.390686036345));
#3815 = CARTESIAN_POINT('',(0.268741053788,3.076116099618,
    20.573858538569));
#3816 = CARTESIAN_POINT('',(0.574976213071,6.516856848442,
    23.755617923667));
#3817 = CARTESIAN_POINT('',(0.8812776379,7.231443784587,27.959469457536)
  );
#3818 = CARTESIAN_POINT('',(1.187482984465,5.608227478394,
    31.387514419454));
#3819 = CARTESIAN_POINT('',(1.493751740824,2.803881223329,
    33.100004707351));
#3820 = CARTESIAN_POINT('',(1.799999999949,-2.606581617215E-12,
    33.099999999848));
#3821 = CARTESIAN_POINT('',(2.106241003575,-2.803881958176,
    33.099976384328));
#3822 = CARTESIAN_POINT('',(2.412521849586,-5.608242104644,
    31.38761076418));
#3823 = CARTESIAN_POINT('',(2.718710801405,-7.231383151647,
    27.959305276608));
#3824 = CARTESIAN_POINT('',(3.025030555876,-6.516988252764,
    23.755773965138));
#3825 = CARTESIAN_POINT('',(3.331248766611,-3.075917563561,
    20.573796224515));
#3826 = CARTESIAN_POINT('',(3.637466957622,1.606864479647,
    20.390638465791));
#3827 = CARTESIAN_POINT('',(3.943786726843,5.084761037322,
    22.857953860104));
#3828 = CARTESIAN_POINT('',(4.249975670531,6.360935998478,
    26.429705685122));
#3829 = CARTESIAN_POINT('',(4.556256519728,5.588900551817,
    29.623613014024));
#3830 = CARTESIAN_POINT('',(4.862497522542,3.606239808112,
    31.606240162972));
#3831 = CARTESIAN_POINT('',(5.168745534437,1.62359250069,33.58888038419)
  );
#3832 = CARTESIAN_POINT('',(5.475015598781,-1.570234789097,
    34.361015408307));
#3833 = CARTESIAN_POINT('',(5.781217145142,-5.142125261638,
    33.084601043035));
#3834 = CARTESIAN_POINT('',(6.087526497695,-7.609331798818,
    29.607068537835));
#3835 = CARTESIAN_POINT('',(6.393748762901,-7.426126600367,
    24.923897660737));
#3836 = CARTESIAN_POINT('',(6.699971022165,-4.244392082688,
    21.483133885252));
#3837 = CARTESIAN_POINT('',(7.006280379136,-4.052525848302E-02,
    20.76856110925));
#3838 = CARTESIAN_POINT('',(7.312481923075,3.387512373654,
    22.391770626524));
#3839 = CARTESIAN_POINT('',(7.618751988386,5.10000518445,25.196119218806
    ));
#3840 = CARTESIAN_POINT('',(7.924999999994,5.099999999983,28.));
#3841 = CARTESIAN_POINT('',(8.231240755548,5.099975941523,
    30.803882435773));
#3842 = CARTESIAN_POINT('',(8.537522912482,3.387612661406,
    33.608240057237));
#3843 = CARTESIAN_POINT('',(8.843708056743,-4.069962207165E-02,
    35.231388439585));
#3844 = CARTESIAN_POINT('',(9.150035752438,-4.244216760586,
    34.516978239309));
#3845 = CARTESIAN_POINT('',(9.456241050631,-7.426217545525,
    31.075932433884));
#3846 = CARTESIAN_POINT('',(9.762476215488,-7.609345013016,
    26.393117676438));
#3847 = CARTESIAN_POINT('',(10.068777636577,-5.142062361701,
    22.915256485004));
#3848 = CARTESIAN_POINT('',(10.37498298495,-1.570281262209,
    21.639049901586));
#3849 = CARTESIAN_POINT('',(10.681251740732,1.623604485849,
    22.411108660841));
#3850 = CARTESIAN_POINT('',(10.987499999936,3.606244583924,
    24.393755416076));
#3851 = CARTESIAN_POINT('',(11.293740755876,5.58887185668,
    26.376416711267));
#3852 = CARTESIAN_POINT('',(11.600022911433,6.361028458391,
    29.570220691937));
#3853 = CARTESIAN_POINT('',(11.906208059012,5.084584827055,
    33.142142777645));
#3854 = CARTESIAN_POINT('',(12.212535748927,1.607085050007,
    35.609313964728));
#3855 = CARTESIAN_POINT('',(12.518741054602,-3.076116099201,
    35.426141459718));
#3856 = CARTESIAN_POINT('',(12.824976212207,-6.516856848786,
    32.244382078159));
#3857 = CARTESIAN_POINT('',(13.131277638511,-7.231443784409,
    28.04053054117));
#3858 = CARTESIAN_POINT('',(13.4374829842,-5.60822747844,24.612485581101
    ));
#3859 = CARTESIAN_POINT('',(13.743751740865,-2.803881223331,
    22.899995292574));
#3860 = CARTESIAN_POINT('',(14.049999999976,4.717305236348E-12,
    22.900000000082));
#3861 = CARTESIAN_POINT('',(14.356240755697,2.803882435781,
    22.900024058093));
#3862 = CARTESIAN_POINT('',(14.662522911991,5.608240057261,
    24.612387339744));
#3863 = CARTESIAN_POINT('',(14.968708057777,7.2313884394,28.040699619781
    ));
#3864 = CARTESIAN_POINT('',(15.27503575092,6.516978239757,
    32.244216763815));
#3865 = CARTESIAN_POINT('',(15.581241052227,3.075932433265,
    35.426217542258));
#3866 = CARTESIAN_POINT('',(15.887476214305,-1.606882323046,
    35.609345015338));
#3867 = CARTESIAN_POINT('',(16.193777637147,-5.084743515195,
    33.142062360651));
#3868 = CARTESIAN_POINT('',(16.499982984838,-6.360950098505,
    29.57028126237));
#3869 = CARTESIAN_POINT('',(16.806251740661,-5.588891338963,
    26.376395514313));
#3870 = CARTESIAN_POINT('',(17.112500000015,-3.606244584076,
    24.393755415921));
#3871 = CARTESIAN_POINT('',(17.418740755445,-1.623583287959,
    22.411128144032));
#3872 = CARTESIAN_POINT('',(17.725022912777,1.570220689497,
    21.638971539718));
#3873 = CARTESIAN_POINT('',(18.031208056189,5.142142782936,
    22.915415176327));
#3874 = CARTESIAN_POINT('',(18.337535753165,7.60931395648,
    26.392914945747));
#3875 = CARTESIAN_POINT('',(18.64374104994,7.426141469166,
    31.076116102948));
#3876 = CARTESIAN_POINT('',(18.949976215989,4.244382070146,
    34.51685684654));
#3877 = CARTESIAN_POINT('',(19.256277636264,4.053054617479E-02,
    35.23144378523));
#3878 = CARTESIAN_POINT('',(19.562482985151,-3.387514421149,
    33.608227478328));
#3879 = CARTESIAN_POINT('',(19.8687517406,-5.10000470674,30.803881223298
    ));
#3880 = CARTESIAN_POINT('',(20.175000000011,-5.100000000031,28.));
#3881 = CARTESIAN_POINT('',(20.481241003184,-5.099976383361,
    25.196118041788));
#3882 = CARTESIAN_POINT('',(20.787521850851,-3.387610767085,
    22.391757895701));
#3883 = CARTESIAN_POINT('',(21.093710798684,4.069472932286E-02,
    20.768616847096));
#3884 = CARTESIAN_POINT('',(21.400030560047,4.244226026167,
    21.483011749951));
#3885 = CARTESIAN_POINT('',(21.706248761924,7.426203784844,
    24.924082432479));
#3886 = CARTESIAN_POINT('',(22.012466961519,7.609361526766,
    29.606864483736));
#3887 = CARTESIAN_POINT('',(22.318786724457,5.142046144241,
    33.084761034287));
#3888 = CARTESIAN_POINT('',(22.624975671584,1.57029431305,34.36093600008
    ));
#3889 = CARTESIAN_POINT('',(22.931256519411,-1.623613013489,
    33.588900551244));
#3890 = CARTESIAN_POINT('',(23.237497522597,-3.606240163072,
    31.606239808231));
#3891 = CARTESIAN_POINT('',(23.54374553435,-5.588880384002,
    29.623592500508));
#3892 = CARTESIAN_POINT('',(23.85001559889,-6.361015408603,
    26.429765211108));
#3893 = CARTESIAN_POINT('',(24.156217144997,-5.084601042622,
    22.857874738135));
#3894 = CARTESIAN_POINT('',(24.462526497929,-1.607068538348,
    20.390668201522));
#3895 = CARTESIAN_POINT('',(24.768748762558,3.076102339796,
    20.573873399115));
#3896 = CARTESIAN_POINT('',(25.074971022531,6.516866114316,
    23.755607917884));
#3897 = CARTESIAN_POINT('',(25.381280378879,7.231438891005,
    27.959474741123));
#3898 = CARTESIAN_POINT('',(25.687481923174,5.608229373377,
    31.387512373778));
#3899 = CARTESIAN_POINT('',(25.993751988389,2.803880781213,
    33.100005184497));
#3900 = CARTESIAN_POINT('',(26.299999999967,1.043484784394E-12,
    33.099999999908));
#3901 = CARTESIAN_POINT('',(26.606240755693,-2.803882435767,
    33.099975941861));
#3902 = CARTESIAN_POINT('',(26.912522912015,-5.608240057354,
    31.387612660404));
#3903 = CARTESIAN_POINT('',(27.218708057795,-7.231388439088,
    27.959300380053));
#3904 = CARTESIAN_POINT('',(27.52503575072,-6.516978240459,
    23.75578323611));
#3905 = CARTESIAN_POINT('',(27.831241052691,-3.075932432152,
    20.573782458271));
#3906 = CARTESIAN_POINT('',(28.137476213683,1.606882321768,
    20.390654983792));
#3907 = CARTESIAN_POINT('',(28.443777637703,5.084743516272,
    22.857937640198));
#3908 = CARTESIAN_POINT('',(28.749982984492,6.360950097835,
    26.429718737063));
#3909 = CARTESIAN_POINT('',(29.056251740815,5.588891339271,
    29.623604485961));
#3910 = CARTESIAN_POINT('',(29.362499999965,3.606244583972,
    31.606244583976));
#3911 = CARTESIAN_POINT('',(29.668740755757,1.623583288524,
    33.588871856481));
#3912 = CARTESIAN_POINT('',(29.975022911785,-1.570220691302,
    34.361028458906));
#3913 = CARTESIAN_POINT('',(30.281208058273,-5.142142779028,
    33.084584826118));
#3914 = CARTESIAN_POINT('',(30.587535750055,-7.609313962541,
    29.607085051219));
#3915 = CARTESIAN_POINT('',(30.893741053339,-7.426141462257,
    24.923883899681));
#3916 = CARTESIAN_POINT('',(31.19997621324,-4.244382076006,
    21.483143151929));
#3917 = CARTESIAN_POINT('',(31.506277637913,-4.053054246439E-02,
    20.768556215296));
#3918 = CARTESIAN_POINT('',(31.812482984425,3.3875144194,22.391772521621
    ));
#3919 = CARTESIAN_POINT('',(32.118751740831,5.10000470735,
    25.196118776671));
#3920 = CARTESIAN_POINT('',(32.42499999996,5.099999999877,
    28.000000000003));
#3921 = CARTESIAN_POINT('',(32.731240755766,5.09997594208,30.80388243578
    ));
#3922 = CARTESIAN_POINT('',(33.037522911791,3.38761265977,
    33.608240057301));
#3923 = CARTESIAN_POINT('',(33.343708058188,-4.069961881639E-02,
    35.231388439246));
#3924 = CARTESIAN_POINT('',(33.650035750311,-4.244216765194,
    34.516978240085));
#3925 = CARTESIAN_POINT('',(33.956241052877,-7.426217540832,
    31.075932432822));
#3926 = CARTESIAN_POINT('',(34.262476213813,-7.609345016383,
    26.393117677346));
#3927 = CARTESIAN_POINT('',(34.56877763739,-5.14206236015,
    22.915256484601));
#3928 = CARTESIAN_POINT('',(34.874982984785,-1.570281262475,
    21.639049901516));
#3929 = CARTESIAN_POINT('',(35.181251740637,1.623604485637,
    22.411108661098));
#3930 = CARTESIAN_POINT('',(35.487500000044,3.606244584136,
    24.393755415867));
#3931 = CARTESIAN_POINT('',(35.793740755282,5.5888718557,26.376416712334
    ));
#3932 = CARTESIAN_POINT('',(36.100022913277,6.361028460999,
    29.570220688587));
#3933 = CARTESIAN_POINT('',(36.406208055171,5.084584822392,
    33.14214278484));
#3934 = CARTESIAN_POINT('',(36.71253575463,1.607085055846,
    35.609313953653));
#3935 = CARTESIAN_POINT('',(37.018741048416,-3.07611610433,
    35.426141472218));
#3936 = CARTESIAN_POINT('',(37.324976217145,-6.51685684573,
    32.244382067729));
#3937 = CARTESIAN_POINT('',(37.63127763563,-7.231443785519,
    28.040530547571));
#3938 = CARTESIAN_POINT('',(37.937482985396,-5.608227478287,
    24.612485578274));
#3939 = CARTESIAN_POINT('',(38.243751740537,-2.803881223291,
    22.899995293422));
#3940 = CARTESIAN_POINT('',(38.550000000019,-9.154899061059E-13,
    22.899999999944));
#3941 = CARTESIAN_POINT('',(38.856240755367,2.803882435809,
    22.900024058915));
#3942 = CARTESIAN_POINT('',(39.162522913092,5.608240057001,
    24.612387337225));
#3943 = CARTESIAN_POINT('',(39.468708055422,7.231388440355,
    28.040699624894));
#3944 = CARTESIAN_POINT('',(39.775035754457,6.5169782377,32.244216756455
    ));
#3945 = CARTESIAN_POINT('',(40.081241048366,3.075932436232,
    35.426217549966));
#3946 = CARTESIAN_POINT('',(40.387476217396,-1.606882326055,
    35.609345009435));
#3947 = CARTESIAN_POINT('',(40.693777635348,-5.084743513029,
    33.142062363924));
#3948 = CARTESIAN_POINT('',(40.999982985574,-6.360950099587,
    29.570281261098));
#3949 = CARTESIAN_POINT('',(41.306251740471,-5.58889133862,
    26.376395514633));
#3950 = CARTESIAN_POINT('',(41.61250000003,-3.606244584118,
    24.393755415884));
#3951 = CARTESIAN_POINT('',(41.918741003036,-1.623583937999,
    22.411128169386));
#3952 = CARTESIAN_POINT('',(42.22502185136,1.570223476145,
    21.638971431366));
#3953 = CARTESIAN_POINT('',(42.531210797556,5.142135585931,
    22.915415455634));
#3954 = CARTESIAN_POINT('',(42.837530561813,7.609327585106,
    26.392914417732));
#3955 = CARTESIAN_POINT('',(43.143748759908,7.426121229158,
    31.076116885927));
#3956 = CARTESIAN_POINT('',(43.449966963213,4.244406359618,
    34.516855908038));
#3957 = CARTESIAN_POINT('',(43.75628672342,4.050669199714E-02,
    35.231444706159));
#3958 = CARTESIAN_POINT('',(44.062475672031,-3.38749522418,
    33.608226737527));
#3959 = CARTESIAN_POINT('',(44.368756519288,-5.100017250708,
    30.803881707284));
#3960 = CARTESIAN_POINT('',(44.67499752261,-5.099993496925,
    27.99999974909));
#3961 = CARTESIAN_POINT('',(44.98124553419,-5.099988485365,
    25.196118048186));
#3962 = CARTESIAN_POINT('',(45.287515599436,-3.387593464641,
    22.39175920229));
#3963 = CARTESIAN_POINT('',(45.593717143871,4.067576802258E-02,
    20.768612480104));
#3964 = CARTESIAN_POINT('',(45.900026499521,4.244241050251,
    21.483020824927));
#3965 = CARTESIAN_POINT('',(46.206248760934,7.426197304951,
    24.92406834502));
#3966 = CARTESIAN_POINT('',(46.512471023765,7.609358642277,
    29.606881799871));
#3967 = CARTESIAN_POINT('',(46.818780378143,5.14205516438,
    33.084743790942));
#3968 = CARTESIAN_POINT('',(47.124981923551,1.570284048784,
    34.360949991999));
#3969 = CARTESIAN_POINT('',(47.431251988204,-1.623605135649,
    33.588891363676));
#3970 = CARTESIAN_POINT('',(47.737500000052,-3.606244584158,
    31.606244584159));
#3971 = CARTESIAN_POINT('',(48.0437392109,-5.588872011917,
    29.623579233494));
#3972 = CARTESIAN_POINT('',(48.350029533375,-6.361027791152,
    26.429796689898));
#3973 = CARTESIAN_POINT('',(48.656190958118,-5.084586552706,
    22.857812333426));
#3974 = CARTESIAN_POINT('',(48.962568129203,-1.607081778707,
    20.390771033574));
#3975 = CARTESIAN_POINT('',(49.268692971423,3.076111236801,
    20.573732319382));
#3976 = CARTESIAN_POINT('',(49.57503390895,6.516862687603,
    23.755769381254));
#3977 = CARTESIAN_POINT('',(49.881220981766,7.231438048123,
    27.959320727832));
#3978 = CARTESIAN_POINT('',(50.187528575549,5.608232095542,
    31.387634102672));
#3979 = CARTESIAN_POINT('',(50.493721951697,2.803878206269,
    33.099926506362));
#3980 = CARTESIAN_POINT('',(50.800015442851,1.564063198956E-06,
    33.100040539847));
#3981 = CARTESIAN_POINT('',(51.106127536977,-2.803735561896,
    33.099679200066));
#3982 = CARTESIAN_POINT('',(51.412907574616,-5.608472118102,
    31.387909657963));
#3983 = CARTESIAN_POINT('',(51.717865488391,-7.231826586405,
    27.960236975315));
#3984 = CARTESIAN_POINT('',(52.026294642984,-6.515125084863,
    23.752552445942));
#3985 = CARTESIAN_POINT('',(52.329960364567,-3.078579340829,
    20.578190491116));
#3986 = CARTESIAN_POINT('',(52.638343271414,1.608801915473,
    20.38753590427));
#3987 = CARTESIAN_POINT('',(52.943408525217,5.084058259232,
    22.859012206072));
#3988 = CARTESIAN_POINT('',(53.250064138595,6.361077138434,
    26.429576679895));
#3989 = CARTESIAN_POINT('',(53.556251841641,5.588854597096,
    29.623633255921));
#3990 = CARTESIAN_POINT('',(54.168744541817,1.623622683126,
    33.588843843463));
#3991 = CARTESIAN_POINT('',(54.474944308817,-1.570561620077,
    34.361086893252));
#3992 = CARTESIAN_POINT('',(54.78155631541,-5.140138496831,
    33.083953011067));
#3993 = CARTESIAN_POINT('',(55.086719742836,-7.614872702495,
    29.609202034359));
#3994 = CARTESIAN_POINT('',(55.394937149384,-7.417594251137,
    24.920719982787));
#3995 = CARTESIAN_POINT('',(55.698824800986,-4.252342290181,
    21.485490055902));
#3996 = CARTESIAN_POINT('',(56.007011131529,-3.601876280577E-02,
    20.767931832736));
#3997 = CARTESIAN_POINT('',(56.312187848881,3.38610896826,
    22.391551320615));
#3998 = CARTESIAN_POINT('',(56.618805768077,5.100147345632,
    25.196271049445));
#3999 = CARTESIAN_POINT('',(56.925015442834,5.100040539768,
    27.999998435936));
#4000 = CARTESIAN_POINT('',(57.231127480109,5.099679206012,
    30.803735711395));
#4001 = CARTESIAN_POINT('',(57.537907818611,3.387909633005,
    33.608471477358));
#4002 = CARTESIAN_POINT('',(57.842864858023,-3.976296062085E-02,
    35.231828241225));
#4003 = CARTESIAN_POINT('',(58.151295836832,-4.247447675097,
    34.515121951117));
#4004 = CARTESIAN_POINT('',(58.454958591525,-7.421809329281,
    31.078583994839));
#4005 = CARTESIAN_POINT('',(58.76334539914,-7.612464311212,
    26.391192499468));
#4006 = CARTESIAN_POINT('',(59.068406435723,-5.140987582316,
    22.915947225544));
#4007 = CARTESIAN_POINT('',(59.375065820058,-1.570423490403,
    21.638918447802));
#4008 = CARTESIAN_POINT('',(59.68125074296,1.623633367199,
    22.411148286906));
#4009 = CARTESIAN_POINT('',(60.293746779632,5.58884361681,
    26.376371442669));
#4010 = CARTESIAN_POINT('',(60.599931688069,6.361088172015,
    29.570594749218));
#4011 = CARTESIAN_POINT('',(60.906591162936,5.083949479044,
    33.140047022938));
#4012 = CARTESIAN_POINT('',(61.211651927053,1.609208909399,
    35.615050717253));
#4013 = CARTESIAN_POINT('',(61.520039244974,-3.079290367678,
    35.417326252758));
#4014 = CARTESIAN_POINT('',(61.82370135251,-6.514497431018,
    32.252666339293));
#4015 = CARTESIAN_POINT('',(62.132132902207,-7.232080506744,
    28.035699117914));
#4016 = CARTESIAN_POINT('',(62.437089594256,-5.608438725732,
    24.614148947564));
#4017 = CARTESIAN_POINT('',(62.743870071099,-2.80373546342,
    22.899683860607));
#4018 = CARTESIAN_POINT('',(63.049982077866,1.815054615107E-06,
    22.900047042381));
#4019 = ADVANCED_FACE('',(#4020),#4072,.T.);
#4020 = FACE_BOUND('',#4021,.T.);
#4021 = EDGE_LOOP('',(#4022,#4023,#4065,#4071));
#4022 = ORIENTED_EDGE('',*,*,#1887,.T.);
#4023 = ORIENTED_EDGE('',*,*,#4024,.F.);
#4024 = EDGE_CURVE('',#4025,#1867,#4027,.T.);
#4025 = VERTEX_POINT('',#4026);
#4026 = CARTESIAN_POINT('',(55.742306195669,1.273632671113E-15,33.2));
#4027 = B_SPLINE_CURVE_WITH_KNOTS('',8,(#4028,#4029,#4030,#4031,#4032,
    #4033,#4034,#4035,#4036,#4037,#4038,#4039,#4040,#4041,#4042,#4043,
    #4044,#4045,#4046,#4047,#4048,#4049,#4050,#4051,#4052,#4053,#4054,
    #4055,#4056,#4057,#4058,#4059,#4060,#4061,#4062,#4063,#4064),
  .UNSPECIFIED.,.F.,.F.,(9,7,7,7,7,9),(0.,9.831006809186E-02,
    0.339619727905,0.559569407509,0.790618763566,1.),.UNSPECIFIED.);
#4028 = CARTESIAN_POINT('',(55.742306195669,2.84217094304E-14,33.2));
#4029 = CARTESIAN_POINT('',(55.785202065625,-0.400419589765,33.2));
#4030 = CARTESIAN_POINT('',(55.828178928764,-0.801667752577,
    33.164583166524));
#4031 = CARTESIAN_POINT('',(55.871179440464,-1.199439430891,
    33.09384403085));
#4032 = CARTESIAN_POINT('',(55.914165232634,-1.589745450381,
    32.988282293151));
#4033 = CARTESIAN_POINT('',(55.957116913714,-1.968912519933,
    32.848802822492));
#4034 = CARTESIAN_POINT('',(56.000034068675,-2.333583231651,
    32.676715656836));
#4035 = CARTESIAN_POINT('',(56.042935259018,-2.680716060856,
    32.47373600304));
#4036 = CARTESIAN_POINT('',(56.191215263611,-3.80991133715,
    31.673131616318));
#4037 = CARTESIAN_POINT('',(56.297349426081,-4.495723303465,
    30.925797403906));
#4038 = CARTESIAN_POINT('',(56.403151077569,-5.006958274751,
    30.03635388406));
#4039 = CARTESIAN_POINT('',(56.508507465679,-5.315177995615,
    29.051746194191));
#4040 = CARTESIAN_POINT('',(56.613856718884,-5.405428745523,
    28.023854177413));
#4041 = CARTESIAN_POINT('',(56.719674550978,-5.271298430151,
    27.006246316395));
#4042 = CARTESIAN_POINT('',(56.825893469333,-4.921170964106,
    26.053325748324));
#4043 = CARTESIAN_POINT('',(57.027289275173,-3.916699932797,
    24.464008994322));
#4044 = CARTESIAN_POINT('',(57.123898364105,-3.285490190738,
    23.796109240788));
#4045 = CARTESIAN_POINT('',(57.220161091077,-2.525715181269,
    23.26136861115));
#4046 = CARTESIAN_POINT('',(57.316310802785,-1.671926508823,
    22.885633737345));
#4047 = CARTESIAN_POINT('',(57.412432556583,-0.761252954633,
    22.684699255566));
#4048 = CARTESIAN_POINT('',(57.50861914416,0.167046260439,22.66741130536
    ));
#4049 = CARTESIAN_POINT('',(57.6051331832,1.070101007527,22.833004147946
    ));
#4050 = CARTESIAN_POINT('',(57.801956952617,2.779892392553,
    23.505753918148));
#4051 = CARTESIAN_POINT('',(57.903616057195,3.591791140661,
    24.03453725971));
#4052 = CARTESIAN_POINT('',(58.004660668598,4.280355672295,
    24.729707483087));
#4053 = CARTESIAN_POINT('',(58.105467512213,4.814929055862,
    25.55471728918));
#4054 = CARTESIAN_POINT('',(58.206451526745,5.165665838296,
    26.472747475056));
#4055 = CARTESIAN_POINT('',(58.307441833791,5.320298270948,
    27.43868630955));
#4056 = CARTESIAN_POINT('',(58.408947499284,5.268955027023,
    28.404726539022));
#4057 = CARTESIAN_POINT('',(58.601107167593,4.815207262958,
    30.140359020682));
#4058 = CARTESIAN_POINT('',(58.692989950406,4.443549206147,
    30.929901424153));
#4059 = CARTESIAN_POINT('',(58.784563536601,3.923774910591,
    31.641430518677));
#4060 = CARTESIAN_POINT('',(58.87606177558,3.277699449263,
    32.245699144602));
#4061 = CARTESIAN_POINT('',(58.967512807496,2.529823023187,
    32.717342754266));
#4062 = CARTESIAN_POINT('',(59.059042820028,1.710753265451,
    33.03975671571));
#4063 = CARTESIAN_POINT('',(59.150839357179,0.853858461233,33.2));
#4064 = CARTESIAN_POINT('',(59.242310905862,1.68753899743E-14,33.2));
#4065 = ORIENTED_EDGE('',*,*,#4066,.F.);
#4066 = EDGE_CURVE('',#3305,#4025,#4067,.T.);
#4067 = LINE('',#4068,#4069);
#4068 = CARTESIAN_POINT('',(-38.,1.273632671113E-15,33.2));
#4069 = VECTOR('',#4070,1.);
#4070 = DIRECTION('',(1.,0.,0.));
#4071 = ORIENTED_EDGE('',*,*,#3341,.T.);
#4072 = CYLINDRICAL_SURFACE('',#4073,5.2);
#4073 = AXIS2_PLACEMENT_3D('',#4074,#4075,#4076);
#4074 = CARTESIAN_POINT('',(-38.,0.,28.));
#4075 = DIRECTION('',(1.,0.,0.));
#4076 = DIRECTION('',(-0.,0.,1.));
#4077 = ADVANCED_FACE('',(#4078),#5515,.F.);
#4078 = FACE_BOUND('',#4079,.F.);
#4079 = EDGE_LOOP('',(#4080,#4101,#4108,#4432,#4437,#4438,#4439,#4474,
    #4511,#4560,#4602,#4658,#4707,#4756,#4793,#4830,#4879,#4916,#4953,
    #4996,#5039,#5082,#5137,#5179,#5221,#5258,#5295,#5332,#5369,#5406,
    #5443,#5480));
#4080 = ORIENTED_EDGE('',*,*,#4081,.F.);
#4081 = EDGE_CURVE('',#4082,#4084,#4086,.T.);
#4082 = VERTEX_POINT('',#4083);
#4083 = CARTESIAN_POINT('',(-37.00769230769,-3.0744637605E-16,22.8));
#4084 = VERTEX_POINT('',#4085);
#4085 = CARTESIAN_POINT('',(-35.25769183039,1.273632671113E-15,33.2));
#4086 = B_SPLINE_CURVE_WITH_KNOTS('',7,(#4087,#4088,#4089,#4090,#4091,
    #4092,#4093,#4094,#4095,#4096,#4097,#4098,#4099,#4100),
  .UNSPECIFIED.,.F.,.F.,(8,6,8),(0.,0.547736487844,1.),.UNSPECIFIED.);
#4087 = CARTESIAN_POINT('',(-37.00769230769,-1.12730337885E-15,22.8));
#4088 = CARTESIAN_POINT('',(-36.87126037906,1.273668731949,22.8));
#4089 = CARTESIAN_POINT('',(-36.7327266047,2.570081608776,
    23.165619130562));
#4090 = CARTESIAN_POINT('',(-36.59574179171,3.712785430109,
    23.909017945894));
#4091 = CARTESIAN_POINT('',(-36.45982642169,4.606461399022,
    24.950348932226));
#4092 = CARTESIAN_POINT('',(-36.3229576981,5.167875607757,
    26.192294512995));
#4093 = CARTESIAN_POINT('',(-36.18442834662,5.332952945811,
    27.528774299708));
#4094 = CARTESIAN_POINT('',(-35.93531005546,4.980632953005,
    29.827411174803));
#4095 = CARTESIAN_POINT('',(-35.82180809262,4.574632733733,
    30.837019662766));
#4096 = CARTESIAN_POINT('',(-35.70919970063,3.929853109347,
    31.730648270371));
#4097 = CARTESIAN_POINT('',(-35.5963895696,3.091526355896,
    32.450216693884));
#4098 = CARTESIAN_POINT('',(-35.48379249394,2.110559411274,
    32.951552725522));
#4099 = CARTESIAN_POINT('',(-35.37038309982,1.051970664042,33.2));
#4100 = CARTESIAN_POINT('',(-35.25769183039,1.290380344349E-15,33.2));
#4101 = ORIENTED_EDGE('',*,*,#4102,.T.);
#4102 = EDGE_CURVE('',#4082,#4103,#4105,.T.);
#4103 = VERTEX_POINT('',#4104);
#4104 = CARTESIAN_POINT('',(-36.5,4.884981308351E-15,21.6));
#4105 = B_SPLINE_CURVE_WITH_KNOTS('',1,(#4106,#4107),.UNSPECIFIED.,.F.,
  .F.,(2,2),(0.,1.411559421349),.PIECEWISE_BEZIER_KNOTS.);
#4106 = CARTESIAN_POINT('',(-37.05,-4.440892098501E-16,22.9));
#4107 = CARTESIAN_POINT('',(-36.5,1.33226762955E-15,21.6));
#4108 = ORIENTED_EDGE('',*,*,#4109,.T.);
#4109 = EDGE_CURVE('',#4103,#4110,#4112,.T.);
#4110 = VERTEX_POINT('',#4111);
#4111 = CARTESIAN_POINT('',(61.500040322933,-4.084057682214E-06,
    21.599977599513));
#4112 = B_SPLINE_CURVE_WITH_KNOTS('',10,(#4113,#4114,#4115,#4116,#4117,
    #4118,#4119,#4120,#4121,#4122,#4123,#4124,#4125,#4126,#4127,#4128,
    #4129,#4130,#4131,#4132,#4133,#4134,#4135,#4136,#4137,#4138,#4139,
    #4140,#4141,#4142,#4143,#4144,#4145,#4146,#4147,#4148,#4149,#4150,
    #4151,#4152,#4153,#4154,#4155,#4156,#4157,#4158,#4159,#4160,#4161,
    #4162,#4163,#4164,#4165,#4166,#4167,#4168,#4169,#4170,#4171,#4172,
    #4173,#4174,#4175,#4176,#4177,#4178,#4179,#4180,#4181,#4182,#4183,
    #4184,#4185,#4186,#4187,#4188,#4189,#4190,#4191,#4192,#4193,#4194,
    #4195,#4196,#4197,#4198,#4199,#4200,#4201,#4202,#4203,#4204,#4205,
    #4206,#4207,#4208,#4209,#4210,#4211,#4212,#4213,#4214,#4215,#4216,
    #4217,#4218,#4219,#4220,#4221,#4222,#4223,#4224,#4225,#4226,#4227,
    #4228,#4229,#4230,#4231,#4232,#4233,#4234,#4235,#4236,#4237,#4238,
    #4239,#4240,#4241,#4242,#4243,#4244,#4245,#4246,#4247,#4248,#4249,
    #4250,#4251,#4252,#4253,#4254,#4255,#4256,#4257,#4258,#4259,#4260,
    #4261,#4262,#4263,#4264,#4265,#4266,#4267,#4268,#4269,#4270,#4271,
    #4272,#4273,#4274,#4275,#4276,#4277,#4278,#4279,#4280,#4281,#4282,
    #4283,#4284,#4285,#4286,#4287,#4288,#4289,#4290,#4291,#4292,#4293,
    #4294,#4295,#4296,#4297,#4298,#4299,#4300,#4301,#4302,#4303,#4304,
    #4305,#4306,#4307,#4308,#4309,#4310,#4311,#4312,#4313,#4314,#4315,
    #4316,#4317,#4318,#4319,#4320,#4321,#4322,#4323,#4324,#4325,#4326,
    #4327,#4328,#4329,#4330,#4331,#4332,#4333,#4334,#4335,#4336,#4337,
    #4338,#4339,#4340,#4341,#4342,#4343,#4344,#4345,#4346,#4347,#4348,
    #4349,#4350,#4351,#4352,#4353,#4354,#4355,#4356,#4357,#4358,#4359,
    #4360,#4361,#4362,#4363,#4364,#4365,#4366,#4367,#4368,#4369,#4370,
    #4371,#4372,#4373,#4374,#4375,#4376,#4377,#4378,#4379,#4380,#4381,
    #4382,#4383,#4384,#4385,#4386,#4387,#4388,#4389,#4390,#4391,#4392,
    #4393,#4394,#4395,#4396,#4397,#4398,#4399,#4400,#4401,#4402,#4403,
    #4404,#4405,#4406,#4407,#4408,#4409,#4410,#4411,#4412,#4413,#4414,
    #4415,#4416,#4417,#4418,#4419,#4420,#4421,#4422,#4423,#4424,#4425,
    #4426,#4427,#4428,#4429,#4430,#4431),.UNSPECIFIED.,.F.,.F.,(11,10,10
    ,10,10,10,10,10,10,10,10,10,10,10,10,10,10,10,10,10,10,10,10,10,10,
    10,10,10,10,9,10,9,11),(0.,6.293216167298,12.586432334595,
    18.879648501893,25.17286466919,31.466080836488,37.759297003786,
    44.052513171083,50.345729338381,56.638945505679,62.932161672976,
    69.225377840274,75.518594007571,81.811810174869,88.105026342167,
    94.398242509464,100.69145867676,106.98467484406,113.27789101135,
    119.57110717865,125.86432334595,132.15753951325,138.45075568054,
    144.74397184784,151.03718801514,157.33040418244,163.62362034973,
    169.91683651703,176.21005268433,182.50326885163,188.79648501892,
    195.08970118622,201.38291735352),.UNSPECIFIED.);
#4113 = CARTESIAN_POINT('',(-36.5,1.33226762955E-15,21.6));
#4114 = CARTESIAN_POINT('',(-36.19372919989,3.518556683866,
    21.599988575011));
#4115 = CARTESIAN_POINT('',(-35.88755155355,7.037953520401,
    23.749003538155));
#4116 = CARTESIAN_POINT('',(-35.58115562641,9.074422058457,
    28.050782936541));
#4117 = CARTESIAN_POINT('',(-35.27508044534,8.178414235367,
    33.326528413602));
#4118 = CARTESIAN_POINT('',(-34.96872986082,3.859971262165,
    37.318673712045));
#4119 = CARTESIAN_POINT('',(-34.6624464878,-2.016681568438,
    37.549420703079));
#4120 = CARTESIAN_POINT('',(-34.35631218027,-6.380602046111,
    34.452534225102));
#4121 = CARTESIAN_POINT('',(-34.04996171716,-7.982529142721,
    29.97064701731));
#4122 = CARTESIAN_POINT('',(-33.74375391627,-7.013478285194,
    25.962515001702));
#4123 = CARTESIAN_POINT('',(-33.43749999999,-4.525483399596,
    23.474516600405));
#4124 = CARTESIAN_POINT('',(-33.13122919992,-2.037496187118,
    20.986513230574));
#4125 = CARTESIAN_POINT('',(-32.82505155346,1.970676234943,
    20.017506915057));
#4126 = CARTESIAN_POINT('',(-32.51865562661,6.452494331764,
    21.619323585954));
#4127 = CARTESIAN_POINT('',(-32.21258044503,9.549436526485,
    25.983412196205));
#4128 = CARTESIAN_POINT('',(-31.90622986118,9.318709228279,
    31.859885518841));
#4129 = CARTESIAN_POINT('',(-31.59994648748,5.326450922862,
    36.178469348053));
#4130 = CARTESIAN_POINT('',(-31.29381218049,5.086373165648E-02,
    37.074397681279));
#4131 = CARTESIAN_POINT('',(-30.98746171704,-4.25104261863,
    35.037958357101));
#4132 = CARTESIAN_POINT('',(-30.68125391632,-6.399997514004,
    31.518558596301));
#4133 = CARTESIAN_POINT('',(-30.37499999997,-6.400000000011,
    28.000000000002));
#4134 = CARTESIAN_POINT('',(-30.06872919999,-6.400011424934,
    24.481443316127));
#4135 = CARTESIAN_POINT('',(-29.76255155327,-4.250996462013,
    20.96204647963));
#4136 = CARTESIAN_POINT('',(-29.45615562698,5.078293688747E-02,
    18.925577941445));
#4137 = CARTESIAN_POINT('',(-29.1500804445,5.326528413088,
    19.821585764832));
#4138 = CARTESIAN_POINT('',(-28.84372986173,9.318673712597,
    24.140028737561));
#4139 = CARTESIAN_POINT('',(-28.5374464871,9.549420702652,
    30.016681568698));
#4140 = CARTESIAN_POINT('',(-28.23131218064,6.452534225327,
    34.380602045948));
#4141 = CARTESIAN_POINT('',(-27.92496171706,1.970647017245,
    35.982529142775));
#4142 = CARTESIAN_POINT('',(-27.61875391624,-2.037484998304,
    35.013478285201));
#4143 = CARTESIAN_POINT('',(-27.31250000004,-4.525483399579,
    32.525483399577));
#4144 = CARTESIAN_POINT('',(-27.00622919972,-7.013486769497,
    30.037496187213));
#4145 = CARTESIAN_POINT('',(-26.70005155401,-7.98249308476,
    26.029323764764));
#4146 = CARTESIAN_POINT('',(-26.39365562552,-6.380676414355,
    21.547505668863));
#4147 = CARTESIAN_POINT('',(-26.08758044661,-2.016587803446,
    18.450563472553));
#4148 = CARTESIAN_POINT('',(-25.78122985949,3.859885518586,
    18.681290772802));
#4149 = CARTESIAN_POINT('',(-25.47494648884,8.178469348149,
    22.673549076245));
#4150 = CARTESIAN_POINT('',(-25.16881217968,9.074397681291,
    27.949136268879));
#4151 = CARTESIAN_POINT('',(-24.86246171739,7.037958357066,
    32.251042618405));
#4152 = CARTESIAN_POINT('',(-24.55625391622,3.518558596318,
    34.399997514062));
#4153 = CARTESIAN_POINT('',(-24.24999999999,5.829684504912E-13,
    34.400000000006));
#4154 = CARTESIAN_POINT('',(-23.94372919992,-3.518556683871,
    34.40001142497));
#4155 = CARTESIAN_POINT('',(-23.63755155346,-7.037953520384,
    32.25099646189));
#4156 = CARTESIAN_POINT('',(-23.33115562657,-9.074422058491,
    27.949217063381));
#4157 = CARTESIAN_POINT('',(-23.02508044512,-8.178414235323,
    22.673471586501));
#4158 = CARTESIAN_POINT('',(-22.71872986106,-3.859971262206,
    18.681326287851));
#4159 = CARTESIAN_POINT('',(-22.41244648759,2.01668156847,
    18.450579297007));
#4160 = CARTESIAN_POINT('',(-22.10631218043,6.380602046084,
    21.54746577484));
#4161 = CARTESIAN_POINT('',(-21.79996171706,7.982529142745,
    26.029352982724));
#4162 = CARTESIAN_POINT('',(-21.49375391632,7.013478285176,
    30.037484998281));
#4163 = CARTESIAN_POINT('',(-21.18749999997,4.525483399607,
    32.525483399603));
#4164 = CARTESIAN_POINT('',(-20.88122920002,2.037496187071,
    35.013486769388));
#4165 = CARTESIAN_POINT('',(-20.57505155319,-1.970676234796,
    35.982493085042));
#4166 = CARTESIAN_POINT('',(-20.26865562715,-6.45249433209,
    34.380676413869));
#4167 = CARTESIAN_POINT('',(-19.96258044425,-9.549436525964,
    30.016587804024));
#4168 = CARTESIAN_POINT('',(-19.65622986201,-9.318709228876,
    24.140114480945));
#4169 = CARTESIAN_POINT('',(-19.34994648688,-5.326450922385,
    19.821530652091));
#4170 = CARTESIAN_POINT('',(-19.04381218074,-5.08637318948E-02,
    18.925602318652));
#4171 = CARTESIAN_POINT('',(-18.73746171706,4.251042618664,
    20.962041642924));
#4172 = CARTESIAN_POINT('',(-18.4312539162,6.399997514057,
    24.481441403688));
#4173 = CARTESIAN_POINT('',(-18.12500000007,6.399999999959,
    28.000000000004));
#4174 = CARTESIAN_POINT('',(-17.81872919956,6.400011425181,
    31.518556683832));
#4175 = CARTESIAN_POINT('',(-17.51255155448,4.250996461294,
    35.037953520563));
#4176 = CARTESIAN_POINT('',(-17.20615562452,-5.078293543895E-02,
    37.074422057994));
#4177 = CARTESIAN_POINT('',(-16.90008044818,-5.32652841519,
    36.178414236253));
#4178 = CARTESIAN_POINT('',(-16.59372985763,-9.318673710363,
    31.859971260968));
#4179 = CARTESIAN_POINT('',(-16.2874464905,-9.549420704387,
    25.983318432726));
#4180 = CARTESIAN_POINT('',(-15.98131217858,-6.452534224365,
    21.619397953077));
#4181 = CARTESIAN_POINT('',(-15.67496171793,-1.970647017602,
    20.017470857674));
#4182 = CARTESIAN_POINT('',(-15.36875391603,2.037484998373,
    20.986521714684));
#4183 = CARTESIAN_POINT('',(-15.06250000003,4.525483399585,
    23.474516600418));
#4184 = CARTESIAN_POINT('',(-14.75622919971,7.013486769493,
    25.962503812789));
#4185 = CARTESIAN_POINT('',(-14.4500515541,7.982493084748,
    29.970676235263));
#4186 = CARTESIAN_POINT('',(-14.14365562522,6.380676414398,
    34.452494331019));
#4187 = CARTESIAN_POINT('',(-13.83758044721,2.016587803372,
    37.549436527727));
#4188 = CARTESIAN_POINT('',(-13.53122985864,-3.859885518509,
    37.318709226761));
#4189 = CARTESIAN_POINT('',(-13.22494648972,-8.178469348198,
    33.326450924229));
#4190 = CARTESIAN_POINT('',(-12.91881217903,-9.074397681278,
    28.050863730756));
#4191 = CARTESIAN_POINT('',(-12.61246171775,-7.037958357059,
    23.748957381795));
#4192 = CARTESIAN_POINT('',(-12.30625391608,-3.518558596325,
    21.600002485862));
#4193 = CARTESIAN_POINT('',(-12.00000000002,1.904495895921E-12,
    21.600000000013));
#4194 = CARTESIAN_POINT('',(-11.69372919974,3.518556683853,
    21.599988574927));
#4195 = CARTESIAN_POINT('',(-11.387551554,7.037953520465,23.749003538419
    ));
#4196 = CARTESIAN_POINT('',(-11.08115562549,9.074422058266,
    28.050782936002));
#4197 = CARTESIAN_POINT('',(-10.7750804467,8.178414235741,
    33.326528414372));
#4198 = CARTESIAN_POINT('',(-10.46872985934,3.859971261654,
    37.31867371125));
#4199 = CARTESIAN_POINT('',(-10.16244648899,-2.016681567942,
    37.549420703671));
#4200 = CARTESIAN_POINT('',(-9.856312179579,-6.380602046451,
    34.452534224789));
#4201 = CARTESIAN_POINT('',(-9.549961717449,-7.982529142565,
    29.970647017421));
#4202 = CARTESIAN_POINT('',(-9.243753916201,-7.013478285235,
    25.96251500168));
#4203 = CARTESIAN_POINT('',(-8.937499999996,-4.525483399597,
    23.474516600405));
#4204 = CARTESIAN_POINT('',(-8.631229199899,-2.037496187124,
    20.986513230561));
#4205 = CARTESIAN_POINT('',(-8.325051553569,1.970676234985,
    20.017506915112));
#4206 = CARTESIAN_POINT('',(-8.018655626332,6.452494331623,
    21.619323585837));
#4207 = CARTESIAN_POINT('',(-7.712580445538,9.549436526777,
    25.983412196361));
#4208 = CARTESIAN_POINT('',(-7.40622986057,9.318709227873,
    31.859885518708));
#4209 = CARTESIAN_POINT('',(-7.099946488014,5.326450923245,
    36.178469348121));
#4210 = CARTESIAN_POINT('',(-6.793812180211,5.086373142365E-02,
    37.074397681266));
#4211 = CARTESIAN_POINT('',(-6.487461717106,-4.251042618559,
    35.037958357097));
#4212 = CARTESIAN_POINT('',(-6.181253916366,-6.399997513987,
    31.518558596302));
#4213 = CARTESIAN_POINT('',(-5.874999999925,-6.400000000041,
    28.000000000005));
#4214 = CARTESIAN_POINT('',(-5.568729200251,-6.40001142479,
    24.48144331609));
#4215 = CARTESIAN_POINT('',(-5.262551552526,-4.250996462418,
    20.962046479783));
#4216 = CARTESIAN_POINT('',(-4.956155628479,5.078293766272E-02,
    18.925577941063));
#4217 = CARTESIAN_POINT('',(-4.650080442316,5.326528412026,
    19.821585765494));
#4218 = CARTESIAN_POINT('',(-4.343729864175,9.318673713669,
    24.140028736719));
#4219 = CARTESIAN_POINT('',(-4.037446484975,9.549420701832,
    30.016681569512));
#4220 = CARTESIAN_POINT('',(-3.731312182142,6.452534225827,
    34.380602045331));
#4221 = CARTESIAN_POINT('',(-3.424961716188,1.970647016979,
    35.982529143154));
#4222 = CARTESIAN_POINT('',(-3.118753916687,-2.037484998169,
    35.013478285008));
#4223 = CARTESIAN_POINT('',(-2.812499999848,-4.525483399642,
    32.525483399659));
#4224 = CARTESIAN_POINT('',(-2.506229200627,-7.013486769205,
    30.037496186779));
#4225 = CARTESIAN_POINT('',(-2.200051551485,-7.982493085497,
    26.029323766096));
#4226 = CARTESIAN_POINT('',(-1.89365563043,-6.380676413133,
    21.547505666107));
#4227 = CARTESIAN_POINT('',(-1.587580439709,-2.016587804817,
    18.450563476612));
#4228 = CARTESIAN_POINT('',(-1.281229866701,3.859885519595,
    18.681290768438));
#4229 = CARTESIAN_POINT('',(-0.974946483213,8.178469347743,
    22.673549079707));
#4230 = CARTESIAN_POINT('',(-0.668812183002,9.07439768128,
    27.949136266851));
#4231 = CARTESIAN_POINT('',(-0.362461715922,7.037958357179,
    32.251042619279));
#4232 = CARTESIAN_POINT('',(-5.625391671769E-02,3.518558596258,
    34.399997513785));
#4233 = CARTESIAN_POINT('',(0.250000000136,1.07753805878E-11,
    34.400000000071));
#4234 = CARTESIAN_POINT('',(0.556270242024,-3.518556942828,
    34.400011245562));
#4235 = CARTESIAN_POINT('',(0.862450837796,-7.037952410333,
    32.250997230478));
#4236 = CARTESIAN_POINT('',(1.16883819876,-9.074424925375,27.94921507902
    ));
#4237 = CARTESIAN_POINT('',(1.474931245574,-8.178408806631,
    22.673475343094));
#4238 = CARTESIAN_POINT('',(1.781252779958,-3.859979323785,
    18.681320710508));
#4239 = CARTESIAN_POINT('',(2.087574340891,2.016691241894,
    18.450585988426));
#4240 = CARTESIAN_POINT('',(2.393667367435,6.380592547152,
    21.547459204804));
#4241 = CARTESIAN_POINT('',(2.700054740099,7.98253678631,26.029358269186
    ));
#4242 = CARTESIAN_POINT('',(3.006235330889,7.013473291021,30.03748154428
    ));
#4243 = CARTESIAN_POINT('',(3.312505574254,4.525485988559,
    32.525485190142));
#4244 = CARTESIAN_POINT('',(3.618760047554,2.03749119311,35.013483315525
    ));
#4245 = CARTESIAN_POINT('',(3.924964902512,-1.970668591984,35.9824983709
    ));
#4246 = CARTESIAN_POINT('',(4.231323924197,-6.452503829335,
    34.380669845373));
#4247 = CARTESIAN_POINT('',(4.537440378447,-9.549426855114,
    30.016594492749));
#4248 = CARTESIAN_POINT('',(4.843752786034,-9.318717287663,
    24.140108907005));
#4249 = CARTESIAN_POINT('',(5.15006519752,-5.326445495854,
    19.821534405527));
#4250 = CARTESIAN_POINT('',(5.456181648711,-5.086659762785E-02,
    18.925600336439));
#4251 = CARTESIAN_POINT('',(5.762540672303,4.251043728343,20.96204241046
    ));
#4252 = CARTESIAN_POINT('',(6.068745526288,6.399997255127,
    24.481441224635));
#4253 = CARTESIAN_POINT('',(6.375000000015,6.400000000008,
    27.999999999999));
#4254 = CARTESIAN_POINT('',(6.681270800017,6.400011424945,
    31.518556683882));
#4255 = CARTESIAN_POINT('',(6.987448446711,4.250996461967,
    35.037953520344));
#4256 = CARTESIAN_POINT('',(7.29384437307,-5.078293675167E-02,
    37.074422058582));
#4257 = CARTESIAN_POINT('',(7.599919555368,-5.326528413357,
    36.178414235175));
#4258 = CARTESIAN_POINT('',(7.906270138407,-9.318673712242,
    31.859971262389));
#4259 = CARTESIAN_POINT('',(8.212553512876,-9.549420702953,
    25.983318431342));
#4260 = CARTESIAN_POINT('',(8.518687819168,-6.452534225195,
    21.619397954086));
#4261 = CARTESIAN_POINT('',(8.825038283258,-1.970647017219,
    20.017470857115));
#4262 = CARTESIAN_POINT('',(9.131246083446,2.037484998218,
    20.986521714923));
#4263 = CARTESIAN_POINT('',(9.437500000159,4.525483399646,
    23.474516600338));
#4264 = CARTESIAN_POINT('',(9.743770799363,7.013486769189,
    25.962503813223));
#4265 = CARTESIAN_POINT('',(10.049948448596,7.982493085557,
    29.970676233864));
#4266 = CARTESIAN_POINT('',(10.356344369222,6.380676412999,
    34.452494334105));
#4267 = CARTESIAN_POINT('',(10.662419561127,2.016587805012,
    37.549436522833));
#4268 = CARTESIAN_POINT('',(10.968770132007,-3.859885519778,
    37.318709232459));
#4269 = CARTESIAN_POINT('',(11.275053518139,-8.178469347641,
    33.326450919333));
#4270 = CARTESIAN_POINT('',(11.58118781605,-9.0743976813,28.050863733832
    ));
#4271 = CARTESIAN_POINT('',(11.88753828448,-7.037958357193,
    23.748957380425));
#4272 = CARTESIAN_POINT('',(12.193746083235,-3.518558596249,
    21.600002486258));
#4273 = CARTESIAN_POINT('',(12.500000000077,-8.39147107037E-12,
    21.599999999962));
#4274 = CARTESIAN_POINT('',(12.806270799704,3.518556683912,
    21.599988575231));
#4275 = CARTESIAN_POINT('',(13.112448447581,7.037953520223,
    23.749003537516));
#4276 = CARTESIAN_POINT('',(13.418844371423,9.074422058895,
    28.050782937769));
#4277 = CARTESIAN_POINT('',(13.724919557594,8.178414234639,
    33.326528411934));
#4278 = CARTESIAN_POINT('',(14.031270136254,3.859971263017,
    37.318673713676));
#4279 = CARTESIAN_POINT('',(14.337553514301,-2.016681569148,
    37.549420701932));
#4280 = CARTESIAN_POINT('',(14.643687818645,-6.380602045698,
    34.452534225662));
#4281 = CARTESIAN_POINT('',(14.950038283186,-7.982529142873,
    29.970647017139));
#4282 = CARTESIAN_POINT('',(15.256246083696,-7.013478285176,
    25.962515001718));
#4283 = CARTESIAN_POINT('',(15.562499999969,-4.52548339958,
    23.474516600418));
#4284 = CARTESIAN_POINT('',(15.868770800233,-2.037496187192,
    20.986513230525));
#4285 = CARTESIAN_POINT('',(16.174948446114,1.970676235161,
    20.017506915177));
#4286 = CARTESIAN_POINT('',(16.481344374201,6.45249433132,
    21.619323585756));
#4287 = CARTESIAN_POINT('',(16.787419553808,9.549436527138,
    25.983412196429));
#4288 = CARTESIAN_POINT('',(17.093770140041,9.318709227568,
    31.859885518675));
#4289 = CARTESIAN_POINT('',(17.400053511511,5.326450923442,
    36.178469348119));
#4290 = CARTESIAN_POINT('',(17.70618782014,5.086373129451E-02,
    37.074397681285));
#4291 = CARTESIAN_POINT('',(18.012538282629,-4.251042618452,
    35.037958357077));
#4292 = CARTESIAN_POINT('',(18.318746083818,-6.399997514076,
    31.518558596315));
#4293 = CARTESIAN_POINT('',(18.624999999972,-6.399999999985,
    27.999999999999));
#4294 = CARTESIAN_POINT('',(18.931270242833,-6.400011246019,
    24.481443057253));
#4295 = CARTESIAN_POINT('',(19.237450835428,-4.250997229117,
    20.962047589301));
#4296 = CARTESIAN_POINT('',(19.543838203579,5.078491822378E-02,
    18.925575075657));
#4297 = CARTESIAN_POINT('',(19.849931238405,5.326524660905,
    19.821591191402));
#4298 = CARTESIAN_POINT('',(20.15625278793,9.318679285238,24.14002067887
    ));
#4299 = CARTESIAN_POINT('',(20.462574334217,9.549414014906,
    30.016691239296));
#4300 = CARTESIAN_POINT('',(20.768667371631,6.45254079329,
    34.380592548998));
#4301 = CARTESIAN_POINT('',(21.075054738147,1.970641731594,
    35.982536785373));
#4302 = CARTESIAN_POINT('',(21.381235331535,-2.037481544499,
    35.013473291344));
#4303 = CARTESIAN_POINT('',(21.687505574118,-4.525485190102,
    32.525485988495));
#4304 = CARTESIAN_POINT('',(21.993760047789,-7.013483315601,
    30.03749119321));
#4305 = CARTESIAN_POINT('',(22.299964902188,-7.982498370774,
    26.029331407894));
#4306 = CARTESIAN_POINT('',(22.606323924599,-6.380669845553,
    21.547496170811));
#4307 = CARTESIAN_POINT('',(22.912440377952,-2.016594492527,
    18.450573144671));
#4308 = CARTESIAN_POINT('',(23.218752786597,3.859891092773,
    18.681282712646));
#4309 = CARTESIAN_POINT('',(23.525065197016,8.178465594645,
    22.673554503819));
#4310 = CARTESIAN_POINT('',(23.831181649013,9.074399663462,
    27.949133402595));
#4311 = CARTESIAN_POINT('',(24.137540672228,7.037957589582,
    32.251043728269));
#4312 = CARTESIAN_POINT('',(24.443745526238,3.518558775351,
    34.399997255108));
#4313 = CARTESIAN_POINT('',(24.75000000008,6.131867892739E-12,
    34.400000000044));
#4314 = CARTESIAN_POINT('',(25.05627079975,-3.518556683906,
    34.400011424786));
#4315 = CARTESIAN_POINT('',(25.362448447467,-7.037953520224,
    32.250996462435));
#4316 = CARTESIAN_POINT('',(25.668844371488,-9.074422058954,
    27.949217062263));
#4317 = CARTESIAN_POINT('',(25.97491955785,-8.178414234416,
    22.673471588168));
#4318 = CARTESIAN_POINT('',(26.281270135483,-3.859971263463,
    18.681326286015));
#4319 = CARTESIAN_POINT('',(26.587553515436,2.016681569727,
    18.450579298503));
#4320 = CARTESIAN_POINT('',(26.893687817559,6.380602045173,
    21.547465773945));
#4321 = CARTESIAN_POINT('',(27.200038283917,7.982529143214,
    26.029352983107));
#4322 = CARTESIAN_POINT('',(27.506246083337,7.013478285014,
    30.037484998168));
#4323 = CARTESIAN_POINT('',(27.8125000001,4.525483399637,32.525483399624
    ));
#4324 = CARTESIAN_POINT('',(28.118770799594,2.037496186888,
    35.013486769272));
#4325 = CARTESIAN_POINT('',(28.42494844795,-1.970676234206,
    35.982493085348));
#4326 = CARTESIAN_POINT('',(28.731344370535,-6.452494333362,
    34.380676413357));
#4327 = CARTESIAN_POINT('',(29.037419559162,-9.549436524005,
    30.016587804589));
#4328 = CARTESIAN_POINT('',(29.343770134186,-9.318709231105,
    24.140114480554));
#4329 = CARTESIAN_POINT('',(29.65005351636,-5.326450920474,
    19.821530652204));
#4330 = CARTESIAN_POINT('',(29.956187817089,-5.086373314882E-02,
    18.925602318721));
#4331 = CARTESIAN_POINT('',(30.262538284087,4.251042619312,
    20.962041642827));
#4332 = CARTESIAN_POINT('',(30.568746083291,6.399997513782,
    24.481441403741));
#4333 = CARTESIAN_POINT('',(30.875000000112,6.400000000059,
    27.99999999999));
#4334 = CARTESIAN_POINT('',(31.181270799566,6.400011424686,
    31.518556683923));
#4335 = CARTESIAN_POINT('',(31.487448447956,4.250996462714,
    35.037953520173));
#4336 = CARTESIAN_POINT('',(31.793844370694,-5.078293821807E-02,
    37.074422059034));
#4337 = CARTESIAN_POINT('',(32.099919558627,-5.326528411302,
    36.178414234387));
#4338 = CARTESIAN_POINT('',(32.406270135189,-9.318673714324,
    31.859971263329));
#4339 = CARTESIAN_POINT('',(32.712553515074,-9.549420701459,
    25.98331843059));
#4340 = CARTESIAN_POINT('',(33.018687818296,-6.452534225891,
    21.619397954437));
#4341 = CARTESIAN_POINT('',(33.325038283223,-1.970647017089,
    20.017470857108));
#4342 = CARTESIAN_POINT('',(33.631246083775,2.037484998301,
    20.986521714792));
#4343 = CARTESIAN_POINT('',(33.937499999898,4.525483399559,
    23.47451660045));
#4344 = CARTESIAN_POINT('',(34.24377080056,7.013486769582,
    25.962503812651));
#4345 = CARTESIAN_POINT('',(34.549948445185,7.982493084545,
    29.970676235639));
#4346 = CARTESIAN_POINT('',(34.856344376024,6.380676414719,
    34.452494330329));
#4347 = CARTESIAN_POINT('',(35.162419551228,2.016587803019,
    37.549436528598));
#4348 = CARTESIAN_POINT('',(35.468770142727,-3.859885518247,
    37.318709226001));
#4349 = CARTESIAN_POINT('',(35.775053509445,-8.178469348316,
    33.326450924679));
#4350 = CARTESIAN_POINT('',(36.08118782131,-9.07439768126,
    28.050863730584));
#4351 = CARTESIAN_POINT('',(36.387538282149,-7.037958357048,
    23.74895738184));
#4352 = CARTESIAN_POINT('',(36.693746083955,-3.518558596333,
    21.600002485844));
#4353 = CARTESIAN_POINT('',(36.999999999949,4.074962589584E-12,
    21.600000000027));
#4354 = CARTESIAN_POINT('',(37.306270800392,3.518556683836,
    21.599988574848));
#4355 = CARTESIAN_POINT('',(37.612448445543,7.037953520547,
    23.749003538671));
#4356 = CARTESIAN_POINT('',(37.918844375533,9.074422058025,
    28.050782935456));
#4357 = CARTESIAN_POINT('',(38.224919551599,8.178414236227,
    33.326528415221));
#4358 = CARTESIAN_POINT('',(38.531270142728,3.859971260955,
    37.318673710282));
#4359 = CARTESIAN_POINT('',(38.837553509088,-2.016681567212,
    37.549420704493));
#4360 = CARTESIAN_POINT('',(39.143687821756,-6.380602047011,
    34.452534224268));
#4361 = CARTESIAN_POINT('',(39.450038281844,-7.982529142249,
    29.97064701767));
#4362 = CARTESIAN_POINT('',(39.756246084084,-7.013478285364,
    25.962515001588));
#4363 = CARTESIAN_POINT('',(40.062499999916,-4.525483399559,
    23.474516600433));
#4364 = CARTESIAN_POINT('',(40.368770243142,-2.037495877667,
    20.98651317396));
#4365 = CARTESIAN_POINT('',(40.674950834476,1.970674908247,
    20.017507157503));
#4366 = CARTESIAN_POINT('',(40.981338205592,6.452497758323,
    21.61932296017));
#4367 = CARTESIAN_POINT('',(41.287431235315,9.549430037548,
    25.983413380622));
#4368 = CARTESIAN_POINT('',(41.59375279145,9.31871886539,31.859883760614
    ));
#4369 = CARTESIAN_POINT('',(41.900074331221,5.326439357272,
    36.178471457358));
#4370 = CARTESIAN_POINT('',(42.206167373524,5.087509026452E-02,
    37.074395610213));
#4371 = CARTESIAN_POINT('',(42.512554737281,-4.251051759783,
    35.037960023646));
#4372 = CARTESIAN_POINT('',(42.818735331804,-6.399991540793,
    31.518557507354));
#4373 = CARTESIAN_POINT('',(43.125005574075,-6.400003096689,
    28.000000564545));
#4374 = CARTESIAN_POINT('',(43.431260048126,-6.400005451708,
    24.481442227177));
#4375 = CARTESIAN_POINT('',(43.737464901131,-4.251005603275,
    20.96204814606));
#4376 = CARTESIAN_POINT('',(44.043823926719,5.079429586068E-02,
    18.925575870942));
#4377 = CARTESIAN_POINT('',(44.349940374938,5.326516846738,
    19.821587872762));
#4378 = CARTESIAN_POINT('',(44.656252789778,9.31868335078,
    24.140026981479));
#4379 = CARTESIAN_POINT('',(44.962565194432,9.549414212655,30.0166827508
    ));
#4380 = CARTESIAN_POINT('',(45.268681650704,6.452537652624,
    34.38060142193));
#4381 = CARTESIAN_POINT('',(45.575040671277,1.9706456902,35.982529384275
    ));
#4382 = CARTESIAN_POINT('',(45.881245526721,-2.037484688751,
    35.013478228927));
#4383 = CARTESIAN_POINT('',(46.187499999865,-4.52548339955,
    32.525483399536));
#4384 = CARTESIAN_POINT('',(46.493774275571,-7.013486417737,
    30.03749811797));
#4385 = CARTESIAN_POINT('',(46.799933549439,-7.98249459286,
    26.029315488624));
#4386 = CARTESIAN_POINT('',(47.106382845626,-6.380672519152,
    21.547527042601));
#4387 = CARTESIAN_POINT('',(47.412346706165,-2.016595179921,
    18.450523000042));
#4388 = CARTESIAN_POINT('',(47.718878319423,3.859896473599,
    18.681350875046));
#4389 = CARTESIAN_POINT('',(48.024923698492,8.178456201553,
    22.673476954649));
#4390 = CARTESIAN_POINT('',(48.331315297096,9.074410591829,
    27.949207092675));
#4391 = CARTESIAN_POINT('',(48.637435700412,7.037947967579,
    32.250985625635));
#4392 = CARTESIAN_POINT('',(48.943813111477,3.518565384908,
    34.400034753389));
#4393 = CARTESIAN_POINT('',(49.249965252188,-3.51927425557E-06,
    34.399980694777));
#4394 = CARTESIAN_POINT('',(49.556525565268,-3.518886064596,
    34.40015125475));
#4395 = CARTESIAN_POINT('',(49.861582865919,-7.035869074094,
    32.250128554676));
#4396 = CARTESIAN_POINT('',(50.170740348892,-9.08018442751,
    27.952340363653));
#4397 = CARTESIAN_POINT('',(50.472086776575,-8.169135923729,
    22.667137108353));
#4398 = CARTESIAN_POINT('',(50.784151939474,-3.869132828281,
    18.688863903909));
#4399 = CARTESIAN_POINT('',(51.085602477273,2.022030429237,
    18.44533083767));
#4400 = CARTESIAN_POINT('',(51.394518380866,6.378973596365,
    21.549387660175));
#4401 = CARTESIAN_POINT('',(51.699855676225,7.98270617411,
    26.029109580458));
#4402 = CARTESIAN_POINT('',(52.006245856354,7.013468871553,
    30.037489806033));
#4403 = CARTESIAN_POINT('',(52.61876228083,2.037495131036,
    35.013473448602));
#4404 = CARTESIAN_POINT('',(52.925125291586,-1.970823705482,
    35.982703933028));
#4405 = CARTESIAN_POINT('',(53.230560862077,-6.451016697108,
    34.379017904185));
#4406 = CARTESIAN_POINT('',(53.539255393476,-9.553521688515,
    30.021852740571));
#4407 = CARTESIAN_POINT('',(53.841079208969,-9.313143941329,
    24.13118313853));
#4408 = CARTESIAN_POINT('',(54.15264388583,-5.330532427611,
    19.830593694731));
#4409 = CARTESIAN_POINT('',(54.454537675263,-4.944335609451E-02,
    18.919908742326));
#4410 = CARTESIAN_POINT('',(54.763202238635,4.250985577286,
    20.964137118782));
#4411 = CARTESIAN_POINT('',(55.068624547765,6.399928074197,
    24.481098790318));
#4412 = CARTESIAN_POINT('',(55.374965252269,6.399980694815,
    28.000003519269));
#4413 = CARTESIAN_POINT('',(55.681525693289,6.400151241691,
    31.518885993419));
#4414 = CARTESIAN_POINT('',(55.986582316673,4.2501286104,35.035869379196
    ));
#4415 = CARTESIAN_POINT('',(56.29574176761,-4.765978008861E-02,
    37.080183639506));
#4416 = CARTESIAN_POINT('',(56.597084090061,-5.332862619563,
    36.169137415995));
#4417 = CARTESIAN_POINT('',(56.909155929004,-9.31113650011,
    31.869130612074));
#4418 = CARTESIAN_POINT('',(57.210597689875,-9.554668677499,
    25.97797223032));
#4419 = CARTESIAN_POINT('',(57.51952308217,-6.450612815957,
    21.621023791843));
#4420 = CARTESIAN_POINT('',(57.824851892985,-1.97089003638,
    20.017295927675));
#4421 = CARTESIAN_POINT('',(58.13124832836,2.037489555669,
    20.986529755119));
#4422 = CARTESIAN_POINT('',(58.743757245786,7.013473958548,
    25.962507666191));
#4423 = CARTESIAN_POINT('',(59.050153688054,7.982701057576,
    29.970807929797));
#4424 = CARTESIAN_POINT('',(59.355482455749,6.379025842408,
    34.451060255776));
#4425 = CARTESIAN_POINT('',(59.664407977765,2.021837293824,
    37.553436920275));
#4426 = CARTESIAN_POINT('',(59.965849495799,-3.868793606948,
    37.313271558587));
#4427 = CARTESIAN_POINT('',(60.277921642544,-8.169434425537,
    33.330378119625));
#4428 = CARTESIAN_POINT('',(60.579263693553,-9.0800635159,
    28.049595566968));
#4429 = CARTESIAN_POINT('',(60.888423309742,-7.03588526866,
    23.748891606318));
#4430 = CARTESIAN_POINT('',(61.193479867062,-3.518886556642,
    21.6001523034));
#4431 = CARTESIAN_POINT('',(61.500040322933,-4.084057674664E-06,
    21.599977599513));
#4432 = ORIENTED_EDGE('',*,*,#4433,.F.);
#4433 = EDGE_CURVE('',#1859,#4110,#4434,.T.);
#4434 = B_SPLINE_CURVE_WITH_KNOTS('',1,(#4435,#4436),.UNSPECIFIED.,.F.,
  .F.,(2,2),(0.,1.411559421349),.PIECEWISE_BEZIER_KNOTS.);
#4435 = CARTESIAN_POINT('',(60.949982079974,1.814819343527E-06,
    22.899952956709));
#4436 = CARTESIAN_POINT('',(61.500040322933,-4.084057674664E-06,
    21.599977599513));
#4437 = ORIENTED_EDGE('',*,*,#1866,.F.);
#4438 = ORIENTED_EDGE('',*,*,#4024,.F.);
#4439 = ORIENTED_EDGE('',*,*,#4440,.F.);
#4440 = EDGE_CURVE('',#4441,#4025,#4443,.T.);
#4441 = VERTEX_POINT('',#4442);
#4442 = CARTESIAN_POINT('',(52.242318288013,1.273632671113E-15,33.2));
#4443 = B_SPLINE_CURVE_WITH_KNOTS('',8,(#4444,#4445,#4446,#4447,#4448,
    #4449,#4450,#4451,#4452,#4453,#4454,#4455,#4456,#4457,#4458,#4459,
    #4460,#4461,#4462,#4463,#4464,#4465,#4466,#4467,#4468,#4469,#4470,
    #4471,#4472,#4473),.UNSPECIFIED.,.F.,.F.,(9,7,7,7,9),(0.,
    0.250567233117,0.431029669672,0.721985733099,1.),.UNSPECIFIED.);
#4444 = CARTESIAN_POINT('',(52.242318288013,1.7763568394E-14,33.2));
#4445 = CARTESIAN_POINT('',(52.351489191846,-1.019078801522,33.2));
#4446 = CARTESIAN_POINT('',(52.461603263727,-2.048217735796,
    32.971251394416));
#4447 = CARTESIAN_POINT('',(52.57129695985,-3.009719658226,
    32.508802699947));
#4448 = CARTESIAN_POINT('',(52.680461681928,-3.847748007226,
    31.838253997501));
#4449 = CARTESIAN_POINT('',(52.789635615873,-4.516251231503,
    30.998761476385));
#4450 = CARTESIAN_POINT('',(52.899368027699,-4.976269352616,
    30.036110257457));
#4451 = CARTESIAN_POINT('',(53.009556016636,-5.202622662836,
    29.00585549526));
#4452 = CARTESIAN_POINT('',(53.197399621639,-5.198081113738,
    27.252398876817));
#4453 = CARTESIAN_POINT('',(53.276072688601,-5.077204967081,
    26.516938831236));
#4454 = CARTESIAN_POINT('',(53.354776254085,-4.838213474004,
    25.805182165093));
#4455 = CARTESIAN_POINT('',(53.433505573928,-4.486309416985,
    25.13948703421));
#4456 = CARTESIAN_POINT('',(53.512247832067,-4.031039005295,
    24.53953920752));
#4457 = CARTESIAN_POINT('',(53.590982140539,-3.486291874994,
    24.022352067071));
#4458 = CARTESIAN_POINT('',(53.66967953948,-2.870301088935,
    23.60226660802));
#4459 = CARTESIAN_POINT('',(53.87506606299,-1.13402809608,
    22.789024068613));
#4460 = CARTESIAN_POINT('',(54.004237422815,8.859835888586E-02,
    22.557165409152));
#4461 = CARTESIAN_POINT('',(54.131311332911,1.346828119736,
    22.66584543339));
#4462 = CARTESIAN_POINT('',(54.258395141797,2.53716772362,
    23.099221009632));
#4463 = CARTESIAN_POINT('',(54.385471719948,3.577925809628,
    23.821024590207));
#4464 = CARTESIAN_POINT('',(54.51251594477,4.392589212727,
    24.785401689065));
#4465 = CARTESIAN_POINT('',(54.641638709896,4.909199757938,
    25.916615094692));
#4466 = CARTESIAN_POINT('',(54.889585352561,5.317989546329,
    28.194636569078));
#4467 = CARTESIAN_POINT('',(55.012497626766,5.24402793659,
    29.374931997057));
#4468 = CARTESIAN_POINT('',(55.133864756737,4.862192083819,
    30.509712164647));
#4469 = CARTESIAN_POINT('',(55.255574669805,4.213795945207,
    31.52521288651));
#4470 = CARTESIAN_POINT('',(55.376644931614,3.329079872097,
    32.342835231027));
#4471 = CARTESIAN_POINT('',(55.498266085596,2.278624982222,
    32.919056030688));
#4472 = CARTESIAN_POINT('',(55.62121454355,1.130352868846,33.2));
#4473 = CARTESIAN_POINT('',(55.742306195669,2.84217094304E-14,33.2));
#4474 = ORIENTED_EDGE('',*,*,#4475,.F.);
#4475 = EDGE_CURVE('',#4476,#4441,#4478,.T.);
#4476 = VERTEX_POINT('',#4477);
#4477 = CARTESIAN_POINT('',(48.742335859741,1.273632671113E-15,33.2));
#4478 = B_SPLINE_CURVE_WITH_KNOTS('',7,(#4479,#4480,#4481,#4482,#4483,
    #4484,#4485,#4486,#4487,#4488,#4489,#4490,#4491,#4492,#4493,#4494,
    #4495,#4496,#4497,#4498,#4499,#4500,#4501,#4502,#4503,#4504,#4505,
    #4506,#4507,#4508,#4509,#4510),.UNSPECIFIED.,.F.,.F.,(8,6,6,6,6,8),(
    0.,0.137039916251,0.379999431025,0.584711491389,0.793758714955,1.),
  .UNSPECIFIED.);
#4479 = CARTESIAN_POINT('',(48.742335859741,1.59872115546E-14,33.2));
#4480 = CARTESIAN_POINT('',(48.810678076265,-0.638481072767,33.2));
#4481 = CARTESIAN_POINT('',(48.879189971209,-1.278539678536,
    33.108199066668));
#4482 = CARTESIAN_POINT('',(48.947759737178,-1.902489686892,
    32.924812732584));
#4483 = CARTESIAN_POINT('',(49.016312022579,-2.494333869695,
    32.65322354822));
#4484 = CARTESIAN_POINT('',(49.084807931626,-3.039763901081,
    32.29998108194));
#4485 = CARTESIAN_POINT('',(49.153245024337,-3.52616035746,
    31.874801920003));
#4486 = CARTESIAN_POINT('',(49.342946191856,-4.680890046524,
    30.532069190541));
#4487 = CARTESIAN_POINT('',(49.465255830416,-5.207724393162,
    29.477387504629));
#4488 = CARTESIAN_POINT('',(49.58678170681,-5.44553251103,
    28.307763386564));
#4489 = CARTESIAN_POINT('',(49.707779503797,-5.381345444837,
    27.109375115539));
#4490 = CARTESIAN_POINT('',(49.829324545273,-5.01917507673,
    25.971035453358));
#4491 = CARTESIAN_POINT('',(49.951789419448,-4.380756467821,
    24.978398011001));
#4492 = CARTESIAN_POINT('',(50.175202548218,-2.858584442597,
    23.552753910987));
#4493 = CARTESIAN_POINT('',(50.277919955508,-2.01923022939,
    23.046291991967));
#4494 = CARTESIAN_POINT('',(50.380124885922,-1.079764236557,
    22.730507957502));
#4495 = CARTESIAN_POINT('',(50.482309289998,-9.276212117036E-02,
    22.621956449647));
#4496 = CARTESIAN_POINT('',(50.584405710405,0.891628955018,
    22.726104370018));
#4497 = CARTESIAN_POINT('',(50.686904183149,1.819684247859,
    23.036186490257));
#4498 = CARTESIAN_POINT('',(50.893513359743,3.4810679636,24.016052091184
    ));
#4499 = CARTESIAN_POINT('',(50.998085322062,4.215976216787,
    24.699114844134));
#4500 = CARTESIAN_POINT('',(51.102782652982,4.791131103033,
    25.534074443977));
#4501 = CARTESIAN_POINT('',(51.207533034805,5.168808080746,
    26.477613432153));
#4502 = CARTESIAN_POINT('',(51.31225146365,5.328824254447,
    27.479196725853));
#4503 = CARTESIAN_POINT('',(51.41684024946,5.268538374765,
    28.481071618024));
#4504 = CARTESIAN_POINT('',(51.624137160132,4.740729495823,
    30.342884411559));
#4505 = CARTESIAN_POINT('',(51.727429584209,4.277489291359,
    31.213297730261));
#4506 = CARTESIAN_POINT('',(51.830359243544,3.630961485634,
    31.973201899591));
#4507 = CARTESIAN_POINT('',(51.933099130509,2.832388009465,
    32.577022874336));
#4508 = CARTESIAN_POINT('',(52.036093115066,1.924613229619,
    32.991955397524));
#4509 = CARTESIAN_POINT('',(52.139446785312,0.960275714527,33.2));
#4510 = CARTESIAN_POINT('',(52.242318288013,1.7763568394E-14,33.2));
#4511 = ORIENTED_EDGE('',*,*,#4512,.F.);
#4512 = EDGE_CURVE('',#4513,#4476,#4515,.T.);
#4513 = VERTEX_POINT('',#4514);
#4514 = CARTESIAN_POINT('',(45.242309326898,1.273632671113E-15,33.2));
#4515 = B_SPLINE_CURVE_WITH_KNOTS('',8,(#4516,#4517,#4518,#4519,#4520,
    #4521,#4522,#4523,#4524,#4525,#4526,#4527,#4528,#4529,#4530,#4531,
    #4532,#4533,#4534,#4535,#4536,#4537,#4538,#4539,#4540,#4541,#4542,
    #4543,#4544,#4545,#4546,#4547,#4548,#4549,#4550,#4551,#4552,#4553,
    #4554,#4555,#4556,#4557,#4558,#4559),.UNSPECIFIED.,.F.,.F.,(9,7,7,7,
    7,7,9),(0.,0.150263495218,0.389548019802,0.585452583296,
    0.759015821935,0.898153190709,1.),.UNSPECIFIED.);
#4516 = CARTESIAN_POINT('',(45.242309326898,1.15463194561E-14,33.2));
#4517 = CARTESIAN_POINT('',(45.307860645569,-0.611938875797,33.2));
#4518 = CARTESIAN_POINT('',(45.373492769755,-1.225226098492,
    33.117403411282));
#4519 = CARTESIAN_POINT('',(45.4391713277,-1.825413283264,
    32.952407663707));
#4520 = CARTESIAN_POINT('',(45.50486841433,-2.399250375781,
    32.707446592141));
#4521 = CARTESIAN_POINT('',(45.570562591247,-2.934685652199,
    32.387190436456));
#4522 = CARTESIAN_POINT('',(45.636238886731,-3.420865719163,
    31.998545841529));
#4523 = CARTESIAN_POINT('',(45.70188879574,-3.848135513806,
    31.550655857243));
#4524 = CARTESIAN_POINT('',(45.872008086377,-4.781159326017,
    30.265441932351));
#4525 = CARTESIAN_POINT('',(45.977335265135,-5.189654859943,
    29.345949672226));
#4526 = CARTESIAN_POINT('',(46.082290671864,-5.390641791378,
    28.348911066392));
#4527 = CARTESIAN_POINT('',(46.186772163676,-5.372471921105,
    27.326674758189));
#4528 = CARTESIAN_POINT('',(46.291230689095,-5.137685352502,
    26.331702054343));
#4529 = CARTESIAN_POINT('',(46.396127834673,-4.697062264596,
    25.415379007215));
#4530 = CARTESIAN_POINT('',(46.501396828213,-4.074773070542,
    24.62538865098));
#4531 = CARTESIAN_POINT('',(46.691470489813,-2.710475058837,
    23.490977092029));
#4532 = CARTESIAN_POINT('',(46.777380780989,-2.00418239379,
    23.086100423364));
#4533 = CARTESIAN_POINT('',(46.863116645795,-1.230428804538,
    22.809739483116));
#4534 = CARTESIAN_POINT('',(46.948805033572,-0.416870127535,
    22.67322177727));
#4535 = CARTESIAN_POINT('',(47.034508890519,0.408236174781,
    22.681363068537));
#4536 = CARTESIAN_POINT('',(47.12029547326,1.216134315773,22.83412376417
    ));
#4537 = CARTESIAN_POINT('',(47.206284473518,1.977415406883,
    23.124735883196));
#4538 = CARTESIAN_POINT('',(47.367705135969,3.271563988242,
    23.896593965408));
#4539 = CARTESIAN_POINT('',(47.443710552682,3.824510427117,
    24.35460933578));
#4540 = CARTESIAN_POINT('',(47.519606492543,4.302522107283,
    24.897189177151));
#4541 = CARTESIAN_POINT('',(47.595428351486,4.691477929074,
    25.509212327733));
#4542 = CARTESIAN_POINT('',(47.671230774974,4.980360535853,
    26.174138071498));
#4543 = CARTESIAN_POINT('',(47.747081194025,5.161997933563,
    26.873595814809));
#4544 = CARTESIAN_POINT('',(47.823067343263,5.231880851835,
    27.588073790564));
#4545 = CARTESIAN_POINT('',(47.959848012753,5.159289990069,
    28.862845681596));
#4546 = CARTESIAN_POINT('',(48.02073452451,5.056034756728,
    29.426671708481));
#4547 = CARTESIAN_POINT('',(48.081643629068,4.882526525318,
    29.975927088851));
#4548 = CARTESIAN_POINT('',(48.14256743669,4.641147515111,30.50028929019
    ));
#4549 = CARTESIAN_POINT('',(48.203492988407,4.335959519671,
    30.990295139377));
#4550 = CARTESIAN_POINT('',(48.264402256021,3.972703906857,
    31.437340822684));
#4551 = CARTESIAN_POINT('',(48.325272142106,3.558801618819,
    31.833681885777));
#4552 = CARTESIAN_POINT('',(48.43058102894,2.769970619822,32.42039497279
    ));
#4553 = CARTESIAN_POINT('',(48.475122890644,2.413383179551,
    32.638132212423));
#4554 = CARTESIAN_POINT('',(48.519681973726,2.037384245534,
    32.822997761474));
#4555 = CARTESIAN_POINT('',(48.56424352035,1.645781698242,
    32.972893022258));
#4556 = CARTESIAN_POINT('',(48.608796106228,1.242397904267,
    33.086267990544));
#4557 = CARTESIAN_POINT('',(48.65333164062,0.831069716323,
    33.162121255563));
#4558 = CARTESIAN_POINT('',(48.697845366338,0.415648473248,33.2));
#4559 = CARTESIAN_POINT('',(48.742335859741,1.59872115546E-14,33.2));
#4560 = ORIENTED_EDGE('',*,*,#4561,.F.);
#4561 = EDGE_CURVE('',#4562,#4513,#4564,.T.);
#4562 = VERTEX_POINT('',#4563);
#4563 = CARTESIAN_POINT('',(41.742300624524,1.273632671113E-15,33.2));
#4564 = B_SPLINE_CURVE_WITH_KNOTS('',8,(#4565,#4566,#4567,#4568,#4569,
    #4570,#4571,#4572,#4573,#4574,#4575,#4576,#4577,#4578,#4579,#4580,
    #4581,#4582,#4583,#4584,#4585,#4586,#4587,#4588,#4589,#4590,#4591,
    #4592,#4593,#4594,#4595,#4596,#4597,#4598,#4599,#4600,#4601),
  .UNSPECIFIED.,.F.,.F.,(9,7,7,7,7,9),(0.,0.133658469731,0.322257790603,
    0.551637283341,0.81262713381,1.),.UNSPECIFIED.);
#4565 = CARTESIAN_POINT('',(41.742300624524,4.440892098501E-15,33.2));
#4566 = CARTESIAN_POINT('',(41.800650909618,-0.544700619438,33.2));
#4567 = CARTESIAN_POINT('',(41.85903688122,-1.090080028328,
    33.134721397281));
#4568 = CARTESIAN_POINT('',(41.917452586386,-1.626264556529,
    33.004153375205));
#4569 = CARTESIAN_POINT('',(41.975887647525,-2.144004659102,
    32.809778366302));
#4570 = CARTESIAN_POINT('',(42.034327262396,-2.634674916306,
    32.554572052272));
#4571 = CARTESIAN_POINT('',(42.092752204111,-3.090274033601,
    32.243003363984));
#4572 = CARTESIAN_POINT('',(42.151138821135,-3.503424841647,
    31.881034481478));
#4573 = CARTESIAN_POINT('',(42.291752012657,-4.380926636964,
    30.904765804333));
#4574 = CARTESIAN_POINT('',(42.374403312648,-4.800219288452,
    30.24418811792));
#4575 = CARTESIAN_POINT('',(42.456905504423,-5.103773229418,
    29.515675554455));
#4576 = CARTESIAN_POINT('',(42.539372211447,-5.28014072907,
    28.743612108799));
#4577 = CARTESIAN_POINT('',(42.621806394224,-5.323724531953,
    27.95308415383));
#4578 = CARTESIAN_POINT('',(42.704238910848,-5.233282729945,
    27.169597595474));
#4579 = CARTESIAN_POINT('',(42.78684877232,-5.013175820092,
    26.419292000299));
#4580 = CARTESIAN_POINT('',(42.969305681358,-4.269048133332,
    24.887315845789));
#4581 = CARTESIAN_POINT('',(43.070099907306,-3.685197113434,
    24.125048590066));
#4582 = CARTESIAN_POINT('',(43.170415094732,-2.94725677959,
    23.493406826428));
#4583 = CARTESIAN_POINT('',(43.270619160567,-2.091485512197,
    23.025147889606));
#4584 = CARTESIAN_POINT('',(43.370822036928,-1.158157732062,
    22.74124236209));
#4585 = CARTESIAN_POINT('',(43.471161210833,-0.190354374566,
    22.655607107138));
#4586 = CARTESIAN_POINT('',(43.5720380499,0.763631147383,22.772085992734
    ));
#4587 = CARTESIAN_POINT('',(43.786165439364,2.659140691837,
    23.406445926145));
#4588 = CARTESIAN_POINT('',(43.901567604953,3.601515020697,
    23.984574340729));
#4589 = CARTESIAN_POINT('',(44.015802073627,4.387860437848,
    24.781951461486));
#4590 = CARTESIAN_POINT('',(44.129924746124,4.968119434806,
    25.744724425105));
#4591 = CARTESIAN_POINT('',(44.244068159242,5.310945353534,
    26.81536040948));
#4592 = CARTESIAN_POINT('',(44.358315579673,5.393334856592,
    27.932245338187));
#4593 = CARTESIAN_POINT('',(44.473644561017,5.208376173774,
    29.021537503887));
#4594 = CARTESIAN_POINT('',(44.669328854883,4.504770897073,
    30.707368108875));
#4595 = CARTESIAN_POINT('',(44.7513543394,4.091625044821,31.364698306439
    ));
#4596 = CARTESIAN_POINT('',(44.833209429585,3.569329998313,
    31.947500844644));
#4597 = CARTESIAN_POINT('',(44.914973293372,2.954906512818,
    32.436117102869));
#4598 = CARTESIAN_POINT('',(44.996718583884,2.26740374526,
    32.814559926277));
#4599 = CARTESIAN_POINT('',(45.078523322955,1.528971310775,
    33.071779566521));
#4600 = CARTESIAN_POINT('',(45.160490552242,0.763799874615,33.2));
#4601 = CARTESIAN_POINT('',(45.242309326898,1.15463194561E-14,33.2));
#4602 = ORIENTED_EDGE('',*,*,#4603,.F.);
#4603 = EDGE_CURVE('',#4604,#4562,#4606,.T.);
#4604 = VERTEX_POINT('',#4605);
#4605 = CARTESIAN_POINT('',(38.242308169608,1.273632671113E-15,33.2));
#4606 = B_SPLINE_CURVE_WITH_KNOTS('',8,(#4607,#4608,#4609,#4610,#4611,
    #4612,#4613,#4614,#4615,#4616,#4617,#4618,#4619,#4620,#4621,#4622,
    #4623,#4624,#4625,#4626,#4627,#4628,#4629,#4630,#4631,#4632,#4633,
    #4634,#4635,#4636,#4637,#4638,#4639,#4640,#4641,#4642,#4643,#4644,
    #4645,#4646,#4647,#4648,#4649,#4650,#4651,#4652,#4653,#4654,#4655,
    #4656,#4657),.UNSPECIFIED.,.F.,.F.,(9,7,7,7,7,7,7,9),(0.,
    0.166237018931,0.254985464585,0.359933267914,0.494477934455,
    0.644983208447,0.845119254506,1.),.UNSPECIFIED.);
#4607 = CARTESIAN_POINT('',(38.242308169608,-1.06581410364E-14,33.2));
#4608 = CARTESIAN_POINT('',(38.315144205984,-0.679922889649,33.2));
#4609 = CARTESIAN_POINT('',(38.388042678195,-1.36044262691,
    33.098396918844));
#4610 = CARTESIAN_POINT('',(38.460880253429,-2.022655644148,
    32.894879044547));
#4611 = CARTESIAN_POINT('',(38.533697417473,-2.649250871793,
    32.593819757381));
#4612 = CARTESIAN_POINT('',(38.606545106001,-3.223948060665,
    32.202222648563));
#4613 = CARTESIAN_POINT('',(38.679438127655,-3.732203948793,
    31.730535425342));
#4614 = CARTESIAN_POINT('',(38.752398006557,-4.16096634029,
    31.191759381611));
#4615 = CARTESIAN_POINT('',(38.863962106769,-4.682490954726,
    30.290340799982));
#4616 = CARTESIAN_POINT('',(38.902784587695,-4.839067566353,
    29.962183844127));
#4617 = CARTESIAN_POINT('',(38.94162170724,-4.969303343941,
    29.621790892395));
#4618 = CARTESIAN_POINT('',(38.980483264797,-5.072094731315,
    29.271536276029));
#4619 = CARTESIAN_POINT('',(39.019366486183,-5.146633876131,
    28.913989102882));
#4620 = CARTESIAN_POINT('',(39.058256023628,-5.192408629874,
    28.551913257418));
#4621 = CARTESIAN_POINT('',(39.097123955784,-5.20920254786,
    28.188267400714));
#4622 = CARTESIAN_POINT('',(39.181818893587,-5.182777205507,
    27.398054860974));
#4623 = CARTESIAN_POINT('',(39.22769920194,-5.128215619594,
    26.971202887474));
#4624 = CARTESIAN_POINT('',(39.273596791229,-5.033432224839,
    26.550081936812));
#4625 = CARTESIAN_POINT('',(39.319523665053,-4.899077153396,
    26.139023034302));
#4626 = CARTESIAN_POINT('',(39.365477752155,-4.726428576233,
    25.742255343716));
#4627 = CARTESIAN_POINT('',(39.41144290643,-4.517392703129,
    25.363906167283));
#4628 = CARTESIAN_POINT('',(39.457388906919,-4.274503782675,
    25.008000945693));
#4629 = CARTESIAN_POINT('',(39.562093579992,-3.650190826263,
    24.255990972972));
#4630 = CARTESIAN_POINT('',(39.620878939408,-3.248622784001,
    23.876088116985));
#4631 = CARTESIAN_POINT('',(39.679628210496,-2.802388819591,
    23.545787637732));
#4632 = CARTESIAN_POINT('',(39.738366842495,-2.318539677652,
    23.27106107069));
#4633 = CARTESIAN_POINT('',(39.797126831875,-1.804937139154,
    23.05668938057));
#4634 = CARTESIAN_POINT('',(39.855928494761,-1.270183157243,
    22.906133802679));
#4635 = CARTESIAN_POINT('',(39.914762239356,-0.723548993077,
    22.821406684271));
#4636 = CARTESIAN_POINT('',(40.039354655816,0.438824265053,
    22.782287599235));
#4637 = CARTESIAN_POINT('',(40.105154445891,1.056141772235,
    22.844581575706));
#4638 = CARTESIAN_POINT('',(40.1709756349,1.662812974837,22.990134617798
    ));
#4639 = CARTESIAN_POINT('',(40.236815986968,2.245630053906,
    23.216928226223));
#4640 = CARTESIAN_POINT('',(40.302665104036,2.792412566595,
    23.520615039941));
#4641 = CARTESIAN_POINT('',(40.368504425859,3.292007446164,
    23.894518836154));
#4642 = CARTESIAN_POINT('',(40.434307230008,3.734289001976,
    24.329634530312));
#4643 = CARTESIAN_POINT('',(40.587445687596,4.609976082913,
    25.459553819296));
#4644 = CARTESIAN_POINT('',(40.675268431438,4.99659991709,
    26.197438613127));
#4645 = CARTESIAN_POINT('',(40.762956262411,5.245773842805,
    27.00029616902));
#4646 = CARTESIAN_POINT('',(40.85043935551,5.346813598274,
    27.838073750134));
#4647 = CARTESIAN_POINT('',(40.937891500642,5.296466855859,
    28.680048733401));
#4648 = CARTESIAN_POINT('',(41.025504371315,5.096648516154,
    29.49576931496));
#4649 = CARTESIAN_POINT('',(41.113273223094,4.756051679434,
    30.255539458997));
#4650 = CARTESIAN_POINT('',(41.268524382336,3.939327725904,
    31.452744567631));
#4651 = CARTESIAN_POINT('',(41.33629150599,3.510247333538,
    31.925812115213));
#4652 = CARTESIAN_POINT('',(41.403977119565,3.016920017594,
    32.336891427244));
#4653 = CARTESIAN_POINT('',(41.471605311354,2.470078160767,
    32.676288717057));
#4654 = CARTESIAN_POINT('',(41.539225907914,1.881531518987,
    32.936585050141));
#4655 = CARTESIAN_POINT('',(41.606888160155,1.264090333282,
    33.112258634453));
#4656 = CARTESIAN_POINT('',(41.674616561956,0.631831545423,33.2));
#4657 = CARTESIAN_POINT('',(41.742300624524,4.440892098501E-15,33.2));
#4658 = ORIENTED_EDGE('',*,*,#4659,.F.);
#4659 = EDGE_CURVE('',#4660,#4604,#4662,.T.);
#4660 = VERTEX_POINT('',#4661);
#4661 = CARTESIAN_POINT('',(34.742306162921,1.273632671113E-15,33.2));
#4662 = B_SPLINE_CURVE_WITH_KNOTS('',8,(#4663,#4664,#4665,#4666,#4667,
    #4668,#4669,#4670,#4671,#4672,#4673,#4674,#4675,#4676,#4677,#4678,
    #4679,#4680,#4681,#4682,#4683,#4684,#4685,#4686,#4687,#4688,#4689,
    #4690,#4691,#4692,#4693,#4694,#4695,#4696,#4697,#4698,#4699,#4700,
    #4701,#4702,#4703,#4704,#4705,#4706),.UNSPECIFIED.,.F.,.F.,(9,7,7,7,
    7,7,9),(0.,9.268949694243E-02,0.286892071409,0.462961182451,
    0.67148569068,0.835772424109,1.),.UNSPECIFIED.);
#4663 = CARTESIAN_POINT('',(34.742306162921,-2.13162820728E-14,33.2));
#4664 = CARTESIAN_POINT('',(34.782773584055,-0.377766026796,33.2));
#4665 = CARTESIAN_POINT('',(34.823261992206,-0.755801610626,
    33.168645722769));
#4666 = CARTESIAN_POINT('',(34.863769469521,-1.130908334672,
    33.105856621279));
#4667 = CARTESIAN_POINT('',(34.904290259583,-1.499972273805,
    33.011946482674));
#4668 = CARTESIAN_POINT('',(34.944814767414,-1.859963994577,
    32.887623428268));
#4669 = CARTESIAN_POINT('',(34.985329559468,-2.207938555229,
    32.733989913548));
#4670 = CARTESIAN_POINT('',(35.025817363639,-2.541035505685,
    32.552542728174));
#4671 = CARTESIAN_POINT('',(35.150986139975,-3.517394297384,
    31.910692961144));
#4672 = CARTESIAN_POINT('',(35.236031211254,-4.105378404908,
    31.359525830207));
#4673 = CARTESIAN_POINT('',(35.32096768185,-4.592197352393,
    30.708475541458));
#4674 = CARTESIAN_POINT('',(35.405756583351,-4.959658204683,
    29.97963789626));
#4675 = CARTESIAN_POINT('',(35.490554718503,-5.195172834089,
    29.198017607093));
#4676 = CARTESIAN_POINT('',(35.575518263362,-5.290470791036,
    28.390401714091));
#4677 = CARTESIAN_POINT('',(35.660599833265,-5.243461160468,
    27.585489370047));
#4678 = CARTESIAN_POINT('',(35.822165759238,-4.899853293146,
    26.116984304018));
#4679 = CARTESIAN_POINT('',(35.899244768264,-4.625800019574,
    25.442074069867));
#4680 = CARTESIAN_POINT('',(35.976255082023,-4.245536046557,
    24.814405153567));
#4681 = CARTESIAN_POINT('',(36.053145329365,-3.769373845677,
    24.253083993381));
#4682 = CARTESIAN_POINT('',(36.129998443575,-3.21103637163,
    23.774004036439));
#4683 = CARTESIAN_POINT('',(36.206914934567,-2.586485304789,
    23.390342963328));
#4684 = CARTESIAN_POINT('',(36.283914715353,-1.914027061525,
    23.112018704587));
#4685 = CARTESIAN_POINT('',(36.451983363129,-0.388640531704,
    22.74523757082));
#4686 = CARTESIAN_POINT('',(36.543586083214,0.479801430718,
    22.699978917419));
#4687 = CARTESIAN_POINT('',(36.634861176525,1.349882205628,
    22.820780641807));
#4688 = CARTESIAN_POINT('',(36.726104904901,2.185575869773,
    23.102672995345));
#4689 = CARTESIAN_POINT('',(36.817398529313,2.953612626269,
    23.53657994375));
#4690 = CARTESIAN_POINT('',(36.908705194922,3.624680726591,
    24.103315604153));
#4691 = CARTESIAN_POINT('',(37.000369399888,4.171389978887,
    24.780609166766));
#4692 = CARTESIAN_POINT('',(37.163434237168,4.894509442647,
    26.12016580399));
#4693 = CARTESIAN_POINT('',(37.235355781178,5.126488807971,
    26.758966901731));
#4694 = CARTESIAN_POINT('',(37.307316867284,5.263124161772,
    27.429259334048));
#4695 = CARTESIAN_POINT('',(37.379295732848,5.299354749104,
    28.114137282823));
#4696 = CARTESIAN_POINT('',(37.451273071107,5.233725375905,
    28.796796438851));
#4697 = CARTESIAN_POINT('',(37.523232031173,5.068386408998,
    29.460534001833));
#4698 = CARTESIAN_POINT('',(37.595158218029,4.809093776091,
    30.088748680381));
#4699 = CARTESIAN_POINT('',(37.738895283446,4.121447983957,
    31.240925224317));
#4700 = CARTESIAN_POINT('',(37.810819682201,3.691557750365,
    31.767360018175));
#4701 = CARTESIAN_POINT('',(37.882779971327,3.185822018314,
    32.228019963045));
#4702 = CARTESIAN_POINT('',(37.95474809776,2.616247509017,
    32.609868261476));
#4703 = CARTESIAN_POINT('',(38.026700872845,1.996563911581,
    32.903056429108));
#4704 = CARTESIAN_POINT('',(38.098619972337,1.342223883014,
    33.100924294675));
#4705 = CARTESIAN_POINT('',(38.170491936401,0.670403048219,33.2));
#4706 = CARTESIAN_POINT('',(38.242308169608,-1.06581410364E-14,33.2));
#4707 = ORIENTED_EDGE('',*,*,#4708,.F.);
#4708 = EDGE_CURVE('',#4709,#4660,#4711,.T.);
#4709 = VERTEX_POINT('',#4710);
#4710 = CARTESIAN_POINT('',(31.242301359729,1.273632671113E-15,33.2));
#4711 = B_SPLINE_CURVE_WITH_KNOTS('',8,(#4712,#4713,#4714,#4715,#4716,
    #4717,#4718,#4719,#4720,#4721,#4722,#4723,#4724,#4725,#4726,#4727,
    #4728,#4729,#4730,#4731,#4732,#4733,#4734,#4735,#4736,#4737,#4738,
    #4739,#4740,#4741,#4742,#4743,#4744,#4745,#4746,#4747,#4748,#4749,
    #4750,#4751,#4752,#4753,#4754,#4755),.UNSPECIFIED.,.F.,.F.,(9,7,7,7,
    7,7,9),(0.,0.267026334322,0.424732687653,0.584927119933,
    0.705481024555,0.855702201405,1.),.UNSPECIFIED.);
#4712 = CARTESIAN_POINT('',(31.242301359729,-3.552713678801E-15,33.2));
#4713 = CARTESIAN_POINT('',(31.358905990262,-1.088502546805,33.2));
#4714 = CARTESIAN_POINT('',(31.477016219129,-2.191236447753,
    32.939506981619));
#4715 = CARTESIAN_POINT('',(31.593918640334,-3.208451344083,
    32.407464902198));
#4716 = CARTESIAN_POINT('',(31.710742371488,-4.077481489318,
    31.647979205035));
#4717 = CARTESIAN_POINT('',(31.827591178566,-4.7360202321,
    30.699881297116));
#4718 = CARTESIAN_POINT('',(31.944471858896,-5.152000394574,
    29.630245228826));
#4719 = CARTESIAN_POINT('',(32.062605202916,-5.288771632879,
    28.505118821593));
#4720 = CARTESIAN_POINT('',(32.248185598837,-5.096441350257,
    26.783421694703));
#4721 = CARTESIAN_POINT('',(32.317113631564,-4.934342647393,
    26.153294562933));
#4722 = CARTESIAN_POINT('',(32.386068440438,-4.683634788352,
    25.54866629182));
#4723 = CARTESIAN_POINT('',(32.455047140153,-4.34894534482,
    24.984202329389));
#4724 = CARTESIAN_POINT('',(32.524037858378,-3.937453554086,
    24.472886314617));
#4725 = CARTESIAN_POINT('',(32.593019735757,-3.458890319037,
    24.026020077425));
#4726 = CARTESIAN_POINT('',(32.66196292591,-2.925538208163,
    23.653223638684));
#4727 = CARTESIAN_POINT('',(32.800780734955,-1.769879839299,
    23.067059112615));
#4728 = CARTESIAN_POINT('',(32.870780096979,-1.143885845477,
    22.855051172599));
#4729 = CARTESIAN_POINT('',(32.940800688654,-0.490052844249,
    22.733878050311));
#4730 = CARTESIAN_POINT('',(33.010823111351,0.175976229621,
    22.707819154963));
#4731 = CARTESIAN_POINT('',(33.08083456066,0.838718876762,
    22.777966644829));
#4732 = CARTESIAN_POINT('',(33.150828826391,1.4828530332,22.942225427246
    ));
#4733 = CARTESIAN_POINT('',(33.22080629257,2.093217070353,
    23.195313158612));
#4734 = CARTESIAN_POINT('',(33.34342790717,3.077434943769,
    23.779694984148));
#4735 = CARTESIAN_POINT('',(33.396090927315,3.473049637441,
    24.076340794385));
#4736 = CARTESIAN_POINT('',(33.448781950247,3.835791644502,
    24.415264338179));
#4737 = CARTESIAN_POINT('',(33.501414438951,4.160531368187,
    24.792229057948));
#4738 = CARTESIAN_POINT('',(33.554137248092,4.44271945408,
    25.202311025812));
#4739 = CARTESIAN_POINT('',(33.606863677577,4.67852946356,
    25.639926579094));
#4740 = CARTESIAN_POINT('',(33.659607833768,4.864848328427,
    26.098728494769));
#4741 = CARTESIAN_POINT('',(33.777877523819,5.168161010603,
    27.160221692816));
#4742 = CARTESIAN_POINT('',(33.843561983834,5.257252668708,
    27.773044543916));
#4743 = CARTESIAN_POINT('',(33.909287322642,5.263379966796,
    28.395885638876));
#4744 = CARTESIAN_POINT('',(33.975029112019,5.18524712384,
    29.015351837943));
#4745 = CARTESIAN_POINT('',(34.040768165996,5.024046139587,
    29.618564009891));
#4746 = CARTESIAN_POINT('',(34.106490540864,4.783456794561,
    30.193157032016));
#4747 = CARTESIAN_POINT('',(34.172187535173,4.469646650057,
    30.727279790142));
#4748 = CARTESIAN_POINT('',(34.300934480212,3.727815192305,
    31.672892366434));
#4749 = CARTESIAN_POINT('',(34.363957411695,3.304492074127,
    32.08914385045));
#4750 = CARTESIAN_POINT('',(34.426978099045,2.828723794394,
    32.449011169787));
#4751 = CARTESIAN_POINT('',(34.49002703954,2.309032761035,
    32.744931018343));
#4752 = CARTESIAN_POINT('',(34.553111612869,1.755041689123,
    32.971115244797));
#4753 = CARTESIAN_POINT('',(34.616216081132,1.177473600878,
    33.123550852604));
#4754 = CARTESIAN_POINT('',(34.679301588842,0.588151825666,33.2));
#4755 = CARTESIAN_POINT('',(34.742306162921,-2.13162820728E-14,33.2));
#4756 = ORIENTED_EDGE('',*,*,#4757,.F.);
#4757 = EDGE_CURVE('',#4758,#4709,#4760,.T.);
#4758 = VERTEX_POINT('',#4759);
#4759 = CARTESIAN_POINT('',(27.742310820469,1.273632671113E-15,33.2));
#4760 = B_SPLINE_CURVE_WITH_KNOTS('',7,(#4761,#4762,#4763,#4764,#4765,
    #4766,#4767,#4768,#4769,#4770,#4771,#4772,#4773,#4774,#4775,#4776,
    #4777,#4778,#4779,#4780,#4781,#4782,#4783,#4784,#4785,#4786,#4787,
    #4788,#4789,#4790,#4791,#4792),.UNSPECIFIED.,.F.,.F.,(8,6,6,6,6,8),(
    0.,0.145038624824,0.406553431384,0.587829405992,0.828168648508,1.),
  .UNSPECIFIED.);
#4761 = CARTESIAN_POINT('',(27.742310820469,-1.7763568394E-14,33.2));
#4762 = CARTESIAN_POINT('',(27.81461742093,-0.674965901982,33.2));
#4763 = CARTESIAN_POINT('',(27.886909363826,-1.350426829094,
    33.097676233719));
#4764 = CARTESIAN_POINT('',(27.959213144974,-2.006579561091,
    32.893321629896));
#4765 = CARTESIAN_POINT('',(28.031540348289,-2.62532414666,
    32.591082160611));
#4766 = CARTESIAN_POINT('',(28.103887645783,-3.190263903423,
    32.198956841291));
#4767 = CARTESIAN_POINT('',(28.176236797566,-3.686705417931,
    31.728797730703));
#4768 = CARTESIAN_POINT('',(28.378948811997,-4.849848119748,
    30.236197105047));
#4769 = CARTESIAN_POINT('',(28.51118142944,-5.345866403582,
    29.058084873913));
#4770 = CARTESIAN_POINT('',(28.64136429642,-5.490822025323,
    27.76781383447));
#4771 = CARTESIAN_POINT('',(28.772392045799,-5.282560777681,
    26.48471102341));
#4772 = CARTESIAN_POINT('',(28.902559599937,-4.737521408184,
    25.30658579558));
#4773 = CARTESIAN_POINT('',(29.034820128041,-3.894369203767,
    24.345317319901));
#4774 = CARTESIAN_POINT('',(29.255683963523,-2.177827434225,
    23.203172686982));
#4775 = CARTESIAN_POINT('',(29.346481735235,-1.383579537124,
    22.866736564521));
#4776 = CARTESIAN_POINT('',(29.437043354304,-0.531589146216,
    22.686553686862));
#4777 = CARTESIAN_POINT('',(29.527599432082,0.340994269547,
    22.671064050266));
#4778 = CARTESIAN_POINT('',(29.618129558439,1.198391503533,
    22.820489440734));
#4779 = CARTESIAN_POINT('',(29.708910767518,2.004140552231,
    23.127903729217));
#4780 = CARTESIAN_POINT('',(29.919429067164,3.678108077597,
    24.157290641492));
#4781 = CARTESIAN_POINT('',(30.040307093906,4.489894571124,
    24.989978680108));
#4782 = CARTESIAN_POINT('',(30.160491982847,5.076958908765,
    26.014714591869));
#4783 = CARTESIAN_POINT('',(30.280243926966,5.386068623927,
    27.159478890796));
#4784 = CARTESIAN_POINT('',(30.400432327285,5.394670111196,
    28.340508655316));
#4785 = CARTESIAN_POINT('',(30.521318345821,5.112526518946,
    29.468729289369));
#4786 = CARTESIAN_POINT('',(30.727145527695,4.20502313989,
    31.162171989695));
#4787 = CARTESIAN_POINT('',(30.813167150958,3.698538344795,
    31.80166374947));
#4788 = CARTESIAN_POINT('',(30.899029802883,3.080477322484,
    32.344470424196));
#4789 = CARTESIAN_POINT('',(30.984761066928,2.373084108886,
    32.767657079171));
#4790 = CARTESIAN_POINT('',(31.070543747829,1.603205413311,
    33.055593048506));
#4791 = CARTESIAN_POINT('',(31.156470983965,0.801225321723,33.2));
#4792 = CARTESIAN_POINT('',(31.242301359729,-3.552713678801E-15,33.2));
#4793 = ORIENTED_EDGE('',*,*,#4794,.F.);
#4794 = EDGE_CURVE('',#4795,#4758,#4797,.T.);
#4795 = VERTEX_POINT('',#4796);
#4796 = CARTESIAN_POINT('',(24.242307692245,1.273632671113E-15,33.2));
#4797 = B_SPLINE_CURVE_WITH_KNOTS('',7,(#4798,#4799,#4800,#4801,#4802,
    #4803,#4804,#4805,#4806,#4807,#4808,#4809,#4810,#4811,#4812,#4813,
    #4814,#4815,#4816,#4817,#4818,#4819,#4820,#4821,#4822,#4823,#4824,
    #4825,#4826,#4827,#4828,#4829),.UNSPECIFIED.,.F.,.F.,(8,6,6,6,6,8),(
    0.,6.749607360289E-02,0.29924145606,0.532912594858,0.727415317248,1.
    ),.UNSPECIFIED.);
#4798 = CARTESIAN_POINT('',(24.242307692245,2.13162820728E-14,33.2));
#4799 = CARTESIAN_POINT('',(24.275902505262,-0.313612947126,33.2));
#4800 = CARTESIAN_POINT('',(24.309494465861,-0.62724484044,
    33.17793313975));
#4801 = CARTESIAN_POINT('',(24.343089804136,-0.93903010486,
    33.133798487944));
#4802 = CARTESIAN_POINT('',(24.376693035776,-1.247135731776,
    33.067780575725));
#4803 = CARTESIAN_POINT('',(24.410306962068,-1.549761279043,
    32.98024939668));
#4804 = CARTESIAN_POINT('',(24.443932669896,-1.845138870986,
    32.87176040684));
#4805 = CARTESIAN_POINT('',(24.593060507694,-3.114857996378,
    32.301147428572));
#4806 = CARTESIAN_POINT('',(24.709505336049,-3.999989100718,
    31.617088723292));
#4807 = CARTESIAN_POINT('',(24.82529464648,-4.697444913397,
    30.724734626006));
#4808 = CARTESIAN_POINT('',(24.940655094669,-5.162158895979,
    29.686179924514));
#4809 = CARTESIAN_POINT('',(25.056449176311,-5.362595247299,
    28.571599998918));
#4810 = CARTESIAN_POINT('',(25.172933814307,-5.282661095819,
    27.455178547341));
#4811 = CARTESIAN_POINT('',(25.404981770042,-4.627458281423,
    25.390520537964));
#4812 = CARTESIAN_POINT('',(25.52248759573,-4.04254280743,
    24.425404118246));
#4813 = CARTESIAN_POINT('',(25.638893829414,-3.224815093597,
    23.626140272547));
#4814 = CARTESIAN_POINT('',(25.755573130497,-2.235984994851,
    23.047388692872));
#4815 = CARTESIAN_POINT('',(25.871946859079,-1.139385133426,
    22.725694807262));
#4816 = CARTESIAN_POINT('',(25.989361131264,-1.233450854053E-02,
    22.687528981454));
#4817 = CARTESIAN_POINT('',(26.202810093088,1.938996650929,
    23.090866552913));
#4818 = CARTESIAN_POINT('',(26.300210123266,2.792478265977,
    23.45504968952));
#4819 = CARTESIAN_POINT('',(26.397372975328,3.560918591792,
    23.992157975771));
#4820 = CARTESIAN_POINT('',(26.494364293769,4.206585388429,
    24.676134985512));
#4821 = CARTESIAN_POINT('',(26.591532694949,4.698416061411,
    25.474129862974));
#4822 = CARTESIAN_POINT('',(26.688993386908,5.013074803355,
    26.347723508315));
#4823 = CARTESIAN_POINT('',(26.92207837766,5.329343266796,
    28.500456885035));
#4824 = CARTESIAN_POINT('',(27.060177840197,5.158180171156,
    29.828578331778));
#4825 = CARTESIAN_POINT('',(27.195762998855,4.592341209244,
    31.066425499834));
#4826 = CARTESIAN_POINT('',(27.33254664341,3.702312965969,
    32.097548766947));
#4827 = CARTESIAN_POINT('',(27.468108240089,2.559001330481,
    32.837902346119));
#4828 = CARTESIAN_POINT('',(27.60634007267,1.269256441966,33.2));
#4829 = CARTESIAN_POINT('',(27.742310820469,-1.7763568394E-14,33.2));
#4830 = ORIENTED_EDGE('',*,*,#4831,.F.);
#4831 = EDGE_CURVE('',#4832,#4795,#4834,.T.);
#4832 = VERTEX_POINT('',#4833);
#4833 = CARTESIAN_POINT('',(20.742309375177,1.273632671113E-15,33.2));
#4834 = B_SPLINE_CURVE_WITH_KNOTS('',7,(#4835,#4836,#4837,#4838,#4839,
    #4840,#4841,#4842,#4843,#4844,#4845,#4846,#4847,#4848,#4849,#4850,
    #4851,#4852,#4853,#4854,#4855,#4856,#4857,#4858,#4859,#4860,#4861,
    #4862,#4863,#4864,#4865,#4866,#4867,#4868,#4869,#4870,#4871,#4872,
    #4873,#4874,#4875,#4876,#4877,#4878),.UNSPECIFIED.,.F.,.F.,(8,6,6,6,
    6,6,6,8),(0.,0.117622631749,0.209954156548,0.358375990021,
    0.4764793304,0.582852414805,0.828001112847,1.),.UNSPECIFIED.);
#4835 = CARTESIAN_POINT('',(20.742309375176,-1.24344978758E-14,33.2));
#4836 = CARTESIAN_POINT('',(20.801051127413,-0.548369629249,33.2));
#4837 = CARTESIAN_POINT('',(20.859918746014,-1.097927745491,
    33.132532060665));
#4838 = CARTESIAN_POINT('',(20.918784310238,-1.63750820818,
    32.997077531526));
#4839 = CARTESIAN_POINT('',(20.977632345266,-2.156812236092,
    32.79580967252));
#4840 = CARTESIAN_POINT('',(21.036466250354,-2.646431216394,
    32.532507437718));
#4841 = CARTESIAN_POINT('',(21.095286284796,-3.097662228441,
    32.212506414095));
#4842 = CARTESIAN_POINT('',(21.200141970723,-3.821087114362,
    31.553110808636));
#4843 = CARTESIAN_POINT('',(21.246252886844,-4.111306035679,
    31.232358248375));
#4844 = CARTESIAN_POINT('',(21.292376027332,-4.369930691438,
    30.884092199291));
#4845 = CARTESIAN_POINT('',(21.338514297689,-4.593877892722,
    30.512024272461));
#4846 = CARTESIAN_POINT('',(21.384659822986,-4.78065393688,
    30.12032097808));
#4847 = CARTESIAN_POINT('',(21.43079394786,-4.928354607535,
    29.713603725459));
#4848 = CARTESIAN_POINT('',(21.550981652555,-5.208165641194,
    28.627180998022));
#4849 = CARTESIAN_POINT('',(21.625188569424,-5.276550926523,
    27.928852774689));
#4850 = CARTESIAN_POINT('',(21.699402852767,-5.236011712422,
    27.224004537663));
#4851 = CARTESIAN_POINT('',(21.773570087851,-5.086180077951,
    26.533267198327));
#4852 = CARTESIAN_POINT('',(21.847686579563,-4.83112949937,
    25.875862194807));
#4853 = CARTESIAN_POINT('',(21.921799352407,-4.479374850139,
    25.269601491977));
#4854 = CARTESIAN_POINT('',(22.055054543382,-3.697331108492,
    24.302218086863));
#4855 = CARTESIAN_POINT('',(22.114008244379,-3.298278921493,
    23.916925809611));
#4856 = CARTESIAN_POINT('',(22.172933232724,-2.853127144303,
    23.58258309787));
#4857 = CARTESIAN_POINT('',(22.231872721163,-2.369322270944,
    23.305392869402));
#4858 = CARTESIAN_POINT('',(22.290847155953,-1.855345985074,
    23.090188611557));
#4859 = CARTESIAN_POINT('',(22.349854216869,-1.32071515999,
    22.940434381273));
#4860 = CARTESIAN_POINT('',(22.462021971397,-0.285352539776,
    22.784180445632));
#4861 = CARTESIAN_POINT('',(22.515082739578,0.2127640336,22.76479576287)
  );
#4862 = CARTESIAN_POINT('',(22.568114032373,0.711384891613,
    22.800964284518));
#4863 = CARTESIAN_POINT('',(22.621157531966,1.20353538551,
    22.892474301965));
#4864 = CARTESIAN_POINT('',(22.674233692092,1.682249187668,
    23.03800887027));
#4865 = CARTESIAN_POINT('',(22.727341738039,2.140568291592,
    23.235145808157));
#4866 = CARTESIAN_POINT('',(22.90287588795,3.564772569648,
    24.045475987866));
#4867 = CARTESIAN_POINT('',(23.026540608365,4.424215951671,
    24.872232921674));
#4868 = CARTESIAN_POINT('',(23.149357606691,5.04357393775,25.90925899339
    ));
#4869 = CARTESIAN_POINT('',(23.271555516226,5.380935170257,
    27.075356849436));
#4870 = CARTESIAN_POINT('',(23.39429854948,5.410770711084,
    28.282287886341));
#4871 = CARTESIAN_POINT('',(23.518022585591,5.125565669338,
    29.44070178394));
#4872 = CARTESIAN_POINT('',(23.726425682514,4.20928627231,31.15678815278
    ));
#4873 = CARTESIAN_POINT('',(23.812551744654,3.703168926442,
    31.798097221406));
#4874 = CARTESIAN_POINT('',(23.8985263301,3.08442173613,32.34176474079)
  );
#4875 = CARTESIAN_POINT('',(23.984410601151,2.376013096924,
    32.766445494424));
#4876 = CARTESIAN_POINT('',(24.07038884537,1.604870049989,
    33.055979044353));
#4877 = CARTESIAN_POINT('',(24.156488639667,0.801134567575,33.2));
#4878 = CARTESIAN_POINT('',(24.242307692245,2.13162820728E-14,33.2));
#4879 = ORIENTED_EDGE('',*,*,#4880,.F.);
#4880 = EDGE_CURVE('',#4881,#4832,#4883,.T.);
#4881 = VERTEX_POINT('',#4882);
#4882 = CARTESIAN_POINT('',(17.242300625629,1.273632671113E-15,33.2));
#4883 = B_SPLINE_CURVE_WITH_KNOTS('',7,(#4884,#4885,#4886,#4887,#4888,
    #4889,#4890,#4891,#4892,#4893,#4894,#4895,#4896,#4897,#4898,#4899,
    #4900,#4901,#4902,#4903,#4904,#4905,#4906,#4907,#4908,#4909,#4910,
    #4911,#4912,#4913,#4914,#4915),.UNSPECIFIED.,.F.,.F.,(8,6,6,6,6,8),(
    0.,0.171410906054,0.427370015648,0.7054335769,0.817043794025,1.),
  .UNSPECIFIED.);
#4884 = CARTESIAN_POINT('',(17.242300625629,4.440892098501E-15,33.2));
#4885 = CARTESIAN_POINT('',(17.327746420667,-0.797637509744,33.2));
#4886 = CARTESIAN_POINT('',(17.413266214325,-1.597395367607,
    33.056767522553));
#4887 = CARTESIAN_POINT('',(17.498849609302,-2.36497643369,
    32.770958104377));
#4888 = CARTESIAN_POINT('',(17.584472847161,-3.070265500029,
    32.350615330252));
#4889 = CARTESIAN_POINT('',(17.670098808322,-3.687329290601,
    31.811170833023));
#4890 = CARTESIAN_POINT('',(17.755677012066,-4.194416461323,
    31.175444293598));
#4891 = CARTESIAN_POINT('',(17.968766511032,-5.140706905323,
    29.425680242508));
#4892 = CARTESIAN_POINT('',(18.097932546507,-5.433941978838,
    28.211721816695));
#4893 = CARTESIAN_POINT('',(18.225823492493,-5.38101788916,
    26.949022034302));
#4894 = CARTESIAN_POINT('',(18.353077022392,-4.994296870207,
    25.737937492634));
#4895 = CARTESIAN_POINT('',(18.481149431124,-4.305308954242,
    24.677588227358));
#4896 = CARTESIAN_POINT('',(18.610246455883,-3.362683417856,
    23.858650693663));
#4897 = CARTESIAN_POINT('',(18.876415297125,-1.132715039336,
    22.762544950641));
#4898 = CARTESIAN_POINT('',(19.017510170421,0.215178200013,
    22.519471676741));
#4899 = CARTESIAN_POINT('',(19.155627283013,1.595464608275,
    22.699657351839));
#4900 = CARTESIAN_POINT('',(19.295229109049,2.867638336973,
    23.265594489402));
#4901 = CARTESIAN_POINT('',(19.433313242683,3.925852741289,
    24.169770916751));
#4902 = CARTESIAN_POINT('',(19.574428011248,4.648087067107,
    25.333628919864));
#4903 = CARTESIAN_POINT('',(19.768676204792,5.143863435887,
    27.077825744319));
#4904 = CARTESIAN_POINT('',(19.824379197394,5.227741528849,
    27.594752692483));
#4905 = CARTESIAN_POINT('',(19.880104618717,5.250993437482,
    28.120055057173));
#4906 = CARTESIAN_POINT('',(19.935823162451,5.212665939797,
    28.644998671174));
#4907 = CARTESIAN_POINT('',(19.991520285281,5.113356787924,
    29.161094532872));
#4908 = CARTESIAN_POINT('',(20.04719620689,4.955214708113,
    29.660098806251));
#4909 = CARTESIAN_POINT('',(20.194122050497,4.392329462944,
    30.910872792246));
#4910 = CARTESIAN_POINT('',(20.285482092283,3.892084290005,
    31.623199515544));
#4911 = CARTESIAN_POINT('',(20.376896989972,3.260164092745,
    32.232715440399));
#4912 = CARTESIAN_POINT('',(20.468322988003,2.521388016932,
    32.710368155057));
#4913 = CARTESIAN_POINT('',(20.55972162059,1.706434143277,
    33.036330386412));
#4914 = CARTESIAN_POINT('',(20.651059711725,0.851839487435,33.2));
#4915 = CARTESIAN_POINT('',(20.742309375176,-1.24344978758E-14,33.2));
#4916 = ORIENTED_EDGE('',*,*,#4917,.F.);
#4917 = EDGE_CURVE('',#4918,#4881,#4920,.T.);
#4918 = VERTEX_POINT('',#4919);
#4919 = CARTESIAN_POINT('',(13.742308169608,1.273632671113E-15,33.2));
#4920 = B_SPLINE_CURVE_WITH_KNOTS('',7,(#4921,#4922,#4923,#4924,#4925,
    #4926,#4927,#4928,#4929,#4930,#4931,#4932,#4933,#4934,#4935,#4936,
    #4937,#4938,#4939,#4940,#4941,#4942,#4943,#4944,#4945,#4946,#4947,
    #4948,#4949,#4950,#4951,#4952),.UNSPECIFIED.,.F.,.F.,(8,6,6,6,6,8),(
    0.,9.940496121953E-02,0.369217018707,0.655677209228,0.834246148883,
    1.),.UNSPECIFIED.);
#4921 = CARTESIAN_POINT('',(13.742308169608,1.24344978758E-14,33.2));
#4922 = CARTESIAN_POINT('',(13.79192637053,-0.463184877004,33.2));
#4923 = CARTESIAN_POINT('',(13.841464883061,-0.92570202782,
    33.151914850399));
#4924 = CARTESIAN_POINT('',(13.890971840475,-1.381833034445,
    33.055897190414));
#4925 = CARTESIAN_POINT('',(13.940480487659,-1.825982939549,
    32.912919432679));
#4926 = CARTESIAN_POINT('',(13.990009181124,-2.252680246469,
    32.724773763243));
#4927 = CARTESIAN_POINT('',(14.039561388997,-2.656576919214,
    32.494072141573));
#4928 = CARTESIAN_POINT('',(14.223656665568,-4.052665599036,
    31.491865698653));
#4929 = CARTESIAN_POINT('',(14.360351568132,-4.8823152989,
    30.459805688633));
#4930 = CARTESIAN_POINT('',(14.494476002086,-5.380157786107,
    29.210914100602));
#4931 = CARTESIAN_POINT('',(14.629732393423,-5.513538166625,
    27.872533084581));
#4932 = CARTESIAN_POINT('',(14.763847943556,-5.270942088463,
    26.54939394374));
#4933 = CARTESIAN_POINT('',(14.900525793559,-4.660857701134,
    25.374733630058));
#4934 = CARTESIAN_POINT('',(15.177755777835,-2.897158683056,
    23.480870869536));
#4935 = CARTESIAN_POINT('',(15.323350036032,-1.678375109201,
    22.75824876382));
#4936 = CARTESIAN_POINT('',(15.465589486725,-0.270879105382,
    22.450786824552));
#4937 = CARTESIAN_POINT('',(15.609355950421,1.162586657552,
    22.566906844958));
#4938 = CARTESIAN_POINT('',(15.751490381841,2.502635711415,
    23.097614302254));
#4939 = CARTESIAN_POINT('',(15.897238700664,3.589180841197,
    24.008251173729));
#4940 = CARTESIAN_POINT('',(16.129012905606,4.788499481889,
    25.80899492045));
#4941 = CARTESIAN_POINT('',(16.218097547212,5.12100618947,
    26.588923334685));
#4942 = CARTESIAN_POINT('',(16.307245927935,5.30456842191,
    27.424016881351));
#4943 = CARTESIAN_POINT('',(16.396424711448,5.32828135324,
    28.280622524026));
#4944 = CARTESIAN_POINT('',(16.485587952477,5.191253949542,
    29.124720571462));
#4945 = CARTESIAN_POINT('',(16.574677096801,4.902608968958,
    29.921924677582));
#4946 = CARTESIAN_POINT('',(16.746181763707,4.090579271228,
    31.301686690546));
#4947 = CARTESIAN_POINT('',(16.828936793431,3.583676564942,
    31.899635251418));
#4948 = CARTESIAN_POINT('',(16.911596865455,2.976203275535,
    32.405381898074));
#4949 = CARTESIAN_POINT('',(16.994195144824,2.288313407924,
    32.798843718678));
#4950 = CARTESIAN_POINT('',(17.076873556976,1.544192826463,
    33.06615138136));
#4951 = CARTESIAN_POINT('',(17.159669178121,0.771365542179,33.2));
#4952 = CARTESIAN_POINT('',(17.242300625629,4.440892098501E-15,33.2));
#4953 = ORIENTED_EDGE('',*,*,#4954,.F.);
#4954 = EDGE_CURVE('',#4955,#4918,#4957,.T.);
#4955 = VERTEX_POINT('',#4956);
#4956 = CARTESIAN_POINT('',(10.242306162921,1.273632671113E-15,33.2));
#4957 = B_SPLINE_CURVE_WITH_KNOTS('',7,(#4958,#4959,#4960,#4961,#4962,
    #4963,#4964,#4965,#4966,#4967,#4968,#4969,#4970,#4971,#4972,#4973,
    #4974,#4975,#4976,#4977,#4978,#4979,#4980,#4981,#4982,#4983,#4984,
    #4985,#4986,#4987,#4988,#4989,#4990,#4991,#4992,#4993,#4994,#4995),
  .UNSPECIFIED.,.F.,.F.,(8,6,6,6,6,6,8),(0.,0.149210415589,
    0.298333684522,0.578400712926,0.734006825252,0.803418923626,1.),
  .UNSPECIFIED.);
#4958 = CARTESIAN_POINT('',(10.242306162921,-9.769962616701E-15,33.2));
#4959 = CARTESIAN_POINT('',(10.316710567297,-0.694569988142,33.2));
#4960 = CARTESIAN_POINT('',(10.391225770448,-1.390845682762,
    33.091122236135));
#4961 = CARTESIAN_POINT('',(10.46575108659,-2.065969416716,
    32.874227077851));
#4962 = CARTESIAN_POINT('',(10.540232173785,-2.699610575551,
    32.554204203848));
#4963 = CARTESIAN_POINT('',(10.614661033937,-3.273965597501,
    32.139972602086));
#4964 = CARTESIAN_POINT('',(10.689076012791,-3.773757973489,
    31.64448056978));
#4965 = CARTESIAN_POINT('',(10.838004083508,-4.5984776108,
    30.525257794696));
#4966 = CARTESIAN_POINT('',(10.912531617598,-4.92399821717,29.9008513813
    ));
#4967 = CARTESIAN_POINT('',(10.987029318588,-5.149606166132,
    29.228604272956));
#4968 = CARTESIAN_POINT('',(11.061520113787,-5.267976788275,
    28.527518946729));
#4969 = CARTESIAN_POINT('',(11.136094485231,-5.275307407967,
    27.817646283124));
#4970 = CARTESIAN_POINT('',(11.210760446094,-5.171881850003,
    27.119852750955));
#4971 = CARTESIAN_POINT('',(11.425044384311,-4.578030539058,25.209774167
    ));
#4972 = CARTESIAN_POINT('',(11.56753994944,-3.817465077224,
    24.053867287935));
#4973 = CARTESIAN_POINT('',(11.7066938213,-2.721081435354,23.17331072556
    ));
#4974 = CARTESIAN_POINT('',(11.847567055414,-1.420127870743,
    22.644201239834));
#4975 = CARTESIAN_POINT('',(11.986784229574,-2.012996222321E-02,
    22.509265001882));
#4976 = CARTESIAN_POINT('',(12.129317283716,1.331952457978,
    22.806768156839));
#4977 = CARTESIAN_POINT('',(12.346845206696,3.116792645486,
    23.774891275296));
#4978 = CARTESIAN_POINT('',(12.424641999852,3.699276523813,
    24.225865676905));
#4979 = CARTESIAN_POINT('',(12.502447704504,4.204393478604,
    24.76878392631));
#4980 = CARTESIAN_POINT('',(12.580210639938,4.614682639025,
    25.38760895219));
#4981 = CARTESIAN_POINT('',(12.657922507504,4.917595064597,
    26.063519883089));
#4982 = CARTESIAN_POINT('',(12.735618390609,5.105493745186,
    26.774912047415));
#4983 = CARTESIAN_POINT('',(12.84806286787,5.20695020461,27.819679909559
    ));
#4984 = CARTESIAN_POINT('',(12.882680312158,5.214771740059,
    28.143594837798));
#4985 = CARTESIAN_POINT('',(12.91726697164,5.199121125606,
    28.467436425905));
#4986 = CARTESIAN_POINT('',(12.951847616123,5.160064082965,
    28.789408301736));
#4987 = CARTESIAN_POINT('',(12.98643634553,5.097803479445,
    29.107614694102));
#4988 = CARTESIAN_POINT('',(13.021036529081,5.01275402807,
    29.420079844959));
#4989 = CARTESIAN_POINT('',(13.153633280513,4.602196979051,
    30.587775458524));
#4990 = CARTESIAN_POINT('',(13.252010908966,4.120427487421,
    31.391818863359));
#4991 = CARTESIAN_POINT('',(13.349995190484,3.475920841418,
    32.085867093457));
#4992 = CARTESIAN_POINT('',(13.448000740442,2.701092653589,
    32.634526431449));
#4993 = CARTESIAN_POINT('',(13.545958645029,1.832896682367,
    33.012226638022));
#4994 = CARTESIAN_POINT('',(13.644321151334,0.914706784286,33.2));
#4995 = CARTESIAN_POINT('',(13.742308169608,1.24344978758E-14,33.2));
#4996 = ORIENTED_EDGE('',*,*,#4997,.F.);
#4997 = EDGE_CURVE('',#4998,#4955,#5000,.T.);
#4998 = VERTEX_POINT('',#4999);
#4999 = CARTESIAN_POINT('',(6.742301359729,1.273632671113E-15,33.2));
#5000 = B_SPLINE_CURVE_WITH_KNOTS('',7,(#5001,#5002,#5003,#5004,#5005,
    #5006,#5007,#5008,#5009,#5010,#5011,#5012,#5013,#5014,#5015,#5016,
    #5017,#5018,#5019,#5020,#5021,#5022,#5023,#5024,#5025,#5026,#5027,
    #5028,#5029,#5030,#5031,#5032,#5033,#5034,#5035,#5036,#5037,#5038),
  .UNSPECIFIED.,.F.,.F.,(8,6,6,6,6,6,8),(0.,0.172370754672,
    0.226936485942,0.478431986248,0.633678535366,0.801199185666,1.),
  .UNSPECIFIED.);
#5001 = CARTESIAN_POINT('',(6.742301359729,-8.881784197001E-16,33.2));
#5002 = CARTESIAN_POINT('',(6.828508228016,-0.804739874,33.2));
#5003 = CARTESIAN_POINT('',(6.914825605797,-1.612022665212,
    33.053973762122));
#5004 = CARTESIAN_POINT('',(7.001199663219,-2.386151737849,
    32.762888773927));
#5005 = CARTESIAN_POINT('',(7.087585236553,-3.096009782544,
    32.335208089306));
#5006 = CARTESIAN_POINT('',(7.173945828203,-3.715058816351,
    31.786890328476));
#5007 = CARTESIAN_POINT('',(7.260253606697,-4.221340182744,
    31.141389677985));
#5008 = CARTESIAN_POINT('',(7.373788234138,-4.716543745996,
    30.204349256488));
#5009 = CARTESIAN_POINT('',(7.401030724563,-4.822484448813,
    29.972703466361));
#5010 = CARTESIAN_POINT('',(7.428245603091,-4.915052894908,
    29.735406816226));
#5011 = CARTESIAN_POINT('',(7.455452467285,-4.993963656008,
    29.493220747654));
#5012 = CARTESIAN_POINT('',(7.482662254254,-5.058932950549,
    29.246988086198));
#5013 = CARTESIAN_POINT('',(7.509877707755,-5.109721953507,
    28.997641279718));
#5014 = CARTESIAN_POINT('',(7.662534043153,-5.314217098377,
    27.587357380512));
#5015 = CARTESIAN_POINT('',(7.789460150484,-5.179431024634,
    26.370708301148));
#5016 = CARTESIAN_POINT('',(7.91478652837,-4.713560255371,
    25.218562931308));
#5017 = CARTESIAN_POINT('',(8.040681674559,-3.963187842515,
    24.225661876886));
#5018 = CARTESIAN_POINT('',(8.166009168016,-2.982473168171,
    23.462412495714));
#5019 = CARTESIAN_POINT('',(8.293046205444,-1.847862136044,
    23.000220490989));
#5020 = CARTESIAN_POINT('',(8.496007540261,3.019181640838E-02,
    22.750043873533));
#5021 = CARTESIAN_POINT('',(8.573466341802,0.763406579415,
    22.770921038904));
#5022 = CARTESIAN_POINT('',(8.650953693963,1.488445074492,
    22.911049436124));
#5023 = CARTESIAN_POINT('',(8.72847984317,2.182495798514,23.167966415888
    ));
#5024 = CARTESIAN_POINT('',(8.806028630333,2.824505401074,23.53386078942
    ));
#5025 = CARTESIAN_POINT('',(8.883557490843,3.395178684484,
    23.995572828475));
#5026 = CARTESIAN_POINT('',(9.044559975978,4.396870583688,
    25.116231809888));
#5027 = CARTESIAN_POINT('',(9.128338728892,4.816372956096,25.79048306912
    ));
#5028 = CARTESIAN_POINT('',(9.212043928915,5.113155346105,26.53410898459
    ));
#5029 = CARTESIAN_POINT('',(9.29568862102,5.275658249544,27.320463940111
    ));
#5030 = CARTESIAN_POINT('',(9.379421696419,5.297790007074,
    28.121261674469));
#5031 = CARTESIAN_POINT('',(9.463278723458,5.179356914946,
    28.907159640284));
#5032 = CARTESIAN_POINT('',(9.646027354228,4.638950788833,
    30.525340311104));
#5033 = CARTESIAN_POINT('',(9.74566431972,4.161669348261,31.346935164552
    ));
#5034 = CARTESIAN_POINT('',(9.845001123067,3.51595602543,32.057228113845
    ));
#5035 = CARTESIAN_POINT('',(9.944138739168,2.734500650487,32.61996391575
    ));
#5036 = CARTESIAN_POINT('',(10.043445018855,1.856704472677,
    33.007198626359));
#5037 = CARTESIAN_POINT('',(10.143032166902,0.926729255023,33.2));
#5038 = CARTESIAN_POINT('',(10.242306162921,-9.769962616701E-15,33.2));
#5039 = ORIENTED_EDGE('',*,*,#5040,.F.);
#5040 = EDGE_CURVE('',#5041,#4998,#5043,.T.);
#5041 = VERTEX_POINT('',#5042);
#5042 = CARTESIAN_POINT('',(3.242310855626,1.273632671113E-15,33.2));
#5043 = B_SPLINE_CURVE_WITH_KNOTS('',7,(#5044,#5045,#5046,#5047,#5048,
    #5049,#5050,#5051,#5052,#5053,#5054,#5055,#5056,#5057,#5058,#5059,
    #5060,#5061,#5062,#5063,#5064,#5065,#5066,#5067,#5068,#5069,#5070,
    #5071,#5072,#5073,#5074,#5075,#5076,#5077,#5078,#5079,#5080,#5081),
  .UNSPECIFIED.,.F.,.F.,(8,6,6,6,6,6,8),(0.,0.151539039382,
    0.357930175995,0.589434082037,0.718352726102,0.83640350881,1.),
  .UNSPECIFIED.);
#5044 = CARTESIAN_POINT('',(3.242310855626,7.105427357601E-15,33.2));
#5045 = CARTESIAN_POINT('',(3.318050667426,-0.707014314293,33.2));
#5046 = CARTESIAN_POINT('',(3.393825236445,-1.41523430609,
    33.087649477097));
#5047 = CARTESIAN_POINT('',(3.469640370007,-2.101314845623,
    32.863166478744));
#5048 = CARTESIAN_POINT('',(3.545486297356,-2.744194428061,
    32.531510690017));
#5049 = CARTESIAN_POINT('',(3.62133766966,-3.325095173519,
    32.102383433613));
#5050 = CARTESIAN_POINT('',(3.697153560011,-3.827522827053,
    31.590227669853));
#5051 = CARTESIAN_POINT('',(3.876010903872,-4.79532437939,
    30.229735579931));
#5052 = CARTESIAN_POINT('',(3.979754773818,-5.187367799822,
    29.319574507764));
#5053 = CARTESIAN_POINT('',(4.083146890844,-5.372509699895,
    28.335057631186));
#5054 = CARTESIAN_POINT('',(4.18627967652,-5.341056953787,
    27.330103438998));
#5055 = CARTESIAN_POINT('',(4.289635287838,-5.09482605931,
    26.359295835432));
#5056 = CARTESIAN_POINT('',(4.393362060719,-4.646932494211,
    25.47555285383));
#5057 = CARTESIAN_POINT('',(4.612170902007,-3.361454863307,
    23.888224320827));
#5058 = CARTESIAN_POINT('',(4.728787012393,-2.472928313612,
    23.207058491778));
#5059 = CARTESIAN_POINT('',(4.844447824174,-1.429386954236,
    22.760378927851));
#5060 = CARTESIAN_POINT('',(4.960325777008,-0.306632162095,
    22.577808205835));
#5061 = CARTESIAN_POINT('',(5.075965043682,0.82433490676,22.670043243211
    ));
#5062 = CARTESIAN_POINT('',(5.192593682228,1.883148198642,
    23.034126975855));
#5063 = CARTESIAN_POINT('',(5.372697449081,3.301099147962,
    23.937442194658));
#5064 = CARTESIAN_POINT('',(5.437000903769,3.764183275621,
    24.328438593457));
#5065 = CARTESIAN_POINT('',(5.501293859832,4.172252393783,
    24.780323585223));
#5066 = CARTESIAN_POINT('',(5.565632764366,4.516261497192,25.28427102912
    ));
#5067 = CARTESIAN_POINT('',(5.63002359718,4.789036369818,25.829631879029
    ));
#5068 = CARTESIAN_POINT('',(5.694421870799,4.985273584858,
    26.403934183545));
#5069 = CARTESIAN_POINT('',(5.817621983284,5.208006105542,
    27.532183506116));
#5070 = CARTESIAN_POINT('',(5.876537282852,5.247996438341,28.08481643806
    ));
#5071 = CARTESIAN_POINT('',(5.935403829333,5.219395172333,
    28.640458243555));
#5072 = CARTESIAN_POINT('',(5.994258190538,5.122343841188,
    29.189050871472));
#5073 = CARTESIAN_POINT('',(6.053140192705,4.958582959202,
    29.720751569368));
#5074 = CARTESIAN_POINT('',(6.112040461865,4.731460130822,
    30.226023561202));
#5075 = CARTESIAN_POINT('',(6.25247679184,4.051848984102,31.346984518324
    ));
#5076 = CARTESIAN_POINT('',(6.334264916128,3.544810192225,
    31.932368978521));
#5077 = CARTESIAN_POINT('',(6.415882136614,2.940178610506,
    32.425594927101));
#5078 = CARTESIAN_POINT('',(6.497436020975,2.259142844213,
    32.808863311053));
#5079 = CARTESIAN_POINT('',(6.578976917935,1.524644752505,
    33.069659114578));
#5080 = CARTESIAN_POINT('',(6.660654727301,0.762170137922,33.2));
#5081 = CARTESIAN_POINT('',(6.742301359729,-8.881784197001E-16,33.2));
#5082 = ORIENTED_EDGE('',*,*,#5083,.F.);
#5083 = EDGE_CURVE('',#5084,#5041,#5086,.T.);
#5084 = VERTEX_POINT('',#5085);
#5085 = CARTESIAN_POINT('',(-0.257692307791,1.273632671113E-15,33.2));
#5086 = B_SPLINE_CURVE_WITH_KNOTS('',7,(#5087,#5088,#5089,#5090,#5091,
    #5092,#5093,#5094,#5095,#5096,#5097,#5098,#5099,#5100,#5101,#5102,
    #5103,#5104,#5105,#5106,#5107,#5108,#5109,#5110,#5111,#5112,#5113,
    #5114,#5115,#5116,#5117,#5118,#5119,#5120,#5121,#5122,#5123,#5124,
    #5125,#5126,#5127,#5128,#5129,#5130,#5131,#5132,#5133,#5134,#5135,
    #5136),.UNSPECIFIED.,.F.,.F.,(8,6,6,6,6,6,6,6,8),(0.,
    6.835620124669E-02,0.198108140051,0.45726639341,0.610537254638,
    0.643835462923,0.808321330915,0.877382750062,1.),.UNSPECIFIED.);
#5087 = CARTESIAN_POINT('',(-0.257692307791,7.993605777301E-15,33.2));
#5088 = CARTESIAN_POINT('',(-0.223570609579,-0.318531072717,33.2));
#5089 = CARTESIAN_POINT('',(-0.189457856748,-0.637026609696,
    33.177240053917));
#5090 = CARTESIAN_POINT('',(-0.155343951999,-0.953564586126,
    33.131722022994));
#5091 = CARTESIAN_POINT('',(-0.121222189223,-1.266244485783,
    33.063645805027));
#5092 = CARTESIAN_POINT('',(-8.708925350076E-02,-1.573187301036,
    32.973409334367));
#5093 = CARTESIAN_POINT('',(-5.294522110146E-02,-1.872535532841,
    32.861608581916));
#5094 = CARTESIAN_POINT('',(4.603222409686E-02,-2.712767244493,
    32.477394727692));
#5095 = CARTESIAN_POINT('',(0.111020664144,-3.230290531673,
    32.150402622491));
#5096 = CARTESIAN_POINT('',(0.17598521358,-3.700911951561,
    31.753756244305));
#5097 = CARTESIAN_POINT('',(0.240900757932,-4.113625416371,
    31.296119129997));
#5098 = CARTESIAN_POINT('',(0.305801378352,-4.45951098562,
    30.787757354616));
#5099 = CARTESIAN_POINT('',(0.370702441627,-4.731601644351,
    30.240177293594));
#5100 = CARTESIAN_POINT('',(0.56506343975,-5.313187032351,28.52147424635
    ));
#5101 = CARTESIAN_POINT('',(0.696396453407,-5.394927991073,
    27.25498728902));
#5102 = CARTESIAN_POINT('',(0.825713842161,-5.113558366849,
    25.997795913129));
#5103 = CARTESIAN_POINT('',(0.955863983025,-4.505240816874,
    24.859816484311));
#5104 = CARTESIAN_POINT('',(1.08514276185,-3.616051598944,
    23.928147214718));
#5105 = CARTESIAN_POINT('',(1.216388439059,-2.51850455658,
    23.292622306238));
#5106 = CARTESIAN_POINT('',(1.422540722024,-0.660153438742,
    22.792729763831));
#5107 = CARTESIAN_POINT('',(1.499269518214,6.226571572037E-02,
    22.717757161851));
#5108 = CARTESIAN_POINT('',(1.576041345162,0.792358581284,
    22.759535692375));
#5109 = CARTESIAN_POINT('',(1.652807827411,1.507377144816,
    22.918703387876));
#5110 = CARTESIAN_POINT('',(1.729545691853,2.185952566308,
    23.190587437548));
#5111 = CARTESIAN_POINT('',(1.806256767729,2.808095178874,23.5652041873)
  );
#5112 = CARTESIAN_POINT('',(1.899633555828,3.474052219613,
    24.127640920889));
#5113 = CARTESIAN_POINT('',(1.916264384477,3.589157383895,
    24.231960801162));
#5114 = CARTESIAN_POINT('',(1.932874971408,3.700467057006,
    24.340130309624));
#5115 = CARTESIAN_POINT('',(1.949475854834,3.807900734021,
    24.452048979716));
#5116 = CARTESIAN_POINT('',(1.966073842784,3.911349529017,
    24.567597588257));
#5117 = CARTESIAN_POINT('',(1.982672243536,4.010685374417,
    24.686631394415));
#5118 = CARTESIAN_POINT('',(2.08126579807,4.575468568005,25.413316029914
    ));
#5119 = CARTESIAN_POINT('',(2.163461377237,4.942512321403,
    26.099785313979));
#5120 = CARTESIAN_POINT('',(2.245552900801,5.187726733751,
    26.845429346029));
#5121 = CARTESIAN_POINT('',(2.327655785299,5.301361506603,
    27.624064948204));
#5122 = CARTESIAN_POINT('',(2.409762886045,5.279599181458,
    28.409018199788));
#5123 = CARTESIAN_POINT('',(2.492040209144,5.123664884738,
    29.172569736156));
#5124 = CARTESIAN_POINT('',(2.608557961866,4.729065732466,
    30.186182022088));
#5125 = CARTESIAN_POINT('',(2.642946496204,4.591008882988,
    30.476926205733));
#5126 = CARTESIAN_POINT('',(2.67730407939,4.432267890908,30.757138653699
    ));
#5127 = CARTESIAN_POINT('',(2.71165544827,4.253714472034,31.025283262506
    ));
#5128 = CARTESIAN_POINT('',(2.746014521007,4.056404831736,
    31.279832140741));
#5129 = CARTESIAN_POINT('',(2.780384397081,3.841579664947,31.51926560906
    ));
#5130 = CARTESIAN_POINT('',(2.875785901224,3.200678016217,32.13766110944
    ));
#5131 = CARTESIAN_POINT('',(2.936869094002,2.739695545273,
    32.481183152518));
#5132 = CARTESIAN_POINT('',(2.997947963898,2.236185458911,
    32.764434513871));
#5133 = CARTESIAN_POINT('',(3.059028787159,1.699635082282,
    32.981143640736));
#5134 = CARTESIAN_POINT('',(3.120134821167,1.140460130781,
    33.127052860821));
#5135 = CARTESIAN_POINT('',(3.181258037605,0.569914490719,33.2));
#5136 = CARTESIAN_POINT('',(3.242310855626,7.105427357601E-15,33.2));
#5137 = ORIENTED_EDGE('',*,*,#5138,.F.);
#5138 = EDGE_CURVE('',#5139,#5084,#5141,.T.);
#5139 = VERTEX_POINT('',#5140);
#5140 = CARTESIAN_POINT('',(-3.757690668789,1.273632671113E-15,33.2));
#5141 = B_SPLINE_CURVE_WITH_KNOTS('',8,(#5142,#5143,#5144,#5145,#5146,
    #5147,#5148,#5149,#5150,#5151,#5152,#5153,#5154,#5155,#5156,#5157,
    #5158,#5159,#5160,#5161,#5162,#5163,#5164,#5165,#5166,#5167,#5168,
    #5169,#5170,#5171,#5172,#5173,#5174,#5175,#5176,#5177,#5178),
  .UNSPECIFIED.,.F.,.F.,(9,7,7,7,7,9),(0.,0.106825527348,0.298859878066,
    0.580254471482,0.77219698373,1.),.UNSPECIFIED.);
#5142 = CARTESIAN_POINT('',(-3.757690668789,1.15463194561E-14,33.2));
#5143 = CARTESIAN_POINT('',(-3.711117891492,-0.434769170724,33.2));
#5144 = CARTESIAN_POINT('',(-3.664535067309,-0.869779398778,
    33.158498851795));
#5145 = CARTESIAN_POINT('',(-3.61792842212,-1.300253439627,
    33.075366192008));
#5146 = CARTESIAN_POINT('',(-3.571294688593,-1.721548850527,
    32.951143616624));
#5147 = CARTESIAN_POINT('',(-3.524641106186,-2.129157990524,
    32.787044680992));
#5148 = CARTESIAN_POINT('',(-3.477985421147,-2.518708020457,
    32.584954899822));
#5149 = CARTESIAN_POINT('',(-3.43135588651,-2.885960902955,
    32.347431747188));
#5150 = CARTESIAN_POINT('',(-3.301084608488,-3.839545116044,
    31.592831162218));
#5151 = CARTESIAN_POINT('',(-3.217145131436,-4.370916636752,
    31.001147818502));
#5152 = CARTESIAN_POINT('',(-3.133313643119,-4.795896108172,
    30.321016467822));
#5153 = CARTESIAN_POINT('',(-3.049609458155,-5.09871941546,
    29.575119666249));
#5154 = CARTESIAN_POINT('',(-2.965902645484,-5.269289518167,
    28.788474589425));
#5155 = CARTESIAN_POINT('',(-2.88206826648,-5.30201942811,
    27.987330231864));
#5156 = CARTESIAN_POINT('',(-2.798122599297,-5.197118832266,
    27.198947899602));
#5157 = CARTESIAN_POINT('',(-2.59157377869,-4.623202548679,
    25.358124644591));
#5158 = CARTESIAN_POINT('',(-2.466860039555,-4.000513560857,
    24.33294088746));
#5159 = CARTESIAN_POINT('',(-2.34377254754,-3.119905697534,
    23.492423308849));
#5160 = CARTESIAN_POINT('',(-2.220717043153,-2.051894429933,
    22.898687504304));
#5161 = CARTESIAN_POINT('',(-2.097672505061,-0.870213285214,
    22.587555608742));
#5162 = CARTESIAN_POINT('',(-1.974598391114,0.347115336314,
    22.58417274721));
#5163 = CARTESIAN_POINT('',(-1.849870183659,1.506267075742,
    22.892701659893));
#5164 = CARTESIAN_POINT('',(-1.643364126495,3.194553440627,
    23.823171932181));
#5165 = CARTESIAN_POINT('',(-1.559332552558,3.816703975257,
    24.319436406792));
#5166 = CARTESIAN_POINT('',(-1.475444849447,4.348599475173,
    24.920994618857));
#5167 = CARTESIAN_POINT('',(-1.391629135481,4.77051061821,
    25.607610055966));
#5168 = CARTESIAN_POINT('',(-1.307820206184,5.068418088131,
    26.356368864453));
#5169 = CARTESIAN_POINT('',(-1.223932587904,5.232532960689,
    27.14244134275));
#5170 = CARTESIAN_POINT('',(-1.139852248611,5.258212394917,
    27.938383700938));
#5171 = CARTESIAN_POINT('',(-0.956495865422,5.023308489438,
    29.633783923993));
#5172 = CARTESIAN_POINT('',(-0.856251464153,4.707004669192,
    30.534683639799));
#5173 = CARTESIAN_POINT('',(-0.756482677469,4.205056614726,
    31.359385647147));
#5174 = CARTESIAN_POINT('',(-0.656791217245,3.543279433911,
    32.068647352968));
#5175 = CARTESIAN_POINT('',(-0.557157752504,2.749881685631,
    32.626585389237));
#5176 = CARTESIAN_POINT('',(-0.457410237958,1.864311308819,
    33.010317973713));
#5177 = CARTESIAN_POINT('',(-0.357203484395,0.928951473466,33.2));
#5178 = CARTESIAN_POINT('',(-0.257692307791,7.993605777301E-15,33.2));
#5179 = ORIENTED_EDGE('',*,*,#5180,.F.);
#5180 = EDGE_CURVE('',#5181,#5139,#5183,.T.);
#5181 = VERTEX_POINT('',#5182);
#5182 = CARTESIAN_POINT('',(-7.257699374372,1.273632671113E-15,33.2));
#5183 = B_SPLINE_CURVE_WITH_KNOTS('',8,(#5184,#5185,#5186,#5187,#5188,
    #5189,#5190,#5191,#5192,#5193,#5194,#5195,#5196,#5197,#5198,#5199,
    #5200,#5201,#5202,#5203,#5204,#5205,#5206,#5207,#5208,#5209,#5210,
    #5211,#5212,#5213,#5214,#5215,#5216,#5217,#5218,#5219,#5220),
  .UNSPECIFIED.,.F.,.F.,(9,7,7,7,7,9),(0.,0.149674530934,0.40657648105,
    0.52799427176,0.724638863477,1.),.UNSPECIFIED.);
#5184 = CARTESIAN_POINT('',(-7.257699374372,-7.105427357601E-15,33.2));
#5185 = CARTESIAN_POINT('',(-7.192389032828,-0.609672812636,33.2));
#5186 = CARTESIAN_POINT('',(-7.12701949471,-1.220478240217,
    33.118088669184));
#5187 = CARTESIAN_POINT('',(-7.06161203748,-1.818248983564,
    32.954418086886));
#5188 = CARTESIAN_POINT('',(-6.996187920632,-2.389958513335,
    32.711383008997));
#5189 = CARTESIAN_POINT('',(-6.930768385689,-2.923721070036,
    32.39362086796));
#5190 = CARTESIAN_POINT('',(-6.865374656208,-3.408791664015,
    32.008011772775));
#5191 = CARTESIAN_POINT('',(-6.800027937773,-3.835566075461,
    31.563678508993));
#5192 = CARTESIAN_POINT('',(-6.622705111423,-4.813511628645,
    30.228044518455));
#5193 = CARTESIAN_POINT('',(-6.509493976392,-5.243626942574,
    29.233069336589));
#5194 = CARTESIAN_POINT('',(-6.397092569879,-5.431083538016,
    28.150276623151));
#5195 = CARTESIAN_POINT('',(-6.284937435177,-5.363825401202,
    27.048827588405));
#5196 = CARTESIAN_POINT('',(-6.172801423774,-5.048096455628,
    25.991690050478));
#5197 = CARTESIAN_POINT('',(-6.060428897535,-4.500282976742,
    25.039635833706));
#5198 = CARTESIAN_POINT('',(-5.94720392348,-3.754285148182,
    24.252995247473));
#5199 = CARTESIAN_POINT('',(-5.782154758555,-2.472119402901,
    23.398570660042));
#5200 = CARTESIAN_POINT('',(-5.729171755798,-2.030716401372,
    23.169005591629));
#5201 = CARTESIAN_POINT('',(-5.676185404673,-1.565124018427,
    22.987956245206));
#5202 = CARTESIAN_POINT('',(-5.623183542542,-1.081522849754,
    22.858299345444));
#5203 = CARTESIAN_POINT('',(-5.570154399951,-0.586416622833,
    22.781993693911));
#5204 = CARTESIAN_POINT('',(-5.517094304507,-8.664013565311E-02,
    22.760122075664));
#5205 = CARTESIAN_POINT('',(-5.46402614353,0.410586139976,
    22.792702759791));
#5206 = CARTESIAN_POINT('',(-5.325259387941,1.686504068128,
    23.016317018136));
#5207 = CARTESIAN_POINT('',(-5.239092752135,2.454420383551,
    23.294066855811));
#5208 = CARTESIAN_POINT('',(-5.153142003294,3.167208772805,
    23.707167276079));
#5209 = CARTESIAN_POINT('',(-5.067286877754,3.798174820308,
    24.24129204248));
#5210 = CARTESIAN_POINT('',(-4.981439344706,4.325537684665,
    24.877766253435));
#5211 = CARTESIAN_POINT('',(-4.895523544737,4.730949856867,
    25.594525037459));
#5212 = CARTESIAN_POINT('',(-4.809427064578,5.000656216022,
    26.364611158673));
#5213 = CARTESIAN_POINT('',(-4.603551664163,5.313093086752,
    28.260871483328));
#5214 = CARTESIAN_POINT('',(-4.48160307254,5.225506908949,
    29.429351504392));
#5215 = CARTESIAN_POINT('',(-4.361144472736,4.835877256014,
    30.550784606536));
#5216 = CARTESIAN_POINT('',(-4.240779891463,4.185330220912,
    31.55113636247));
#5217 = CARTESIAN_POINT('',(-4.12029071973,3.303724610026,
    32.356249261028));
#5218 = CARTESIAN_POINT('',(-3.999869515076,2.261056181474,
    32.923457070422));
#5219 = CARTESIAN_POINT('',(-3.877807553813,1.121322831132,33.2));
#5220 = CARTESIAN_POINT('',(-3.757690668789,1.15463194561E-14,33.2));
#5221 = ORIENTED_EDGE('',*,*,#5222,.F.);
#5222 = EDGE_CURVE('',#5223,#5181,#5225,.T.);
#5223 = VERTEX_POINT('',#5224);
#5224 = CARTESIAN_POINT('',(-10.75769183039,1.273632671113E-15,33.2));
#5225 = B_SPLINE_CURVE_WITH_KNOTS('',7,(#5226,#5227,#5228,#5229,#5230,
    #5231,#5232,#5233,#5234,#5235,#5236,#5237,#5238,#5239,#5240,#5241,
    #5242,#5243,#5244,#5245,#5246,#5247,#5248,#5249,#5250,#5251,#5252,
    #5253,#5254,#5255,#5256,#5257),.UNSPECIFIED.,.F.,.F.,(8,6,6,6,6,8),(
    0.,0.128573259623,0.395310284994,0.641182535962,0.793571524136,1.),
  .UNSPECIFIED.);
#5226 = CARTESIAN_POINT('',(-10.75769183039,-1.7763568394E-15,33.2));
#5227 = CARTESIAN_POINT('',(-10.69354502791,-0.598809071365,33.2));
#5228 = CARTESIAN_POINT('',(-10.62946414098,-1.197321088368,
    33.119579998407));
#5229 = CARTESIAN_POINT('',(-10.56539604434,-1.782320586576,
    32.958946162459));
#5230 = CARTESIAN_POINT('',(-10.50130864897,-2.341384422247,
    32.720687324331));
#5231 = CARTESIAN_POINT('',(-10.43719090207,-2.862881772337,
    32.409774981139));
#5232 = CARTESIAN_POINT('',(-10.37305278708,-3.335974134493,
    32.033563294938));
#5233 = CARTESIAN_POINT('',(-10.17588701639,-4.610826529802,
    30.706033889275));
#5234 = CARTESIAN_POINT('',(-10.04090297089,-5.233501472467,
    29.557169997547));
#5235 = CARTESIAN_POINT('',(-9.90814976207,-5.50174015681,28.25733404292
    ));
#5236 = CARTESIAN_POINT('',(-9.77456868056,-5.403491617498,
    26.93198317274));
#5237 = CARTESIAN_POINT('',(-9.641794835901,-4.945418725245,
    25.685984596417));
#5238 = CARTESIAN_POINT('',(-9.506867466374,-4.160206317085,
    24.642271316779));
#5239 = CARTESIAN_POINT('',(-9.251275157068,-2.271298070065,
    23.184284837499));
#5240 = CARTESIAN_POINT('',(-9.127335525894,-1.175722596296,
    22.710316423414));
#5241 = CARTESIAN_POINT('',(-9.004757924231,2.334157553262E-02,
    22.539485359803));
#5242 = CARTESIAN_POINT('',(-8.881723559058,1.229240827988,
    22.679572729112));
#5243 = CARTESIAN_POINT('',(-8.759184491219,2.357640543903,
    23.120611530862));
#5244 = CARTESIAN_POINT('',(-8.635144974923,3.315920387284,
    23.834010956563));
#5245 = CARTESIAN_POINT('',(-8.436482027942,4.484628076225,
    25.273897045744));
#5246 = CARTESIAN_POINT('',(-8.360284791861,4.844973000481,
    25.897452870244));
#5247 = CARTESIAN_POINT('',(-8.284134653776,5.103492384503,
    26.575344319172));
#5248 = CARTESIAN_POINT('',(-8.208029946955,5.250472388361,
    27.287431057736));
#5249 = CARTESIAN_POINT('',(-8.131887835678,5.28151047071,
    28.012242975062));
#5250 = CARTESIAN_POINT('',(-8.055693601237,5.197559406599,
    28.727522437351));
#5251 = CARTESIAN_POINT('',(-7.876639994153,4.744088490191,
    30.336299551353));
#5252 = CARTESIAN_POINT('',(-7.773213285295,4.281574686112,
    31.208693765007));
#5253 = CARTESIAN_POINT('',(-7.670117679933,3.634871523792,
    31.970503961953));
#5254 = CARTESIAN_POINT('',(-7.567223536387,2.83544636354,
    32.575717853543));
#5255 = CARTESIAN_POINT('',(-7.464114584072,1.926606655142,
    32.991510712017));
#5256 = CARTESIAN_POINT('',(-7.360678814848,0.96131429779,33.2));
#5257 = CARTESIAN_POINT('',(-7.257699374372,-7.105427357601E-15,33.2));
#5258 = ORIENTED_EDGE('',*,*,#5259,.F.);
#5259 = EDGE_CURVE('',#5260,#5223,#5262,.T.);
#5260 = VERTEX_POINT('',#5261);
#5261 = CARTESIAN_POINT('',(-14.25769383707,1.273632671113E-15,33.2));
#5262 = B_SPLINE_CURVE_WITH_KNOTS('',7,(#5263,#5264,#5265,#5266,#5267,
    #5268,#5269,#5270,#5271,#5272,#5273,#5274,#5275,#5276,#5277,#5278,
    #5279,#5280,#5281,#5282,#5283,#5284,#5285,#5286,#5287,#5288,#5289,
    #5290,#5291,#5292,#5293,#5294),.UNSPECIFIED.,.F.,.F.,(8,6,6,6,6,8),(
    0.,9.953059295873E-02,0.319770539865,0.580441428113,0.799422070031,
    1.),.UNSPECIFIED.);
#5263 = CARTESIAN_POINT('',(-14.25769383707,-6.217248937901E-15,33.2));
#5264 = CARTESIAN_POINT('',(-14.20798861572,-0.464001496892,33.2));
#5265 = CARTESIAN_POINT('',(-14.15823126005,-0.928624561479,
    33.151647333756));
#5266 = CARTESIAN_POINT('',(-14.10844774974,-1.387277119982,
    33.054863118566));
#5267 = CARTESIAN_POINT('',(-14.05866139709,-1.833728250784,
    32.910563675368));
#5268 = CARTESIAN_POINT('',(-14.00889284701,-2.262108184436,
    32.720660528748));
#5269 = CARTESIAN_POINT('',(-13.95916007699,-2.666908303654,
    32.488060406934));
#5270 = CARTESIAN_POINT('',(-13.79954344945,-3.87515002505,
    31.616125699305));
#5271 = CARTESIAN_POINT('',(-13.6888485537,-4.574679567519,
    30.819747429363));
#5272 = CARTESIAN_POINT('',(-13.57890465812,-5.074630382601,
    29.869922250086));
#5273 = CARTESIAN_POINT('',(-13.46877789311,-5.34434033265,
    28.828063403782));
#5274 = CARTESIAN_POINT('',(-13.35883383776,-5.368487996419,
    27.754913825331));
#5275 = CARTESIAN_POINT('',(-13.24807995813,-5.143063821731,
    26.718673205917));
#5276 = CARTESIAN_POINT('',(-13.00805083889,-4.190750748513,
    24.690532866419));
#5277 = CARTESIAN_POINT('',(-12.87631130203,-3.368265495583,
    23.718580973963));
#5278 = CARTESIAN_POINT('',(-12.74666253218,-2.289123047517,
    23.006099165489));
#5279 = CARTESIAN_POINT('',(-12.61595928901,-1.056796898104,
    22.608728000736));
#5280 = CARTESIAN_POINT('',(-12.48620057761,0.236695112727,
    22.556862330841));
#5281 = CARTESIAN_POINT('',(-12.35431352304,1.473004215423,
    22.867371119292));
#5282 = CARTESIAN_POINT('',(-12.11501531253,3.423747654328,
    23.955509785134));
#5283 = CARTESIAN_POINT('',(-12.00512840699,4.206293771717,
    24.659504682541));
#5284 = CARTESIAN_POINT('',(-11.89574917507,4.810812903175,
    25.535700396998));
#5285 = CARTESIAN_POINT('',(-11.78668707411,5.201705947078,
    26.530663194858));
#5286 = CARTESIAN_POINT('',(-11.67730912155,5.355260017283,
    27.584162993889));
#5287 = CARTESIAN_POINT('',(-11.56744219977,5.261043490846,
    28.632232333394));
#5288 = CARTESIAN_POINT('',(-11.35830011558,4.659710840568,
    30.489620699345));
#5289 = CARTESIAN_POINT('',(-11.25792057072,4.184922714898,
    31.321181251791));
#5290 = CARTESIAN_POINT('',(-11.15785416282,3.538526143742,
    32.040910994886));
#5291 = CARTESIAN_POINT('',(-11.05799125071,2.753412132189,
    32.611742589191));
#5292 = CARTESIAN_POINT('',(-10.95794907914,1.869671447493,
    33.004677531832));
#5293 = CARTESIAN_POINT('',(-10.85761554081,0.932785765389,33.2));
#5294 = CARTESIAN_POINT('',(-10.75769183039,-1.7763568394E-15,33.2));
#5295 = ORIENTED_EDGE('',*,*,#5296,.F.);
#5296 = EDGE_CURVE('',#5297,#5260,#5299,.T.);
#5297 = VERTEX_POINT('',#5298);
#5298 = CARTESIAN_POINT('',(-17.75769864027,1.273632671113E-15,33.2));
#5299 = B_SPLINE_CURVE_WITH_KNOTS('',7,(#5300,#5301,#5302,#5303,#5304,
    #5305,#5306,#5307,#5308,#5309,#5310,#5311,#5312,#5313,#5314,#5315,
    #5316,#5317,#5318,#5319,#5320,#5321,#5322,#5323,#5324,#5325,#5326,
    #5327,#5328,#5329,#5330,#5331),.UNSPECIFIED.,.F.,.F.,(8,6,6,6,6,8),(
    0.,0.155654176158,0.291581589144,0.502496656584,0.732696471591,1.),
  .UNSPECIFIED.);
#5300 = CARTESIAN_POINT('',(-17.75769864027,4.440892098501E-15,33.2));
#5301 = CARTESIAN_POINT('',(-17.68000192222,-0.725297744034,33.2));
#5302 = CARTESIAN_POINT('',(-17.60225046782,-1.452082158358,
    33.081721172789));
#5303 = CARTESIAN_POINT('',(-17.52444835855,-2.154910589823,
    32.845402691572));
#5304 = CARTESIAN_POINT('',(-17.44661593078,-2.810982790955,
    32.496550145754));
#5305 = CARTESIAN_POINT('',(-17.36878977569,-3.400140919947,
    32.045935540945));
#5306 = CARTESIAN_POINT('',(-17.29102273933,-3.904869540666,
    31.509597298955));
#5307 = CARTESIAN_POINT('',(-17.14558462698,-4.664340209446,
    30.384219894542));
#5308 = CARTESIAN_POINT('',(-17.07776586411,-4.943999195053,
    29.809151821964));
#5309 = CARTESIAN_POINT('',(-17.00999461278,-5.140222522868,
    29.196939158311));
#5310 = CARTESIAN_POINT('',(-16.94223798532,-5.247813746345,
    28.561815201509));
#5311 = CARTESIAN_POINT('',(-16.87443715351,-5.264069264137,
    27.918791758241));
#5312 = CARTESIAN_POINT('',(-16.80659284607,-5.189069321664,
    27.283526431097));
#5313 = CARTESIAN_POINT('',(-16.633766856,-4.777105231959,
    25.723643132291));
#5314 = CARTESIAN_POINT('',(-16.52799318874,-4.31607778452,
    24.824132336689));
#5315 = CARTESIAN_POINT('',(-16.42283491557,-3.658115143599,
    24.041474053914));
#5316 = CARTESIAN_POINT('',(-16.3175184697,-2.842294257255,
    23.420233413132));
#5317 = CARTESIAN_POINT('',(-16.21233609713,-1.912665619544,
    22.994447413143));
#5318 = CARTESIAN_POINT('',(-16.10656169071,-0.922927337504,
    22.789210338482));
#5319 = CARTESIAN_POINT('',(-15.88658179815,1.130515556942,
    22.812474061138));
#5320 = CARTESIAN_POINT('',(-15.77079052723,2.208555037202,
    23.082558094279));
#5321 = CARTESIAN_POINT('',(-15.65592130598,3.200486911329,
    23.616264799956));
#5322 = CARTESIAN_POINT('',(-15.54082571559,4.037613654647,
    24.37314958544));
#5323 = CARTESIAN_POINT('',(-15.42610326693,4.668739384925,
    25.305224668087));
#5324 = CARTESIAN_POINT('',(-15.31024525068,5.046767768972,
    26.350602141094));
#5325 = CARTESIAN_POINT('',(-15.06192059228,5.306925315092,
    28.653945519251));
#5326 = CARTESIAN_POINT('',(-14.92659828391,5.10224156129,
    29.948102269554));
#5327 = CARTESIAN_POINT('',(-14.79362792478,4.522685730176,
    31.146138505626));
#5328 = CARTESIAN_POINT('',(-14.65955551048,3.635164188049,
    32.140452590866));
#5329 = CARTESIAN_POINT('',(-14.52645589976,2.508697084895,
    32.851745714922));
#5330 = CARTESIAN_POINT('',(-14.39104331611,1.244826120873,33.2));
#5331 = CARTESIAN_POINT('',(-14.25769383707,-6.217248937901E-15,33.2));
#5332 = ORIENTED_EDGE('',*,*,#5333,.F.);
#5333 = EDGE_CURVE('',#5334,#5297,#5336,.T.);
#5334 = VERTEX_POINT('',#5335);
#5335 = CARTESIAN_POINT('',(-21.25768917952,1.273632671113E-15,33.2));
#5336 = B_SPLINE_CURVE_WITH_KNOTS('',7,(#5337,#5338,#5339,#5340,#5341,
    #5342,#5343,#5344,#5345,#5346,#5347,#5348,#5349,#5350,#5351,#5352,
    #5353,#5354,#5355,#5356,#5357,#5358,#5359,#5360,#5361,#5362,#5363,
    #5364,#5365,#5366,#5367,#5368),.UNSPECIFIED.,.F.,.F.,(8,6,6,6,6,8),(
    0.,0.167762208885,0.349667835128,0.612524484429,0.829586860957,1.),
  .UNSPECIFIED.);
#5337 = CARTESIAN_POINT('',(-21.25768917952,0.,33.2));
#5338 = CARTESIAN_POINT('',(-21.17397587272,-0.781444947986,33.2));
#5339 = CARTESIAN_POINT('',(-21.09017853615,-1.565099670548,
    33.062492718544));
#5340 = CARTESIAN_POINT('',(-21.00631803366,-2.318571189449,
    32.78804762069));
#5341 = CARTESIAN_POINT('',(-20.92242501396,-3.013356867878,
    32.384106181419));
#5342 = CARTESIAN_POINT('',(-20.83853991062,-3.624844410462,
    31.864981885641));
#5343 = CARTESIAN_POINT('',(-20.75471294205,-4.132311863253,
    31.251860228185));
#5344 = CARTESIAN_POINT('',(-20.58023809613,-4.938137522071,
    29.836488010393));
#5345 = CARTESIAN_POINT('',(-20.48919907945,-5.218611737716,
    29.01825814739));
#5346 = CARTESIAN_POINT('',(-20.39845489723,-5.338231161656,
    28.153885692453));
#5347 = CARTESIAN_POINT('',(-20.30774000979,-5.291767225885,
    27.280750238268));
#5348 = CARTESIAN_POINT('',(-20.21702600889,-5.081025280274,
    26.434372615682));
#5349 = CARTESIAN_POINT('',(-20.12608197258,-4.715977169889,
    25.651210374285));
#5350 = CARTESIAN_POINT('',(-19.90425813859,-3.506874565176,
    23.970172687986));
#5351 = CARTESIAN_POINT('',(-19.77119629481,-2.508500025145,
    23.158441928232));
#5352 = CARTESIAN_POINT('',(-19.64027282567,-1.301296365905,
    22.656984031799));
#5353 = CARTESIAN_POINT('',(-19.50853804437,-3.07607593112E-03,
    22.501253602184));
#5354 = CARTESIAN_POINT('',(-19.37767545833,1.287462958576,
    22.701615079156));
#5355 = CARTESIAN_POINT('',(-19.24465109035,2.449942937931,
    23.252653701746));
#5356 = CARTESIAN_POINT('',(-19.00515127768,4.148812914701,
    24.706081830513));
#5357 = CARTESIAN_POINT('',(-18.8965834542,4.771607754632,
    25.544394846386));
#5358 = CARTESIAN_POINT('',(-18.78787283808,5.194528386024,
    26.511836220842));
#5359 = CARTESIAN_POINT('',(-18.67911741563,5.384964396606,
    27.552646248762));
#5360 = CARTESIAN_POINT('',(-18.57041139921,5.331982815304,
    28.607119773516));
#5361 = CARTESIAN_POINT('',(-18.46184522725,5.046328112246,
    29.611606186964));
#5362 = CARTESIAN_POINT('',(-18.26844935901,4.178943135819,
    31.194806816401));
#5363 = CARTESIAN_POINT('',(-18.1833075556,3.671693438975,
    31.824699605954));
#5364 = CARTESIAN_POINT('',(-18.09814018614,3.056136549363,
    32.358836662309));
#5365 = CARTESIAN_POINT('',(-18.0129867956,2.353732882809,
    32.774986711385));
#5366 = CARTESIAN_POINT('',(-17.92786644183,1.58993982982,
    33.058038340826));
#5367 = CARTESIAN_POINT('',(-17.84277769552,0.794211755591,33.2));
#5368 = CARTESIAN_POINT('',(-17.75769864027,4.440892098501E-15,33.2));
#5369 = ORIENTED_EDGE('',*,*,#5370,.F.);
#5370 = EDGE_CURVE('',#5371,#5334,#5373,.T.);
#5371 = VERTEX_POINT('',#5372);
#5372 = CARTESIAN_POINT('',(-24.7576923077,1.273632671113E-15,33.2));
#5373 = B_SPLINE_CURVE_WITH_KNOTS('',7,(#5374,#5375,#5376,#5377,#5378,
    #5379,#5380,#5381,#5382,#5383,#5384,#5385,#5386,#5387,#5388,#5389,
    #5390,#5391,#5392,#5393,#5394,#5395,#5396,#5397,#5398,#5399,#5400,
    #5401,#5402,#5403,#5404,#5405),.UNSPECIFIED.,.F.,.F.,(8,6,6,6,6,8),(
    0.,0.168575528544,0.408801032239,0.670158236705,0.816452643724,1.),
  .UNSPECIFIED.);
#5374 = CARTESIAN_POINT('',(-24.7576923077,6.217248937901E-15,33.2));
#5375 = CARTESIAN_POINT('',(-24.67363902071,-0.784649798501,33.2));
#5376 = CARTESIAN_POINT('',(-24.58947984215,-1.57171436696,
    33.061307126421));
#5377 = CARTESIAN_POINT('',(-24.50524616708,-2.328276137575,
    32.784509189301));
#5378 = CARTESIAN_POINT('',(-24.4209744416,-3.02541376752,
    32.377149253462));
#5379 = CARTESIAN_POINT('',(-24.33670616282,-3.638202138952,
    31.853725638503));
#5380 = CARTESIAN_POINT('',(-24.25248787885,-4.145712359006,
    31.235691918802));
#5381 = CARTESIAN_POINT('',(-24.04850222321,-5.080075692314,
    29.576400236424));
#5382 = CARTESIAN_POINT('',(-23.92752555028,-5.389505451225,
    28.453051273469));
#5383 = CARTESIAN_POINT('',(-23.80735667654,-5.399992419987,
    27.273857431428));
#5384 = CARTESIAN_POINT('',(-23.68770324662,-5.115201836477,
    26.123405234653));
#5385 = CARTESIAN_POINT('',(-23.56753756109,-4.55580818921,
    25.085124901944));
#5386 = CARTESIAN_POINT('',(-23.44657182922,-3.758232625989,
    24.236077836203));
#5387 = CARTESIAN_POINT('',(-23.19635900696,-1.795230772635,
    22.970246718841));
#5388 = CARTESIAN_POINT('',(-23.06427700092,-0.578742987477,
    22.581885725113));
#5389 = CARTESIAN_POINT('',(-22.93422440566,0.717294620042,
    22.552051256135));
#5390 = CARTESIAN_POINT('',(-22.80333317687,1.976057618742,
    22.872143150963));
#5391 = CARTESIAN_POINT('',(-22.67324045715,3.100349424326,
    23.51912904381));
#5392 = CARTESIAN_POINT('',(-22.541171216,3.982634306902,24.44198256491)
  );
#5393 = CARTESIAN_POINT('',(-22.3378353224,4.891390625443,
    26.108365693142));
#5394 = CARTESIAN_POINT('',(-22.26475277164,5.126391212641,
    26.75795702053));
#5395 = CARTESIAN_POINT('',(-22.19166177485,5.260619321055,
    27.439822737583));
#5396 = CARTESIAN_POINT('',(-22.11861824948,5.288844546825,
    28.134912527539));
#5397 = CARTESIAN_POINT('',(-22.04563131392,5.210252713292,
    28.824425847009));
#5398 = CARTESIAN_POINT('',(-21.97266328746,5.028445870997,
    29.489811925983));
#5399 = CARTESIAN_POINT('',(-21.8079985477,4.403901509224,30.89435990016
    ));
#5400 = CARTESIAN_POINT('',(-21.71631240671,3.904591909138,
    31.611307249856));
#5401 = CARTESIAN_POINT('',(-21.62456723926,3.272113556036,
    32.225055388928));
#5402 = CARTESIAN_POINT('',(-21.53278111545,2.531280400368,
    32.706278538553));
#5403 = CARTESIAN_POINT('',(-21.44099420354,1.71312028442,
    33.034881569075));
#5404 = CARTESIAN_POINT('',(-21.34926877001,0.854874942312,33.2));
#5405 = CARTESIAN_POINT('',(-21.25768917952,0.,33.2));
#5406 = ORIENTED_EDGE('',*,*,#5407,.F.);
#5407 = EDGE_CURVE('',#5408,#5371,#5410,.T.);
#5408 = VERTEX_POINT('',#5409);
#5409 = CARTESIAN_POINT('',(-28.25769066879,1.273632671113E-15,33.2));
#5410 = B_SPLINE_CURVE_WITH_KNOTS('',7,(#5411,#5412,#5413,#5414,#5415,
    #5416,#5417,#5418,#5419,#5420,#5421,#5422,#5423,#5424,#5425,#5426,
    #5427,#5428,#5429,#5430,#5431,#5432,#5433,#5434,#5435,#5436,#5437,
    #5438,#5439,#5440,#5441,#5442),.UNSPECIFIED.,.F.,.F.,(8,6,6,6,6,8),(
    0.,0.132968451343,0.369829749681,0.589588758541,0.774020098066,1.),
  .UNSPECIFIED.);
#5411 = CARTESIAN_POINT('',(-28.25769066879,1.7763568394E-15,33.2));
#5412 = CARTESIAN_POINT('',(-28.19146138502,-0.618267847679,33.2));
#5413 = CARTESIAN_POINT('',(-28.12519243526,-1.237381592355,
    33.114171349951));
#5414 = CARTESIAN_POINT('',(-28.05887625751,-1.842010000958,
    32.942443912492));
#5415 = CARTESIAN_POINT('',(-27.99252002184,-2.417959060344,
    32.687646939986));
#5416 = CARTESIAN_POINT('',(-27.92614563038,-2.952171977301,
    32.355509074517));
#5417 = CARTESIAN_POINT('',(-27.85978971733,-3.432729178545,
    31.954658347889));
#5418 = CARTESIAN_POINT('',(-27.67542598413,-4.590095703725,
    30.680706526979));
#5419 = CARTESIAN_POINT('',(-27.55614625376,-5.136933333388,
    29.673009562802));
#5420 = CARTESIAN_POINT('',(-27.43794949076,-5.414220580324,
    28.543881616291));
#5421 = CARTESIAN_POINT('',(-27.31951306113,-5.405509848165,
    27.379459606135));
#5422 = CARTESIAN_POINT('',(-27.2014759251,-5.112861367023,
    26.255487702455));
#5423 = CARTESIAN_POINT('',(-27.0822182095,-4.552465081901,
    25.255490290717));
#5424 = CARTESIAN_POINT('',(-26.85437335984,-3.100182370997,
    23.701546336115));
#5425 = CARTESIAN_POINT('',(-26.74388463707,-2.224080684026,
    23.108666970038));
#5426 = CARTESIAN_POINT('',(-26.63424597697,-1.222036471443,
    22.733071216605));
#5427 = CARTESIAN_POINT('',(-26.52442103655,-0.157952070487,
    22.595256620795));
#5428 = CARTESIAN_POINT('',(-26.41479549235,0.906327839875,
    22.704327394532));
#5429 = CARTESIAN_POINT('',(-26.30446612983,1.903248378697,
    23.05372043185));
#5430 = CARTESIAN_POINT('',(-26.10276068111,3.496835759215,
    24.056612797006));
#5431 = CARTESIAN_POINT('',(-26.01046588466,4.137960298258,
    24.655821691002));
#5432 = CARTESIAN_POINT('',(-25.91837400119,4.655271244556,
    25.374578772535));
#5433 = CARTESIAN_POINT('',(-25.82642496291,5.025819037067,
    26.181721018879));
#5434 = CARTESIAN_POINT('',(-25.73433652863,5.2335996791,27.042589136174
    ));
#5435 = CARTESIAN_POINT('',(-25.64198533843,5.270006066351,
    27.919968389689));
#5436 = CARTESIAN_POINT('',(-25.43700578211,4.986542169893,
    29.812296548824));
#5437 = CARTESIAN_POINT('',(-25.32327611971,4.582480536997,
    30.826023394318));
#5438 = CARTESIAN_POINT('',(-25.2101437166,3.938730486378,
    31.723001774922));
#5439 = CARTESIAN_POINT('',(-25.0974098536,3.098468520459,
    32.446772092413));
#5440 = CARTESIAN_POINT('',(-24.98429122422,2.115937235087,
    32.950605845797));
#5441 = CARTESIAN_POINT('',(-24.87055198923,1.053561729139,33.2));
#5442 = CARTESIAN_POINT('',(-24.7576923077,6.217248937901E-15,33.2));
#5443 = ORIENTED_EDGE('',*,*,#5444,.F.);
#5444 = EDGE_CURVE('',#5445,#5408,#5447,.T.);
#5445 = VERTEX_POINT('',#5446);
#5446 = CARTESIAN_POINT('',(-31.75769937437,1.273632671113E-15,33.2));
#5447 = B_SPLINE_CURVE_WITH_KNOTS('',7,(#5448,#5449,#5450,#5451,#5452,
    #5453,#5454,#5455,#5456,#5457,#5458,#5459,#5460,#5461,#5462,#5463,
    #5464,#5465,#5466,#5467,#5468,#5469,#5470,#5471,#5472,#5473,#5474,
    #5475,#5476,#5477,#5478,#5479),.UNSPECIFIED.,.F.,.F.,(8,6,6,6,6,8),(
    0.,4.915537614248E-02,0.327163607402,0.534117216503,0.743627206906,
    1.),.UNSPECIFIED.);
#5448 = CARTESIAN_POINT('',(-31.75769937437,1.7763568394E-15,33.2));
#5449 = CARTESIAN_POINT('',(-31.73319438217,-0.228754392686,33.2));
#5450 = CARTESIAN_POINT('',(-31.70870168394,-0.457394444573,
    33.188265898254));
#5451 = CARTESIAN_POINT('',(-31.68421296017,-0.685269525491,
    33.164803519364));
#5452 = CARTESIAN_POINT('',(-31.65972287835,-0.911709419953,
    33.12967068057));
#5453 = CARTESIAN_POINT('',(-31.63522909291,-1.136024327153,
    33.082977191751));
#5454 = CARTESIAN_POINT('',(-31.61073224525,-1.357504860966,
    33.024884855426));
#5455 = CARTESIAN_POINT('',(-31.44769225958,-2.807897051155,
    32.563795099462));
#5456 = CARTESIAN_POINT('',(-31.30656410228,-3.948912897006,
    31.806473183475));
#5457 = CARTESIAN_POINT('',(-31.16857370381,-4.820179536123,
    30.72070384632));
#5458 = CARTESIAN_POINT('',(-31.02895863867,-5.345926113295,
    29.4328663122));
#5459 = CARTESIAN_POINT('',(-30.8909640217,-5.484777973758,
    28.048312520767));
#5460 = CARTESIAN_POINT('',(-30.74982058442,-5.200454742403,
    26.7080032648));
#5461 = CARTESIAN_POINT('',(-30.50803085093,-4.143507548796,
    24.713818140609));
#5462 = CARTESIAN_POINT('',(-30.40437810612,-3.506476754068,
    23.956480846049));
#5463 = CARTESIAN_POINT('',(-30.30125735255,-2.710468439301,
    23.349873932036));
#5464 = CARTESIAN_POINT('',(-30.19811914653,-1.800593050532,
    22.927843830959));
#5465 = CARTESIAN_POINT('',(-30.09502247537,-0.823767975164,
    22.711677693001));
#5466 = CARTESIAN_POINT('',(-29.99138675836,0.165831132832,
    22.714082328978));
#5467 = CARTESIAN_POINT('',(-29.78366998179,2.060360329749,
    23.126970223889));
#5468 = CARTESIAN_POINT('',(-29.67858674334,2.973289158183,
    23.544519632304));
#5469 = CARTESIAN_POINT('',(-29.57405540915,3.780267275936,
    24.16123885436));
#5470 = CARTESIAN_POINT('',(-29.46944575891,4.435023924086,
    24.941167677375));
#5471 = CARTESIAN_POINT('',(-29.36493560545,4.902487393227,
    25.842487155293));
#5472 = CARTESIAN_POINT('',(-29.25993893366,5.155689892263,
    26.813032488384));
#5473 = CARTESIAN_POINT('',(-29.02775695212,5.244508325255,
    28.978619594841));
#5474 = CARTESIAN_POINT('',(-28.89833187069,4.974685306423,
    30.198741589151));
#5475 = CARTESIAN_POINT('',(-28.77073176309,4.369053573603,
    31.313643032302));
#5476 = CARTESIAN_POINT('',(-28.64248325581,3.489388391644,
    32.229588030954));
#5477 = CARTESIAN_POINT('',(-28.51489748793,2.400916105427,
    32.880198368368));
#5478 = CARTESIAN_POINT('',(-28.38549653916,1.193101539142,33.2));
#5479 = CARTESIAN_POINT('',(-28.25769066879,1.7763568394E-15,33.2));
#5480 = ORIENTED_EDGE('',*,*,#5481,.F.);
#5481 = EDGE_CURVE('',#4084,#5445,#5482,.T.);
#5482 = B_SPLINE_CURVE_WITH_KNOTS('',7,(#5483,#5484,#5485,#5486,#5487,
    #5488,#5489,#5490,#5491,#5492,#5493,#5494,#5495,#5496,#5497,#5498,
    #5499,#5500,#5501,#5502,#5503,#5504,#5505,#5506,#5507,#5508,#5509,
    #5510,#5511,#5512,#5513,#5514),.UNSPECIFIED.,.F.,.F.,(8,6,6,6,6,8),(
    0.,0.129233533852,0.394075883937,0.650868909658,0.835847701091,1.),
  .UNSPECIFIED.);
#5483 = CARTESIAN_POINT('',(-35.25769183039,8.881784197001E-16,33.2));
#5484 = CARTESIAN_POINT('',(-35.19323812274,-0.601674024761,33.2));
#5485 = CARTESIAN_POINT('',(-35.1288209436,-1.203366455843,
    33.118815249715));
#5486 = CARTESIAN_POINT('',(-35.06439356113,-1.791520406974,
    32.956497400908));
#5487 = CARTESIAN_POINT('',(-34.99993284953,-2.353402363549,
    32.715621488754));
#5488 = CARTESIAN_POINT('',(-34.93543928906,-2.87710218263,
    32.401285931843));
#5489 = CARTESIAN_POINT('',(-34.87093696609,-3.351533092943,
    32.021112532179));
#5490 = CARTESIAN_POINT('',(-34.6743667118,-4.616696463715,
    30.692012440491));
#5491 = CARTESIAN_POINT('',(-34.54050763558,-5.231741708517,
    29.54923732501));
#5492 = CARTESIAN_POINT('',(-34.40797912647,-5.497386724271,
    28.262172985384));
#5493 = CARTESIAN_POINT('',(-34.2763168486,-5.401194076832,
    26.943292508578));
#5494 = CARTESIAN_POINT('',(-34.14382328315,-4.951703543995,
    25.708437259477));
#5495 = CARTESIAN_POINT('',(-34.00996754175,-4.177597782503,
    24.667056197479));
#5496 = CARTESIAN_POINT('',(-33.7497893686,-2.265507018003,
    23.16913308879));
#5497 = CARTESIAN_POINT('',(-33.62016807309,-1.114960484585,
    22.675925839259));
#5498 = CARTESIAN_POINT('',(-33.49230013261,0.145814398317,
    22.517335581986));
#5499 = CARTESIAN_POINT('',(-33.36373386848,1.406764392715,
    22.698482060175));
#5500 = CARTESIAN_POINT('',(-33.23583125095,2.57308507406,23.20668858061
    ));
#5501 = CARTESIAN_POINT('',(-33.10604564267,3.538094743095,
    24.006224186975));
#5502 = CARTESIAN_POINT('',(-32.88579014813,4.732587193053,
    25.679701823297));
#5503 = CARTESIAN_POINT('',(-32.79320625098,5.098741788487,
    26.48006579951));
#5504 = CARTESIAN_POINT('',(-32.70082846576,5.305699730244,
    27.344256876731));
#5505 = CARTESIAN_POINT('',(-32.60862733172,5.340707800571,
    28.234280731527));
#5506 = CARTESIAN_POINT('',(-32.51634659833,5.202764491838,
    29.111354501128));
#5507 = CARTESIAN_POINT('',(-32.4238704768,4.901931823934,29.93729461245
    ));
#5508 = CARTESIAN_POINT('',(-32.24970093025,4.065271273442,
    31.331355586535));
#5509 = CARTESIAN_POINT('',(-32.16760092852,3.558217032983,
    31.920807678158));
#5510 = CARTESIAN_POINT('',(-32.08560554979,2.952924510185,
    32.418695900326));
#5511 = CARTESIAN_POINT('',(-32.00369658196,2.269335142925,
    32.805607504749));
#5512 = CARTESIAN_POINT('',(-31.92173181764,1.531143124065,
    33.068346804835));
#5513 = CARTESIAN_POINT('',(-31.83965393428,0.765046788467,33.2));
#5514 = CARTESIAN_POINT('',(-31.75769937437,1.7763568394E-15,33.2));
#5515 = B_SPLINE_SURFACE_WITH_KNOTS('',1,10,(
    (#5516,#5517,#5518,#5519,#5520,#5521,#5522,#5523,#5524,#5525,#5526
      ,#5527,#5528,#5529,#5530,#5531,#5532,#5533,#5534,#5535,#5536,#5537
      ,#5538,#5539,#5540,#5541,#5542,#5543,#5544,#5545,#5546,#5547,#5548
      ,#5549,#5550,#5551,#5552,#5553,#5554,#5555,#5556,#5557,#5558,#5559
      ,#5560,#5561,#5562,#5563,#5564,#5565,#5566,#5567,#5568,#5569,#5570
      ,#5571,#5572,#5573,#5574,#5575,#5576,#5577,#5578,#5579,#5580,#5581
      ,#5582,#5583,#5584,#5585,#5586,#5587,#5588,#5589,#5590,#5591,#5592
      ,#5593,#5594,#5595,#5596,#5597,#5598,#5599,#5600,#5601,#5602,#5603
      ,#5604,#5605,#5606,#5607,#5608,#5609,#5610,#5611,#5612,#5613,#5614
      ,#5615,#5616,#5617,#5618,#5619,#5620,#5621,#5622,#5623,#5624,#5625
      ,#5626,#5627,#5628,#5629,#5630,#5631,#5632,#5633,#5634,#5635,#5636
      ,#5637,#5638,#5639,#5640,#5641,#5642,#5643,#5644,#5645,#5646,#5647
      ,#5648,#5649,#5650,#5651,#5652,#5653,#5654,#5655,#5656,#5657,#5658
      ,#5659,#5660,#5661,#5662,#5663,#5664,#5665,#5666,#5667,#5668,#5669
      ,#5670,#5671,#5672,#5673,#5674,#5675,#5676,#5677,#5678,#5679,#5680
      ,#5681,#5682,#5683,#5684,#5685,#5686,#5687,#5688,#5689,#5690,#5691
      ,#5692,#5693,#5694,#5695,#5696,#5697,#5698,#5699,#5700,#5701,#5702
      ,#5703,#5704,#5705,#5706,#5707,#5708,#5709,#5710,#5711,#5712,#5713
      ,#5714,#5715,#5716,#5717,#5718,#5719,#5720,#5721,#5722,#5723,#5724
      ,#5725,#5726,#5727,#5728,#5729,#5730,#5731,#5732,#5733,#5734,#5735
      ,#5736,#5737,#5738,#5739,#5740,#5741,#5742,#5743,#5744,#5745,#5746
      ,#5747,#5748,#5749,#5750,#5751,#5752,#5753,#5754,#5755,#5756,#5757
      ,#5758,#5759,#5760,#5761,#5762,#5763,#5764,#5765,#5766,#5767,#5768
      ,#5769,#5770,#5771,#5772,#5773,#5774,#5775,#5776,#5777,#5778,#5779
      ,#5780,#5781,#5782,#5783,#5784,#5785,#5786,#5787,#5788,#5789,#5790
      ,#5791,#5792,#5793,#5794,#5795,#5796,#5797,#5798,#5799,#5800,#5801
      ,#5802,#5803,#5804,#5805,#5806,#5807,#5808,#5809,#5810,#5811,#5812
      ,#5813,#5814,#5815,#5816,#5817,#5818,#5819,#5820,#5821,#5822,#5823
      ,#5824,#5825,#5826,#5827,#5828,#5829,#5830,#5831,#5832,#5833,#5834
      )
    ,(#5835,#5836,#5837,#5838,#5839,#5840,#5841,#5842,#5843,#5844,#5845
      ,#5846,#5847,#5848,#5849,#5850,#5851,#5852,#5853,#5854,#5855,#5856
      ,#5857,#5858,#5859,#5860,#5861,#5862,#5863,#5864,#5865,#5866,#5867
      ,#5868,#5869,#5870,#5871,#5872,#5873,#5874,#5875,#5876,#5877,#5878
      ,#5879,#5880,#5881,#5882,#5883,#5884,#5885,#5886,#5887,#5888,#5889
      ,#5890,#5891,#5892,#5893,#5894,#5895,#5896,#5897,#5898,#5899,#5900
      ,#5901,#5902,#5903,#5904,#5905,#5906,#5907,#5908,#5909,#5910,#5911
      ,#5912,#5913,#5914,#5915,#5916,#5917,#5918,#5919,#5920,#5921,#5922
      ,#5923,#5924,#5925,#5926,#5927,#5928,#5929,#5930,#5931,#5932,#5933
      ,#5934,#5935,#5936,#5937,#5938,#5939,#5940,#5941,#5942,#5943,#5944
      ,#5945,#5946,#5947,#5948,#5949,#5950,#5951,#5952,#5953,#5954,#5955
      ,#5956,#5957,#5958,#5959,#5960,#5961,#5962,#5963,#5964,#5965,#5966
      ,#5967,#5968,#5969,#5970,#5971,#5972,#5973,#5974,#5975,#5976,#5977
      ,#5978,#5979,#5980,#5981,#5982,#5983,#5984,#5985,#5986,#5987,#5988
      ,#5989,#5990,#5991,#5992,#5993,#5994,#5995,#5996,#5997,#5998,#5999
      ,#6000,#6001,#6002,#6003,#6004,#6005,#6006,#6007,#6008,#6009,#6010
      ,#6011,#6012,#6013,#6014,#6015,#6016,#6017,#6018,#6019,#6020,#6021
      ,#6022,#6023,#6024,#6025,#6026,#6027,#6028,#6029,#6030,#6031,#6032
      ,#6033,#6034,#6035,#6036,#6037,#6038,#6039,#6040,#6041,#6042,#6043
      ,#6044,#6045,#6046,#6047,#6048,#6049,#6050,#6051,#6052,#6053,#6054
      ,#6055,#6056,#6057,#6058,#6059,#6060,#6061,#6062,#6063,#6064,#6065
      ,#6066,#6067,#6068,#6069,#6070,#6071,#6072,#6073,#6074,#6075,#6076
      ,#6077,#6078,#6079,#6080,#6081,#6082,#6083,#6084,#6085,#6086,#6087
      ,#6088,#6089,#6090,#6091,#6092,#6093,#6094,#6095,#6096,#6097,#6098
      ,#6099,#6100,#6101,#6102,#6103,#6104,#6105,#6106,#6107,#6108,#6109
      ,#6110,#6111,#6112,#6113,#6114,#6115,#6116,#6117,#6118,#6119,#6120
      ,#6121,#6122,#6123,#6124,#6125,#6126,#6127,#6128,#6129,#6130,#6131
      ,#6132,#6133,#6134,#6135,#6136,#6137,#6138,#6139,#6140,#6141,#6142
      ,#6143,#6144,#6145,#6146,#6147,#6148,#6149,#6150,#6151,#6152,#6153
      )),.UNSPECIFIED.,.F.,.F.,.F.,(2,2),(11,10,10,10,10,10,10,10,10,10,
    10,10,10,10,10,10,10,10,10,10,10,10,10,10,10,10,10,10,10,9,10,9,11),
  (0.,1.411559421349),(0.,6.293216167298,12.586432334595,18.879648501893
    ,25.17286466919,31.466080836488,37.759297003786,44.052513171083,
    50.345729338381,56.638945505679,62.932161672976,69.225377840274,
    75.518594007571,81.811810174869,88.105026342167,94.398242509464,
    100.69145867676,106.98467484406,113.27789101135,119.57110717865,
    125.86432334595,132.15753951325,138.45075568054,144.74397184784,
    151.03718801514,157.33040418244,163.62362034973,169.91683651703,
    176.21005268433,182.50326885163,188.79648501892,195.08970118622,
    201.38291735352),.UNSPECIFIED.);
#5516 = CARTESIAN_POINT('',(-37.05,-4.440892098501E-16,22.9));
#5517 = CARTESIAN_POINT('',(-36.74375924448,2.803885091226,
    22.899975905943));
#5518 = CARTESIAN_POINT('',(-36.43747708718,5.608235951389,
    24.612502781241));
#5519 = CARTESIAN_POINT('',(-36.1312919443,7.231449028902,
    28.040501808158));
#5520 = CARTESIAN_POINT('',(-35.82496424535,6.516873279753,
    32.244422110789));
#5521 = CARTESIAN_POINT('',(-35.51875895246,3.076106677119,
    35.426115974109));
#5522 = CARTESIAN_POINT('',(-35.21252378144,-1.607071488188,
    35.609355057157));
#5523 = CARTESIAN_POINT('',(-34.9062223655,-5.084607500618,
    33.142124367811));
#5524 = CARTESIAN_POINT('',(-34.60001701407,-6.361023705053,
    29.570239266418));
#5525 = CARTESIAN_POINT('',(-34.29374825954,-5.588887405456,
    26.376404503777));
#5526 = CARTESIAN_POINT('',(-33.9875,-3.606244584055,24.393755415944));
#5527 = CARTESIAN_POINT('',(-33.68125924447,-1.623615459428,
    22.41109221723));
#5528 = CARTESIAN_POINT('',(-33.37497708723,1.570299417016,
    21.639056073566));
#5529 = CARTESIAN_POINT('',(-33.0687919442,5.142045749505,
    22.915232457204));
#5530 = CARTESIAN_POINT('',(-32.76246424551,7.609384944726,
    26.393134368318));
#5531 = CARTESIAN_POINT('',(-32.45625895227,7.426192854563,
    31.075921072303));
#5532 = CARTESIAN_POINT('',(-32.1500237816,4.244255413894,
    34.516997708408));
#5533 = CARTESIAN_POINT('',(-31.84372236539,4.067056705881E-02,
    35.23139145359));
#5534 = CARTESIAN_POINT('',(-31.53751701412,-3.387596163889,
    33.60824983049));
#5535 = CARTESIAN_POINT('',(-31.23124825952,-5.099995568916,
    30.803884798405));
#5536 = CARTESIAN_POINT('',(-30.925,-5.100000000023,27.999999999998));
#5537 = CARTESIAN_POINT('',(-30.61875924444,-5.100024093937,
    25.196114908785));
#5538 = CARTESIAN_POINT('',(-30.31247708734,-3.387497219124,
    22.391764048604));
#5539 = CARTESIAN_POINT('',(-30.00629194396,4.050180892093E-02,
    20.768550971047));
#5540 = CARTESIAN_POINT('',(-29.69996424588,4.244422109649,
    21.483126720423));
#5541 = CARTESIAN_POINT('',(-29.39375895187,7.426115975346,
    24.923893322585));
#5542 = CARTESIAN_POINT('',(-29.08752378192,7.609355056193,
    29.607071488498));
#5543 = CARTESIAN_POINT('',(-28.78122236523,5.14212436832,
    33.084607500415));
#5544 = CARTESIAN_POINT('',(-28.47501701416,1.570239266272,
    34.361023705117));
#5545 = CARTESIAN_POINT('',(-28.16874825954,-1.623595496239,
    33.588887405475));
#5546 = CARTESIAN_POINT('',(-27.86249999998,-3.606244584015,
    31.606244584021));
#5547 = CARTESIAN_POINT('',(-27.55625924457,-5.588907782948,
    29.623615459603));
#5548 = CARTESIAN_POINT('',(-27.24997708692,-6.360943925962,
    26.429700582426));
#5549 = CARTESIAN_POINT('',(-26.94379194484,-5.084767543652,
    22.8579542517));
#5550 = CARTESIAN_POINT('',(-26.63746424457,-1.606865630571,
    20.39061505342));
#5551 = CARTESIAN_POINT('',(-26.33125895329,3.075921071266,
    20.57380714752));
#5552 = CARTESIAN_POINT('',(-26.0250237808,6.516997709095,
    23.755744584387));
#5553 = CARTESIAN_POINT('',(-25.71872236586,7.231391453281,
    27.959329433975));
#5554 = CARTESIAN_POINT('',(-25.41251701393,5.608249830574,
    31.387596163451));
#5555 = CARTESIAN_POINT('',(-25.10624825956,2.803884798396,
    33.099995569034));
#5556 = CARTESIAN_POINT('',(-24.8,-1.735659051736E-12,33.100000000013));
#5557 = CARTESIAN_POINT('',(-24.49375924446,-2.803885091224,
    33.100024094012));
#5558 = CARTESIAN_POINT('',(-24.18747708723,-5.608235951384,
    31.387497218868));
#5559 = CARTESIAN_POINT('',(-23.8812919442,-7.231449028931,
    27.959498191652));
#5560 = CARTESIAN_POINT('',(-23.57496424548,-6.516873279687,
    23.755577889454));
#5561 = CARTESIAN_POINT('',(-23.26875895233,-3.07610667722,
    20.573884025656));
#5562 = CARTESIAN_POINT('',(-22.96252378154,1.607071488302,
    20.390644943021));
#5563 = CARTESIAN_POINT('',(-22.65622236544,5.084607500518,
    22.857875632075));
#5564 = CARTESIAN_POINT('',(-22.35001701411,6.361023705123,
    26.429760733651));
#5565 = CARTESIAN_POINT('',(-22.04374825952,5.588887405417,
    29.623595496182));
#5566 = CARTESIAN_POINT('',(-21.73750000001,3.606244584073,
    31.606244584076));
#5567 = CARTESIAN_POINT('',(-21.43125924442,1.62361545935,
    33.588907782671));
#5568 = CARTESIAN_POINT('',(-21.12497708738,-1.570299416766,
    34.360943926708));
#5569 = CARTESIAN_POINT('',(-20.81879194385,-5.142045750073,
    33.084767542272));
#5570 = CARTESIAN_POINT('',(-20.51246424605,-7.609384943806,
    29.606865632401));
#5571 = CARTESIAN_POINT('',(-20.20625895165,-7.426192855625,
    24.924078926982));
#5572 = CARTESIAN_POINT('',(-19.9000237821,-4.244255413047,21.4830022921
    ));
#5573 = CARTESIAN_POINT('',(-19.59372236513,-4.067056746855E-02,
    20.768608546167));
#5574 = CARTESIAN_POINT('',(-19.28751701418,3.387596163925,
    22.391750169575));
#5575 = CARTESIAN_POINT('',(-18.98124825955,5.099995569035,
    25.196115201597));
#5576 = CARTESIAN_POINT('',(-18.67499999996,5.099999999914,
    27.999999999992));
#5577 = CARTESIAN_POINT('',(-18.36875924465,5.100024094464,
    30.80388509123));
#5578 = CARTESIAN_POINT('',(-18.06247708666,3.387497217559,
    33.608235951496));
#5579 = CARTESIAN_POINT('',(-17.7562919454,-4.050180570241E-02,
    35.231449028441));
#5580 = CARTESIAN_POINT('',(-17.44996424366,-4.244422114423,
    34.516873280791));
#5581 = CARTESIAN_POINT('',(-17.14375895435,-7.426115970151,
    31.076106675591));
#5582 = CARTESIAN_POINT('',(-16.83752377987,-7.609355060337,
    26.392928513384));
#5583 = CARTESIAN_POINT('',(-16.53122236645,-5.142124365945,
    22.915392498234));
#5584 = CARTESIAN_POINT('',(-16.22501701366,-1.570239267192,
    21.63897629553));
#5585 = CARTESIAN_POINT('',(-15.91874825965,1.623595496432,
    22.411112594354));
#5586 = CARTESIAN_POINT('',(-15.61249999999,3.606244584029,
    24.39375541597));
#5587 = CARTESIAN_POINT('',(-15.30625924456,5.588907782948,
    26.376384540406));
#5588 = CARTESIAN_POINT('',(-14.99997708689,6.3609439259,29.570299417608
    ));
#5589 = CARTESIAN_POINT('',(-14.69379194496,5.084767543832,
    33.142045748097));
#5590 = CARTESIAN_POINT('',(-14.38746424428,1.606865630276,
    35.609384947107));
#5591 = CARTESIAN_POINT('',(-14.08125895372,-3.075921070944,
    35.426192851621));
#5592 = CARTESIAN_POINT('',(-13.77502378035,-6.516997709337,
    32.244255416573));
#5593 = CARTESIAN_POINT('',(-13.46872236619,-7.231391453161,
    28.04067056527));
#5594 = CARTESIAN_POINT('',(-13.16251701376,-5.608249830609,
    24.612403836968));
#5595 = CARTESIAN_POINT('',(-12.85624825963,-2.80388479839,
    22.900004430806));
#5596 = CARTESIAN_POINT('',(-12.54999999999,-3.79601479743E-13,
    22.900000000027));
#5597 = CARTESIAN_POINT('',(-12.24375924455,2.803885091227,
    22.899975905767));
#5598 = CARTESIAN_POINT('',(-11.93747708695,5.608235951427,
    24.612502781803));
#5599 = CARTESIAN_POINT('',(-11.6312919448,7.231449028728,
    28.040501806984));
#5600 = CARTESIAN_POINT('',(-11.32496424459,6.516873280156,
    32.24442211252));
#5601 = CARTESIAN_POINT('',(-11.0187589533,3.07610667652,35.426115972259
    ));
#5602 = CARTESIAN_POINT('',(-10.71252378076,-1.607071487576,
    35.609355058597));
#5603 = CARTESIAN_POINT('',(-10.40622236589,-5.084607501053,
    33.142124367007));
#5604 = CARTESIAN_POINT('',(-10.10001701391,-6.361023704845,
    29.570239266724));
#5605 = CARTESIAN_POINT('',(-9.793748259577,-5.588887405513,
    26.376404503711));
#5606 = CARTESIAN_POINT('',(-9.487500000003,-3.606244584055,
    24.393755415943));
#5607 = CARTESIAN_POINT('',(-9.181259244483,-1.623615459442,
    22.411092217205));
#5608 = CARTESIAN_POINT('',(-8.874977087184,1.570299417101,
    21.639056073677));
#5609 = CARTESIAN_POINT('',(-8.56879194435,5.142045749236,
    22.915232456935));
#5610 = CARTESIAN_POINT('',(-8.262464245228,7.609384945266,
    26.393134368748));
#5611 = CARTESIAN_POINT('',(-7.956258952661,7.426192853826,
    31.075921071824));
#5612 = CARTESIAN_POINT('',(-7.650023781252,4.244255414578,
    34.516997708783));
#5613 = CARTESIAN_POINT('',(-7.343722365614,4.067056665093E-02,
    35.231391453391));
#5614 = CARTESIAN_POINT('',(-7.037517014056,-3.387596163776,
    33.608249830551));
#5615 = CARTESIAN_POINT('',(-6.731248259513,-5.099995568874,
    30.803884798401));
#5616 = CARTESIAN_POINT('',(-6.425000000031,-5.100000000085,
    27.999999999993));
#5617 = CARTESIAN_POINT('',(-6.118759244311,-5.100024093625,
    25.196114908776));
#5618 = CARTESIAN_POINT('',(-5.812477087739,-3.38749722003,
    22.391764048722));
#5619 = CARTESIAN_POINT('',(-5.506291943156,4.050181069726E-02,
    20.768550970638));
#5620 = CARTESIAN_POINT('',(-5.199964247053,4.244422107155,
    21.483126721272));
#5621 = CARTESIAN_POINT('',(-4.893758950618,7.426115977935,
    24.92389332136));
#5622 = CARTESIAN_POINT('',(-4.587523782945,7.609355054143,29.6070714898
    ));
#5623 = CARTESIAN_POINT('',(-4.281222364579,5.142124369617,
    33.084607499361));
#5624 = CARTESIAN_POINT('',(-3.975017014516,1.570239265564,
    34.361023705785));
#5625 = CARTESIAN_POINT('',(-3.66874825937,-1.62359549588,
    33.588887405135));
#5626 = CARTESIAN_POINT('',(-3.362500000058,-3.606244584181,
    31.606244584162));
#5627 = CARTESIAN_POINT('',(-3.056259244128,-5.588907782156,
    29.623615458837));
#5628 = CARTESIAN_POINT('',(-2.749977088308,-6.360943928079,
    26.429700584845));
#5629 = CARTESIAN_POINT('',(-2.443791942024,-5.084767539866,
    22.857954246593));
#5630 = CARTESIAN_POINT('',(-2.137464248617,-1.606865635327,
    20.390615061062));
#5631 = CARTESIAN_POINT('',(-1.831258949081,3.075921075494,
    20.573807139187));
#5632 = CARTESIAN_POINT('',(-1.525023784019,6.516997706488,
    23.755744591091));
#5633 = CARTESIAN_POINT('',(-1.218722364061,7.231391454332,
    27.959329429981));
#5634 = CARTESIAN_POINT('',(-0.912517014674,5.608249830334,
    31.387596165211));
#5635 = CARTESIAN_POINT('',(-0.606248259351,2.803884798419,
    33.09999556846));
#5636 = CARTESIAN_POINT('',(-0.300000000051,-1.105315838856E-11,
    33.100000000151));
#5637 = CARTESIAN_POINT('',(6.241003574289E-03,-2.8038855333,
    33.100023615663));
#5638 = CARTESIAN_POINT('',(0.312521849815,-5.608234056162,
    31.387499268415));
#5639 = CARTESIAN_POINT('',(0.618710800532,-7.231453923907,
    27.959492899701));
#5640 = CARTESIAN_POINT('',(0.9250305579,-6.516864010248,23.755587908197
    ));
#5641 = CARTESIAN_POINT('',(1.231248763621,-3.076120442767,
    20.573869150343));
#5642 = CARTESIAN_POINT('',(1.53746696068,1.607088006619,20.390662790307
    ));
#5643 = CARTESIAN_POINT('',(1.843786724736,5.084591279827,
    22.857858108128));
#5644 = CARTESIAN_POINT('',(2.149975671511,6.361036757699,26.42977483417
    ));
#5645 = CARTESIAN_POINT('',(2.456256519476,5.588878877063,
    29.623586283315));
#5646 = CARTESIAN_POINT('',(2.762497522583,3.606249005151,
    31.606249359991));
#5647 = CARTESIAN_POINT('',(3.068745534364,1.623606931313,
    33.588898570159));
#5648 = CARTESIAN_POINT('',(3.375015599108,-1.570286365392,
    34.360958025696));
#5649 = CARTESIAN_POINT('',(3.681217144173,-5.142061968153,
    33.084750022157));
#5650 = CARTESIAN_POINT('',(3.987526499773,-7.609368429318,
    29.606883473084));
#5651 = CARTESIAN_POINT('',(4.293748759925,-7.426206617226,
    24.924064059885));
#5652 = CARTESIAN_POINT('',(4.599971025145,-4.244246146433,
    21.483012303346));
#5653 = CARTESIAN_POINT('',(4.906280377139,-4.067546114903E-02,
    20.768603259212));
#5654 = CARTESIAN_POINT('',(5.21248192395,3.387598058895,22.39175221675)
  );
#5655 = CARTESIAN_POINT('',(5.518751988208,5.099995126846,
    25.196114724002));
#5656 = CARTESIAN_POINT('',(5.824999999994,5.100000000017,
    28.000000000001));
#5657 = CARTESIAN_POINT('',(6.131240755552,5.100024093957,
    30.803885091236));
#5658 = CARTESIAN_POINT('',(6.437522912692,3.387497219044,
    33.608235951327));
#5659 = CARTESIAN_POINT('',(6.743708055918,-4.050180867052E-02,
    35.231449029073));
#5660 = CARTESIAN_POINT('',(7.050035754373,-4.244422110162,
    34.516873279442));
#5661 = CARTESIAN_POINT('',(7.356241047773,-7.426115974661,
    31.076106677539));
#5662 = CARTESIAN_POINT('',(7.662476218391,-7.60935505676,26.39292851136
    ));
#5663 = CARTESIAN_POINT('',(7.968777634621,-5.142124368112,
    22.915392499791));
#5664 = CARTESIAN_POINT('',(8.27498298581,-1.570239266151,
    21.638976294628));
#5665 = CARTESIAN_POINT('',(8.581251740557,1.623595496005,
    22.411112594754));
#5666 = CARTESIAN_POINT('',(8.887499999936,3.606244584189,
    24.393755415832));
#5667 = CARTESIAN_POINT('',(9.193740755881,5.588907782134,
    26.376384541173));
#5668 = CARTESIAN_POINT('',(9.500022911643,6.360943928174,29.57029941506
    ));
#5669 = CARTESIAN_POINT('',(9.806208058188,5.084767539587,33.14204575384
    ));
#5670 = CARTESIAN_POINT('',(10.11253575086,1.606865635863,
    35.609384937855));
#5671 = CARTESIAN_POINT('',(10.418741051745,-3.07592107619,
    35.426192862532));
#5672 = CARTESIAN_POINT('',(10.724976215108,-6.516997705871,
    32.244255407081));
#5673 = CARTESIAN_POINT('',(11.031277636556,-7.231391454694,
    28.040670571315));
#5674 = CARTESIAN_POINT('',(11.337482985059,-5.60824983021,
    24.612403834231));
#5675 = CARTESIAN_POINT('',(11.643751740691,-2.803884798431,
    22.900004431617));
#5676 = CARTESIAN_POINT('',(11.949999999976,3.552681223554E-12,
    22.899999999919));
#5677 = CARTESIAN_POINT('',(12.256240755701,2.803885091197,
    22.899975906421));
#5678 = CARTESIAN_POINT('',(12.562522912203,5.608235951387,
    24.612502779823));
#5679 = CARTESIAN_POINT('',(12.868708056947,7.231449029102,
    28.04050181093));
#5680 = CARTESIAN_POINT('',(13.17503575286,6.516873279197,
    32.244422106981));
#5681 = CARTESIAN_POINT('',(13.481241049363,3.076106677971,
    35.426115977869));
#5682 = CARTESIAN_POINT('',(13.787476217212,-1.607071489039,
    35.609355054497));
#5683 = CARTESIAN_POINT('',(14.093777635189,-5.084607500049,
    33.142124369114));
#5684 = CARTESIAN_POINT('',(14.399982985698,-6.361023705288,
    29.570239266023));
#5685 = CARTESIAN_POINT('',(14.706251740487,-5.588887405424,
    26.376404503812));
#5686 = CARTESIAN_POINT('',(15.012500000015,-3.606244584028,
    24.393755415978));
#5687 = CARTESIAN_POINT('',(15.318740755449,-1.623615459563,
    22.411092217098));
#5688 = CARTESIAN_POINT('',(15.625022912986,1.570299417428,
    21.639056073901));
#5689 = CARTESIAN_POINT('',(15.931208055365,5.142045748646,
    22.915232456617));
#5690 = CARTESIAN_POINT('',(16.237535755099,7.609384946007,
    26.393134369052));
#5691 = CARTESIAN_POINT('',(16.543741047082,7.426192853154,
    31.075921071648));
#5692 = CARTESIAN_POINT('',(16.849976218892,4.244255415058,
    34.516997708817));
#5693 = CARTESIAN_POINT('',(17.156277634308,4.067056632114E-02,
    35.231391453421));
#5694 = CARTESIAN_POINT('',(17.46248298601,-3.387596163519,
    33.608249830531));
#5695 = CARTESIAN_POINT('',(17.768751740425,-5.099995569069,
    30.803884798399));
#5696 = CARTESIAN_POINT('',(18.075000000011,-5.099999999969,
    28.000000000002));
#5697 = CARTESIAN_POINT('',(18.381241003185,-5.100023616641,
    25.196114466674));
#5698 = CARTESIAN_POINT('',(18.687521851078,-3.387499265439,
    22.391765943667));
#5699 = CARTESIAN_POINT('',(18.993710797817,4.050709416066E-02,
    20.768546076997));
#5700 = CARTESIAN_POINT('',(19.300030562061,4.244412100881,
    21.483135987571));
#5701 = CARTESIAN_POINT('',(19.606248758948,7.426130839802,
    24.92387956058));
#5702 = CARTESIAN_POINT('',(19.912466964564,7.609337217595,
    29.607088003056));
#5703 = CARTESIAN_POINT('',(20.218786722359,5.142141887219,
    33.084591282526));
#5704 = CARTESIAN_POINT('',(20.524975672559,1.570225167805,
    34.361036756253));
#5705 = CARTESIAN_POINT('',(20.83125651916,-1.623586283896,
    33.588878877587));
#5706 = CARTESIAN_POINT('',(21.137497522638,-3.606249359883,
    31.606249005042));
#5707 = CARTESIAN_POINT('',(21.443745534277,-5.588898570359,
    29.623606931476));
#5708 = CARTESIAN_POINT('',(21.750015599218,-6.360958025388,
    26.429713634434));
#5709 = CARTESIAN_POINT('',(22.056217144025,-5.084750022586,
    22.857938032029));
#5710 = CARTESIAN_POINT('',(22.362526500012,-1.606883472542,
    20.390631570397));
#5711 = CARTESIAN_POINT('',(22.668748759577,3.075935939532,
    20.573793383235));
#5712 = CARTESIAN_POINT('',(22.974971025515,6.516987697146,
    23.755753853042));
#5713 = CARTESIAN_POINT('',(23.28128037688,7.231396740491,
    27.959324539218));
#5714 = CARTESIAN_POINT('',(23.587481924049,5.608247783365,
    31.387598058782));
#5715 = CARTESIAN_POINT('',(23.893751988211,2.80388527598,
    33.099995126797));
#5716 = CARTESIAN_POINT('',(24.199999999967,-8.028369414534E-12,
    33.100000000091));
#5717 = CARTESIAN_POINT('',(24.506240755695,-2.803885091213,
    33.100024093617));
#5718 = CARTESIAN_POINT('',(24.812522912234,-5.608235951298,
    31.387497220064));
#5719 = CARTESIAN_POINT('',(25.11870805695,-7.231449029374,
    27.95949818915));
#5720 = CARTESIAN_POINT('',(25.425035752688,-6.516873278602,
    23.755577893252));
#5721 = CARTESIAN_POINT('',(25.731241049793,-3.076106678915,
    20.573884021396));
#5722 = CARTESIAN_POINT('',(26.037476216621,1.607071490134,
    20.390644946569));
#5723 = CARTESIAN_POINT('',(26.343777635724,5.084607499112,
    22.857875629898));
#5724 = CARTESIAN_POINT('',(26.649982985362,6.361023705883,
    26.429760734614));
#5725 = CARTESIAN_POINT('',(26.956251740638,5.588887405144,
    29.623595495887));
#5726 = CARTESIAN_POINT('',(27.262499999965,3.606244584124,
    31.606244584133));
#5727 = CARTESIAN_POINT('',(27.56874075576,1.623615459028,
    33.588907782347));
#5728 = CARTESIAN_POINT('',(27.875022912,-1.570299415694,34.360943927614
    ));
#5729 = CARTESIAN_POINT('',(28.181208057436,-5.142045752441,
    33.084767540621));
#5730 = CARTESIAN_POINT('',(28.48753575201,-7.609384940079,
    29.606865634486));
#5731 = CARTESIAN_POINT('',(28.793741050456,-7.426192859952,
    24.92407892513));
#5732 = CARTESIAN_POINT('',(29.099976216163,-4.244255409263,
    21.483002293231));
#5733 = CARTESIAN_POINT('',(29.406277635943,-4.067057000602E-02,
    20.76860854572));
#5734 = CARTESIAN_POINT('',(29.71248298529,3.387596165263,
    22.391750169678));
#5735 = CARTESIAN_POINT('',(30.018751740655,5.09999556846,
    25.196115201578));
#5736 = CARTESIAN_POINT('',(30.32499999996,5.100000000123,
    28.000000000008));
#5737 = CARTESIAN_POINT('',(30.631240755772,5.100024093403,
    30.803885091185));
#5738 = CARTESIAN_POINT('',(30.937522911994,3.387497220673,
    33.608235951385));
#5739 = CARTESIAN_POINT('',(31.243708057379,-4.050181190943E-02,
    35.231449029185));
#5740 = CARTESIAN_POINT('',(31.55003575222,-4.244422105584,
    34.516873278967));
#5741 = CARTESIAN_POINT('',(31.85624105005,-7.426115979308,
    31.076106678316));
#5742 = CARTESIAN_POINT('',(32.162476216688,-7.609355053447,
    26.39292851064));
#5743 = CARTESIAN_POINT('',(32.468777635453,-5.142124369612,
    22.915392500122));
#5744 = CARTESIAN_POINT('',(32.774982985635,-1.570239265924,
    21.638976294698));
#5745 = CARTESIAN_POINT('',(33.081251740465,1.623595496245,
    22.411112594519));
#5746 = CARTESIAN_POINT('',(33.387500000044,3.606244583961,
    24.393755416024));
#5747 = CARTESIAN_POINT('',(33.693740755285,5.588907783193,
    26.37638454016));
#5748 = CARTESIAN_POINT('',(34.000022913491,6.360943925309,
    29.570299418299));
#5749 = CARTESIAN_POINT('',(34.306208054337,5.084767544822,
    33.142045746806));
#5750 = CARTESIAN_POINT('',(34.612535756577,1.606865629114,
    35.60938494876));
#5751 = CARTESIAN_POINT('',(34.918741045544,-3.075921069996,
    35.426192850158));
#5752 = CARTESIAN_POINT('',(35.224976220058,-6.516997709849,
    32.244255417451));
#5753 = CARTESIAN_POINT('',(35.531277633669,-7.231391452998,
    28.040670564927));
#5754 = CARTESIAN_POINT('',(35.837482986257,-5.608249830629,
    24.612403837061));
#5755 = CARTESIAN_POINT('',(36.143751740362,-2.803884798391,
    22.900004430768));
#5756 = CARTESIAN_POINT('',(36.450000000019,-2.880584659692E-12,
    22.900000000056));
#5757 = CARTESIAN_POINT('',(36.75624075537,2.803885091229,
    22.899975905597));
#5758 = CARTESIAN_POINT('',(37.062522913305,5.608235951473,
    24.612502782362));
#5759 = CARTESIAN_POINT('',(37.368708054593,7.231449028492,
    28.040501805746));
#5760 = CARTESIAN_POINT('',(37.675035756396,6.516873280761,
    32.244422114479));
#5761 = CARTESIAN_POINT('',(37.981241045507,3.076106675525,
    35.426115969979));
#5762 = CARTESIAN_POINT('',(38.287476220298,-1.60707148644,
    35.609355060575));
#5763 = CARTESIAN_POINT('',(38.593777633393,-5.084607501979,
    33.142124365719));
#5764 = CARTESIAN_POINT('',(38.899982986432,-6.361023704304,
    29.570239267356));
#5765 = CARTESIAN_POINT('',(39.206251740297,-5.588887405739,
    26.376404503471));
#5766 = CARTESIAN_POINT('',(39.51250000003,-3.60624458399,
    24.393755416017));
#5767 = CARTESIAN_POINT('',(39.818741003036,-1.623614809508,
    22.411092241904));
#5768 = CARTESIAN_POINT('',(40.125021851585,1.570296630743,
    21.639055967229));
#5769 = CARTESIAN_POINT('',(40.43121079669,5.142052945712,
    22.915232732639));
#5770 = CARTESIAN_POINT('',(40.737530563825,7.609371317307,
    26.393133845473));
#5771 = CARTESIAN_POINT('',(41.043748756932,7.426213093233,
    31.07592185041));
#5772 = CARTESIAN_POINT('',(41.349966966259,4.244231125525,
    34.51699677309));
#5773 = CARTESIAN_POINT('',(41.656286721321,4.069442054889E-02,
    35.231392373161));
#5774 = CARTESIAN_POINT('',(41.962475673007,-3.387615360528,
    33.608249090006));
#5775 = CARTESIAN_POINT('',(42.268756519036,-5.099983025073,
    30.803885282374));
#5776 = CARTESIAN_POINT('',(42.57499752265,-5.10000650309,
    27.999999749093));
#5777 = CARTESIAN_POINT('',(42.881245534116,-5.10001155009,
    25.196115392768));
#5778 = CARTESIAN_POINT('',(43.187515599767,-3.387516415833,
    22.391763307798));
#5779 = CARTESIAN_POINT('',(43.493717142893,4.052566271368E-02,
    20.768551891977));
#5780 = CARTESIAN_POINT('',(43.800026501614,4.244397820551,
    21.483125781968));
#5781 = CARTESIAN_POINT('',(44.106248757943,7.426136215136,
    24.923894105446));
#5782 = CARTESIAN_POINT('',(44.412471026758,7.609341427617,
    29.607070960625));
#5783 = CARTESIAN_POINT('',(44.71878037614,5.142131565331,
    33.084607779635));
#5784 = CARTESIAN_POINT('',(45.024981924429,1.570236479646,
    34.361023596769));
#5785 = CARTESIAN_POINT('',(45.331251988025,-1.623594846245,
    33.588887430866));
#5786 = CARTESIAN_POINT('',(45.637500000052,-3.606244583937,
    31.606244583951));
#5787 = CARTESIAN_POINT('',(45.943739210744,-5.588907939822,
    29.623619513938));
#5788 = CARTESIAN_POINT('',(46.250029534269,-6.360943254124,
    26.429683203508));
#5789 = CARTESIAN_POINT('',(46.556190955531,-5.084769277856,
    22.857999134197));
#5790 = CARTESIAN_POINT('',(46.862568134465,-1.606862348128,
    20.390530065361));
#5791 = CARTESIAN_POINT('',(47.168692963638,3.075916198546,
    20.573933356277));
#5792 = CARTESIAN_POINT('',(47.475033917747,6.517003554647,
    23.755593135889));
#5793 = CARTESIAN_POINT('',(47.781220974038,7.231385713968,
    27.95947815742));
#5794 = CARTESIAN_POINT('',(48.087528581042,5.60825444862,
    31.387476483786));
#5795 = CARTESIAN_POINT('',(48.3937219485,2.803881781053,33.100073768284
    ));
#5796 = CARTESIAN_POINT('',(48.700015444416,1.56421275066E-06,
    33.099959460756));
#5797 = CARTESIAN_POINT('',(49.006127510574,-2.80373944128,
    33.100322499238));
#5798 = CARTESIAN_POINT('',(49.312907677296,-5.608445393342,
    31.385855120461));
#5799 = CARTESIAN_POINT('',(49.61786526565,-7.232091401833,
    27.964300411086));
#5800 = CARTESIAN_POINT('',(49.92629495466,-6.514502369392,
    23.747328046593));
#5801 = CARTESIAN_POINT('',(50.229960072011,-3.079298603902,
    20.582663951913));
#5802 = CARTESIAN_POINT('',(50.53834345388,1.609216931503,
    20.384939869235));
#5803 = CARTESIAN_POINT('',(50.843408454771,5.083950726598,
    22.859946461532));
#5804 = CARTESIAN_POINT('',(51.150064151995,6.361100774791,
    26.429403731238));
#5805 = CARTESIAN_POINT('',(51.456251841602,5.588847779476,
    29.623630791314));
#5806 = CARTESIAN_POINT('',(52.068744541898,1.623641036757,
    33.588859146194));
#5807 = CARTESIAN_POINT('',(52.374944324161,-1.570458935074,
    34.361088308507));
#5808 = CARTESIAN_POINT('',(52.681556234438,-5.140902914044,
    33.084062530102));
#5809 = CARTESIAN_POINT('',(52.986719951689,-7.612652109113,
    29.608802320445));
#5810 = CARTESIAN_POINT('',(53.294936816566,-7.42155065107,
    24.921422032518));
#5811 = CARTESIAN_POINT('',(53.598825152813,-4.247776809468,
    21.484857056586));
#5812 = CARTESIAN_POINT('',(53.907010882036,-3.944301818462E-02,
    20.768174846817));
#5813 = CARTESIAN_POINT('',(54.212187963261,3.387656315873,
    22.391511596739));
#5814 = CARTESIAN_POINT('',(54.518805738776,5.099854640174,
    25.19626747474));
#5815 = CARTESIAN_POINT('',(54.8250154444,5.099959460835,27.999998435794
    ));
#5816 = CARTESIAN_POINT('',(55.131127453706,5.100322504828,
    30.803739291766));
#5817 = CARTESIAN_POINT('',(55.437907921289,3.385855095973,
    33.608446034107));
#5818 = CARTESIAN_POINT('',(55.742864635289,-3.569952527907E-02,
    35.232089746989));
#5819 = CARTESIAN_POINT('',(56.051296148493,-4.252672074193,
    34.514505503162));
#5820 = CARTESIAN_POINT('',(56.354958298995,-7.41733586855,
    31.079293949869));
#5821 = CARTESIAN_POINT('',(56.663345581569,-7.615060346268,
    26.390788653574));
#5822 = CARTESIAN_POINT('',(56.968406365315,-5.140053326835,
    22.916043788612));
#5823 = CARTESIAN_POINT('',(57.275065833428,-1.570596439064,
    21.638903638984));
#5824 = CARTESIAN_POINT('',(57.58125074294,1.62363090259,22.411149336514
    ));
#5825 = CARTESIAN_POINT('',(58.193746779677,5.588858919545,
    26.376364837461));
#5826 = CARTESIAN_POINT('',(58.499931703618,6.361089587254,
    29.570425805891));
#5827 = CARTESIAN_POINT('',(58.806591081401,5.084058998092,
    33.140994387953));
#5828 = CARTESIAN_POINT('',(59.111652137005,1.608809195527,
    35.612474094422));
#5829 = CARTESIAN_POINT('',(59.4200389105,-3.078588318105,
    35.421818649352));
#5830 = CARTESIAN_POINT('',(59.723701706343,-6.515130430074,
    32.247452760312));
#5831 = CARTESIAN_POINT('',(60.032132650733,-7.231837492892,
    28.039762663319));
#5832 = CARTESIAN_POINT('',(60.337089710234,-5.608478449542,
    24.612085767913));
#5833 = CARTESIAN_POINT('',(60.643870040752,-2.803739038049,
    22.900314153933));
#5834 = CARTESIAN_POINT('',(60.949982079974,1.814819343527E-06,
    22.899952956709));
#5835 = CARTESIAN_POINT('',(-36.5,1.33226762955E-15,21.6));
#5836 = CARTESIAN_POINT('',(-36.19372919989,3.518556683866,
    21.599988575011));
#5837 = CARTESIAN_POINT('',(-35.88755155355,7.037953520401,
    23.749003538155));
#5838 = CARTESIAN_POINT('',(-35.58115562641,9.074422058457,
    28.050782936541));
#5839 = CARTESIAN_POINT('',(-35.27508044534,8.178414235367,
    33.326528413602));
#5840 = CARTESIAN_POINT('',(-34.96872986082,3.859971262165,
    37.318673712045));
#5841 = CARTESIAN_POINT('',(-34.6624464878,-2.016681568438,
    37.549420703079));
#5842 = CARTESIAN_POINT('',(-34.35631218027,-6.380602046111,
    34.452534225102));
#5843 = CARTESIAN_POINT('',(-34.04996171716,-7.982529142721,
    29.97064701731));
#5844 = CARTESIAN_POINT('',(-33.74375391627,-7.013478285194,
    25.962515001702));
#5845 = CARTESIAN_POINT('',(-33.43749999999,-4.525483399596,
    23.474516600405));
#5846 = CARTESIAN_POINT('',(-33.13122919992,-2.037496187118,
    20.986513230574));
#5847 = CARTESIAN_POINT('',(-32.82505155346,1.970676234943,
    20.017506915057));
#5848 = CARTESIAN_POINT('',(-32.51865562661,6.452494331764,
    21.619323585954));
#5849 = CARTESIAN_POINT('',(-32.21258044503,9.549436526485,
    25.983412196205));
#5850 = CARTESIAN_POINT('',(-31.90622986118,9.318709228279,
    31.859885518841));
#5851 = CARTESIAN_POINT('',(-31.59994648748,5.326450922862,
    36.178469348053));
#5852 = CARTESIAN_POINT('',(-31.29381218049,5.086373165648E-02,
    37.074397681279));
#5853 = CARTESIAN_POINT('',(-30.98746171704,-4.25104261863,
    35.037958357101));
#5854 = CARTESIAN_POINT('',(-30.68125391632,-6.399997514004,
    31.518558596301));
#5855 = CARTESIAN_POINT('',(-30.37499999997,-6.400000000011,
    28.000000000002));
#5856 = CARTESIAN_POINT('',(-30.06872919999,-6.400011424934,
    24.481443316127));
#5857 = CARTESIAN_POINT('',(-29.76255155327,-4.250996462013,
    20.96204647963));
#5858 = CARTESIAN_POINT('',(-29.45615562698,5.078293688747E-02,
    18.925577941445));
#5859 = CARTESIAN_POINT('',(-29.1500804445,5.326528413088,
    19.821585764832));
#5860 = CARTESIAN_POINT('',(-28.84372986173,9.318673712597,
    24.140028737561));
#5861 = CARTESIAN_POINT('',(-28.5374464871,9.549420702652,
    30.016681568698));
#5862 = CARTESIAN_POINT('',(-28.23131218064,6.452534225327,
    34.380602045948));
#5863 = CARTESIAN_POINT('',(-27.92496171706,1.970647017245,
    35.982529142775));
#5864 = CARTESIAN_POINT('',(-27.61875391624,-2.037484998304,
    35.013478285201));
#5865 = CARTESIAN_POINT('',(-27.31250000004,-4.525483399579,
    32.525483399577));
#5866 = CARTESIAN_POINT('',(-27.00622919972,-7.013486769497,
    30.037496187213));
#5867 = CARTESIAN_POINT('',(-26.70005155401,-7.98249308476,
    26.029323764764));
#5868 = CARTESIAN_POINT('',(-26.39365562552,-6.380676414355,
    21.547505668863));
#5869 = CARTESIAN_POINT('',(-26.08758044661,-2.016587803446,
    18.450563472553));
#5870 = CARTESIAN_POINT('',(-25.78122985949,3.859885518586,
    18.681290772802));
#5871 = CARTESIAN_POINT('',(-25.47494648884,8.178469348149,
    22.673549076245));
#5872 = CARTESIAN_POINT('',(-25.16881217968,9.074397681291,
    27.949136268879));
#5873 = CARTESIAN_POINT('',(-24.86246171739,7.037958357066,
    32.251042618405));
#5874 = CARTESIAN_POINT('',(-24.55625391622,3.518558596318,
    34.399997514062));
#5875 = CARTESIAN_POINT('',(-24.24999999999,5.829684504912E-13,
    34.400000000006));
#5876 = CARTESIAN_POINT('',(-23.94372919992,-3.518556683871,
    34.40001142497));
#5877 = CARTESIAN_POINT('',(-23.63755155346,-7.037953520384,
    32.25099646189));
#5878 = CARTESIAN_POINT('',(-23.33115562657,-9.074422058491,
    27.949217063381));
#5879 = CARTESIAN_POINT('',(-23.02508044512,-8.178414235323,
    22.673471586501));
#5880 = CARTESIAN_POINT('',(-22.71872986106,-3.859971262206,
    18.681326287851));
#5881 = CARTESIAN_POINT('',(-22.41244648759,2.01668156847,
    18.450579297007));
#5882 = CARTESIAN_POINT('',(-22.10631218043,6.380602046084,
    21.54746577484));
#5883 = CARTESIAN_POINT('',(-21.79996171706,7.982529142745,
    26.029352982724));
#5884 = CARTESIAN_POINT('',(-21.49375391632,7.013478285176,
    30.037484998281));
#5885 = CARTESIAN_POINT('',(-21.18749999997,4.525483399607,
    32.525483399603));
#5886 = CARTESIAN_POINT('',(-20.88122920002,2.037496187071,
    35.013486769388));
#5887 = CARTESIAN_POINT('',(-20.57505155319,-1.970676234796,
    35.982493085042));
#5888 = CARTESIAN_POINT('',(-20.26865562715,-6.45249433209,
    34.380676413869));
#5889 = CARTESIAN_POINT('',(-19.96258044425,-9.549436525964,
    30.016587804024));
#5890 = CARTESIAN_POINT('',(-19.65622986201,-9.318709228876,
    24.140114480945));
#5891 = CARTESIAN_POINT('',(-19.34994648688,-5.326450922385,
    19.821530652091));
#5892 = CARTESIAN_POINT('',(-19.04381218074,-5.08637318948E-02,
    18.925602318652));
#5893 = CARTESIAN_POINT('',(-18.73746171706,4.251042618664,
    20.962041642924));
#5894 = CARTESIAN_POINT('',(-18.4312539162,6.399997514057,
    24.481441403688));
#5895 = CARTESIAN_POINT('',(-18.12500000007,6.399999999959,
    28.000000000004));
#5896 = CARTESIAN_POINT('',(-17.81872919956,6.400011425181,
    31.518556683832));
#5897 = CARTESIAN_POINT('',(-17.51255155448,4.250996461294,
    35.037953520563));
#5898 = CARTESIAN_POINT('',(-17.20615562452,-5.078293543895E-02,
    37.074422057994));
#5899 = CARTESIAN_POINT('',(-16.90008044818,-5.32652841519,
    36.178414236253));
#5900 = CARTESIAN_POINT('',(-16.59372985763,-9.318673710363,
    31.859971260968));
#5901 = CARTESIAN_POINT('',(-16.2874464905,-9.549420704387,
    25.983318432726));
#5902 = CARTESIAN_POINT('',(-15.98131217858,-6.452534224365,
    21.619397953077));
#5903 = CARTESIAN_POINT('',(-15.67496171793,-1.970647017602,
    20.017470857674));
#5904 = CARTESIAN_POINT('',(-15.36875391603,2.037484998373,
    20.986521714684));
#5905 = CARTESIAN_POINT('',(-15.06250000003,4.525483399585,
    23.474516600418));
#5906 = CARTESIAN_POINT('',(-14.75622919971,7.013486769493,
    25.962503812789));
#5907 = CARTESIAN_POINT('',(-14.4500515541,7.982493084748,
    29.970676235263));
#5908 = CARTESIAN_POINT('',(-14.14365562522,6.380676414398,
    34.452494331019));
#5909 = CARTESIAN_POINT('',(-13.83758044721,2.016587803372,
    37.549436527727));
#5910 = CARTESIAN_POINT('',(-13.53122985864,-3.859885518509,
    37.318709226761));
#5911 = CARTESIAN_POINT('',(-13.22494648972,-8.178469348198,
    33.326450924229));
#5912 = CARTESIAN_POINT('',(-12.91881217903,-9.074397681278,
    28.050863730756));
#5913 = CARTESIAN_POINT('',(-12.61246171775,-7.037958357059,
    23.748957381795));
#5914 = CARTESIAN_POINT('',(-12.30625391608,-3.518558596325,
    21.600002485862));
#5915 = CARTESIAN_POINT('',(-12.00000000002,1.904495895921E-12,
    21.600000000013));
#5916 = CARTESIAN_POINT('',(-11.69372919974,3.518556683853,
    21.599988574927));
#5917 = CARTESIAN_POINT('',(-11.387551554,7.037953520465,23.749003538419
    ));
#5918 = CARTESIAN_POINT('',(-11.08115562549,9.074422058266,
    28.050782936002));
#5919 = CARTESIAN_POINT('',(-10.7750804467,8.178414235741,
    33.326528414372));
#5920 = CARTESIAN_POINT('',(-10.46872985934,3.859971261654,
    37.31867371125));
#5921 = CARTESIAN_POINT('',(-10.16244648899,-2.016681567942,
    37.549420703671));
#5922 = CARTESIAN_POINT('',(-9.856312179579,-6.380602046451,
    34.452534224789));
#5923 = CARTESIAN_POINT('',(-9.549961717449,-7.982529142565,
    29.970647017421));
#5924 = CARTESIAN_POINT('',(-9.243753916201,-7.013478285235,
    25.96251500168));
#5925 = CARTESIAN_POINT('',(-8.937499999996,-4.525483399597,
    23.474516600405));
#5926 = CARTESIAN_POINT('',(-8.631229199899,-2.037496187124,
    20.986513230561));
#5927 = CARTESIAN_POINT('',(-8.325051553569,1.970676234985,
    20.017506915112));
#5928 = CARTESIAN_POINT('',(-8.018655626332,6.452494331623,
    21.619323585837));
#5929 = CARTESIAN_POINT('',(-7.712580445538,9.549436526777,
    25.983412196361));
#5930 = CARTESIAN_POINT('',(-7.40622986057,9.318709227873,
    31.859885518708));
#5931 = CARTESIAN_POINT('',(-7.099946488014,5.326450923245,
    36.178469348121));
#5932 = CARTESIAN_POINT('',(-6.793812180211,5.086373142365E-02,
    37.074397681266));
#5933 = CARTESIAN_POINT('',(-6.487461717106,-4.251042618559,
    35.037958357097));
#5934 = CARTESIAN_POINT('',(-6.181253916366,-6.399997513987,
    31.518558596302));
#5935 = CARTESIAN_POINT('',(-5.874999999925,-6.400000000041,
    28.000000000005));
#5936 = CARTESIAN_POINT('',(-5.568729200251,-6.40001142479,
    24.48144331609));
#5937 = CARTESIAN_POINT('',(-5.262551552526,-4.250996462418,
    20.962046479783));
#5938 = CARTESIAN_POINT('',(-4.956155628479,5.078293766272E-02,
    18.925577941063));
#5939 = CARTESIAN_POINT('',(-4.650080442316,5.326528412026,
    19.821585765494));
#5940 = CARTESIAN_POINT('',(-4.343729864175,9.318673713669,
    24.140028736719));
#5941 = CARTESIAN_POINT('',(-4.037446484975,9.549420701832,
    30.016681569512));
#5942 = CARTESIAN_POINT('',(-3.731312182142,6.452534225827,
    34.380602045331));
#5943 = CARTESIAN_POINT('',(-3.424961716188,1.970647016979,
    35.982529143154));
#5944 = CARTESIAN_POINT('',(-3.118753916687,-2.037484998169,
    35.013478285008));
#5945 = CARTESIAN_POINT('',(-2.812499999848,-4.525483399642,
    32.525483399659));
#5946 = CARTESIAN_POINT('',(-2.506229200627,-7.013486769205,
    30.037496186779));
#5947 = CARTESIAN_POINT('',(-2.200051551485,-7.982493085497,
    26.029323766096));
#5948 = CARTESIAN_POINT('',(-1.89365563043,-6.380676413133,
    21.547505666107));
#5949 = CARTESIAN_POINT('',(-1.587580439709,-2.016587804817,
    18.450563476612));
#5950 = CARTESIAN_POINT('',(-1.281229866701,3.859885519595,
    18.681290768438));
#5951 = CARTESIAN_POINT('',(-0.974946483213,8.178469347743,
    22.673549079707));
#5952 = CARTESIAN_POINT('',(-0.668812183002,9.07439768128,
    27.949136266851));
#5953 = CARTESIAN_POINT('',(-0.362461715922,7.037958357179,
    32.251042619279));
#5954 = CARTESIAN_POINT('',(-5.625391671769E-02,3.518558596258,
    34.399997513785));
#5955 = CARTESIAN_POINT('',(0.250000000136,1.07753805878E-11,
    34.400000000071));
#5956 = CARTESIAN_POINT('',(0.556270242024,-3.518556942828,
    34.400011245562));
#5957 = CARTESIAN_POINT('',(0.862450837796,-7.037952410333,
    32.250997230478));
#5958 = CARTESIAN_POINT('',(1.16883819876,-9.074424925375,27.94921507902
    ));
#5959 = CARTESIAN_POINT('',(1.474931245574,-8.178408806631,
    22.673475343094));
#5960 = CARTESIAN_POINT('',(1.781252779958,-3.859979323785,
    18.681320710508));
#5961 = CARTESIAN_POINT('',(2.087574340891,2.016691241894,
    18.450585988426));
#5962 = CARTESIAN_POINT('',(2.393667367435,6.380592547152,
    21.547459204804));
#5963 = CARTESIAN_POINT('',(2.700054740099,7.98253678631,26.029358269186
    ));
#5964 = CARTESIAN_POINT('',(3.006235330889,7.013473291021,30.03748154428
    ));
#5965 = CARTESIAN_POINT('',(3.312505574254,4.525485988559,
    32.525485190142));
#5966 = CARTESIAN_POINT('',(3.618760047554,2.03749119311,35.013483315525
    ));
#5967 = CARTESIAN_POINT('',(3.924964902512,-1.970668591984,35.9824983709
    ));
#5968 = CARTESIAN_POINT('',(4.231323924197,-6.452503829335,
    34.380669845373));
#5969 = CARTESIAN_POINT('',(4.537440378447,-9.549426855114,
    30.016594492749));
#5970 = CARTESIAN_POINT('',(4.843752786034,-9.318717287663,
    24.140108907005));
#5971 = CARTESIAN_POINT('',(5.15006519752,-5.326445495854,
    19.821534405527));
#5972 = CARTESIAN_POINT('',(5.456181648711,-5.086659762785E-02,
    18.925600336439));
#5973 = CARTESIAN_POINT('',(5.762540672303,4.251043728343,20.96204241046
    ));
#5974 = CARTESIAN_POINT('',(6.068745526288,6.399997255127,
    24.481441224635));
#5975 = CARTESIAN_POINT('',(6.375000000015,6.400000000008,
    27.999999999999));
#5976 = CARTESIAN_POINT('',(6.681270800017,6.400011424945,
    31.518556683882));
#5977 = CARTESIAN_POINT('',(6.987448446711,4.250996461967,
    35.037953520344));
#5978 = CARTESIAN_POINT('',(7.29384437307,-5.078293675167E-02,
    37.074422058582));
#5979 = CARTESIAN_POINT('',(7.599919555368,-5.326528413357,
    36.178414235175));
#5980 = CARTESIAN_POINT('',(7.906270138407,-9.318673712242,
    31.859971262389));
#5981 = CARTESIAN_POINT('',(8.212553512876,-9.549420702953,
    25.983318431342));
#5982 = CARTESIAN_POINT('',(8.518687819168,-6.452534225195,
    21.619397954086));
#5983 = CARTESIAN_POINT('',(8.825038283258,-1.970647017219,
    20.017470857115));
#5984 = CARTESIAN_POINT('',(9.131246083446,2.037484998218,
    20.986521714923));
#5985 = CARTESIAN_POINT('',(9.437500000159,4.525483399646,
    23.474516600338));
#5986 = CARTESIAN_POINT('',(9.743770799363,7.013486769189,
    25.962503813223));
#5987 = CARTESIAN_POINT('',(10.049948448596,7.982493085557,
    29.970676233864));
#5988 = CARTESIAN_POINT('',(10.356344369222,6.380676412999,
    34.452494334105));
#5989 = CARTESIAN_POINT('',(10.662419561127,2.016587805012,
    37.549436522833));
#5990 = CARTESIAN_POINT('',(10.968770132007,-3.859885519778,
    37.318709232459));
#5991 = CARTESIAN_POINT('',(11.275053518139,-8.178469347641,
    33.326450919333));
#5992 = CARTESIAN_POINT('',(11.58118781605,-9.0743976813,28.050863733832
    ));
#5993 = CARTESIAN_POINT('',(11.88753828448,-7.037958357193,
    23.748957380425));
#5994 = CARTESIAN_POINT('',(12.193746083235,-3.518558596249,
    21.600002486258));
#5995 = CARTESIAN_POINT('',(12.500000000077,-8.39147107037E-12,
    21.599999999962));
#5996 = CARTESIAN_POINT('',(12.806270799704,3.518556683912,
    21.599988575231));
#5997 = CARTESIAN_POINT('',(13.112448447581,7.037953520223,
    23.749003537516));
#5998 = CARTESIAN_POINT('',(13.418844371423,9.074422058895,
    28.050782937769));
#5999 = CARTESIAN_POINT('',(13.724919557594,8.178414234639,
    33.326528411934));
#6000 = CARTESIAN_POINT('',(14.031270136254,3.859971263017,
    37.318673713676));
#6001 = CARTESIAN_POINT('',(14.337553514301,-2.016681569148,
    37.549420701932));
#6002 = CARTESIAN_POINT('',(14.643687818645,-6.380602045698,
    34.452534225662));
#6003 = CARTESIAN_POINT('',(14.950038283186,-7.982529142873,
    29.970647017139));
#6004 = CARTESIAN_POINT('',(15.256246083696,-7.013478285176,
    25.962515001718));
#6005 = CARTESIAN_POINT('',(15.562499999969,-4.52548339958,
    23.474516600418));
#6006 = CARTESIAN_POINT('',(15.868770800233,-2.037496187192,
    20.986513230525));
#6007 = CARTESIAN_POINT('',(16.174948446114,1.970676235161,
    20.017506915177));
#6008 = CARTESIAN_POINT('',(16.481344374201,6.45249433132,
    21.619323585756));
#6009 = CARTESIAN_POINT('',(16.787419553808,9.549436527138,
    25.983412196429));
#6010 = CARTESIAN_POINT('',(17.093770140041,9.318709227568,
    31.859885518675));
#6011 = CARTESIAN_POINT('',(17.400053511511,5.326450923442,
    36.178469348119));
#6012 = CARTESIAN_POINT('',(17.70618782014,5.086373129451E-02,
    37.074397681285));
#6013 = CARTESIAN_POINT('',(18.012538282629,-4.251042618452,
    35.037958357077));
#6014 = CARTESIAN_POINT('',(18.318746083818,-6.399997514076,
    31.518558596315));
#6015 = CARTESIAN_POINT('',(18.624999999972,-6.399999999985,
    27.999999999999));
#6016 = CARTESIAN_POINT('',(18.931270242833,-6.400011246019,
    24.481443057253));
#6017 = CARTESIAN_POINT('',(19.237450835428,-4.250997229117,
    20.962047589301));
#6018 = CARTESIAN_POINT('',(19.543838203579,5.078491822378E-02,
    18.925575075657));
#6019 = CARTESIAN_POINT('',(19.849931238405,5.326524660905,
    19.821591191402));
#6020 = CARTESIAN_POINT('',(20.15625278793,9.318679285238,24.14002067887
    ));
#6021 = CARTESIAN_POINT('',(20.462574334217,9.549414014906,
    30.016691239296));
#6022 = CARTESIAN_POINT('',(20.768667371631,6.45254079329,
    34.380592548998));
#6023 = CARTESIAN_POINT('',(21.075054738147,1.970641731594,
    35.982536785373));
#6024 = CARTESIAN_POINT('',(21.381235331535,-2.037481544499,
    35.013473291344));
#6025 = CARTESIAN_POINT('',(21.687505574118,-4.525485190102,
    32.525485988495));
#6026 = CARTESIAN_POINT('',(21.993760047789,-7.013483315601,
    30.03749119321));
#6027 = CARTESIAN_POINT('',(22.299964902188,-7.982498370774,
    26.029331407894));
#6028 = CARTESIAN_POINT('',(22.606323924599,-6.380669845553,
    21.547496170811));
#6029 = CARTESIAN_POINT('',(22.912440377952,-2.016594492527,
    18.450573144671));
#6030 = CARTESIAN_POINT('',(23.218752786597,3.859891092773,
    18.681282712646));
#6031 = CARTESIAN_POINT('',(23.525065197016,8.178465594645,
    22.673554503819));
#6032 = CARTESIAN_POINT('',(23.831181649013,9.074399663462,
    27.949133402595));
#6033 = CARTESIAN_POINT('',(24.137540672228,7.037957589582,
    32.251043728269));
#6034 = CARTESIAN_POINT('',(24.443745526238,3.518558775351,
    34.399997255108));
#6035 = CARTESIAN_POINT('',(24.75000000008,6.131867892739E-12,
    34.400000000044));
#6036 = CARTESIAN_POINT('',(25.05627079975,-3.518556683906,
    34.400011424786));
#6037 = CARTESIAN_POINT('',(25.362448447467,-7.037953520224,
    32.250996462435));
#6038 = CARTESIAN_POINT('',(25.668844371488,-9.074422058954,
    27.949217062263));
#6039 = CARTESIAN_POINT('',(25.97491955785,-8.178414234416,
    22.673471588168));
#6040 = CARTESIAN_POINT('',(26.281270135483,-3.859971263463,
    18.681326286015));
#6041 = CARTESIAN_POINT('',(26.587553515436,2.016681569727,
    18.450579298503));
#6042 = CARTESIAN_POINT('',(26.893687817559,6.380602045173,
    21.547465773945));
#6043 = CARTESIAN_POINT('',(27.200038283917,7.982529143214,
    26.029352983107));
#6044 = CARTESIAN_POINT('',(27.506246083337,7.013478285014,
    30.037484998168));
#6045 = CARTESIAN_POINT('',(27.8125000001,4.525483399637,32.525483399624
    ));
#6046 = CARTESIAN_POINT('',(28.118770799594,2.037496186888,
    35.013486769272));
#6047 = CARTESIAN_POINT('',(28.42494844795,-1.970676234206,
    35.982493085348));
#6048 = CARTESIAN_POINT('',(28.731344370535,-6.452494333362,
    34.380676413357));
#6049 = CARTESIAN_POINT('',(29.037419559162,-9.549436524005,
    30.016587804589));
#6050 = CARTESIAN_POINT('',(29.343770134186,-9.318709231105,
    24.140114480554));
#6051 = CARTESIAN_POINT('',(29.65005351636,-5.326450920474,
    19.821530652204));
#6052 = CARTESIAN_POINT('',(29.956187817089,-5.086373314882E-02,
    18.925602318721));
#6053 = CARTESIAN_POINT('',(30.262538284087,4.251042619312,
    20.962041642827));
#6054 = CARTESIAN_POINT('',(30.568746083291,6.399997513782,
    24.481441403741));
#6055 = CARTESIAN_POINT('',(30.875000000112,6.400000000059,
    27.99999999999));
#6056 = CARTESIAN_POINT('',(31.181270799566,6.400011424686,
    31.518556683923));
#6057 = CARTESIAN_POINT('',(31.487448447956,4.250996462714,
    35.037953520173));
#6058 = CARTESIAN_POINT('',(31.793844370694,-5.078293821807E-02,
    37.074422059034));
#6059 = CARTESIAN_POINT('',(32.099919558627,-5.326528411302,
    36.178414234387));
#6060 = CARTESIAN_POINT('',(32.406270135189,-9.318673714324,
    31.859971263329));
#6061 = CARTESIAN_POINT('',(32.712553515074,-9.549420701459,
    25.98331843059));
#6062 = CARTESIAN_POINT('',(33.018687818296,-6.452534225891,
    21.619397954437));
#6063 = CARTESIAN_POINT('',(33.325038283223,-1.970647017089,
    20.017470857108));
#6064 = CARTESIAN_POINT('',(33.631246083775,2.037484998301,
    20.986521714792));
#6065 = CARTESIAN_POINT('',(33.937499999898,4.525483399559,
    23.47451660045));
#6066 = CARTESIAN_POINT('',(34.24377080056,7.013486769582,
    25.962503812651));
#6067 = CARTESIAN_POINT('',(34.549948445185,7.982493084545,
    29.970676235639));
#6068 = CARTESIAN_POINT('',(34.856344376024,6.380676414719,
    34.452494330329));
#6069 = CARTESIAN_POINT('',(35.162419551228,2.016587803019,
    37.549436528598));
#6070 = CARTESIAN_POINT('',(35.468770142727,-3.859885518247,
    37.318709226001));
#6071 = CARTESIAN_POINT('',(35.775053509445,-8.178469348316,
    33.326450924679));
#6072 = CARTESIAN_POINT('',(36.08118782131,-9.07439768126,
    28.050863730584));
#6073 = CARTESIAN_POINT('',(36.387538282149,-7.037958357048,
    23.74895738184));
#6074 = CARTESIAN_POINT('',(36.693746083955,-3.518558596333,
    21.600002485844));
#6075 = CARTESIAN_POINT('',(36.999999999949,4.074962589584E-12,
    21.600000000027));
#6076 = CARTESIAN_POINT('',(37.306270800392,3.518556683836,
    21.599988574848));
#6077 = CARTESIAN_POINT('',(37.612448445543,7.037953520547,
    23.749003538671));
#6078 = CARTESIAN_POINT('',(37.918844375533,9.074422058025,
    28.050782935456));
#6079 = CARTESIAN_POINT('',(38.224919551599,8.178414236227,
    33.326528415221));
#6080 = CARTESIAN_POINT('',(38.531270142728,3.859971260955,
    37.318673710282));
#6081 = CARTESIAN_POINT('',(38.837553509088,-2.016681567212,
    37.549420704493));
#6082 = CARTESIAN_POINT('',(39.143687821756,-6.380602047011,
    34.452534224268));
#6083 = CARTESIAN_POINT('',(39.450038281844,-7.982529142249,
    29.97064701767));
#6084 = CARTESIAN_POINT('',(39.756246084084,-7.013478285364,
    25.962515001588));
#6085 = CARTESIAN_POINT('',(40.062499999916,-4.525483399559,
    23.474516600433));
#6086 = CARTESIAN_POINT('',(40.368770243142,-2.037495877667,
    20.98651317396));
#6087 = CARTESIAN_POINT('',(40.674950834476,1.970674908247,
    20.017507157503));
#6088 = CARTESIAN_POINT('',(40.981338205592,6.452497758323,
    21.61932296017));
#6089 = CARTESIAN_POINT('',(41.287431235315,9.549430037548,
    25.983413380622));
#6090 = CARTESIAN_POINT('',(41.59375279145,9.31871886539,31.859883760614
    ));
#6091 = CARTESIAN_POINT('',(41.900074331221,5.326439357272,
    36.178471457358));
#6092 = CARTESIAN_POINT('',(42.206167373524,5.087509026452E-02,
    37.074395610213));
#6093 = CARTESIAN_POINT('',(42.512554737281,-4.251051759783,
    35.037960023646));
#6094 = CARTESIAN_POINT('',(42.818735331804,-6.399991540793,
    31.518557507354));
#6095 = CARTESIAN_POINT('',(43.125005574075,-6.400003096689,
    28.000000564545));
#6096 = CARTESIAN_POINT('',(43.431260048126,-6.400005451708,
    24.481442227177));
#6097 = CARTESIAN_POINT('',(43.737464901131,-4.251005603275,
    20.96204814606));
#6098 = CARTESIAN_POINT('',(44.043823926719,5.079429586068E-02,
    18.925575870942));
#6099 = CARTESIAN_POINT('',(44.349940374938,5.326516846738,
    19.821587872762));
#6100 = CARTESIAN_POINT('',(44.656252789778,9.31868335078,
    24.140026981479));
#6101 = CARTESIAN_POINT('',(44.962565194432,9.549414212655,30.0166827508
    ));
#6102 = CARTESIAN_POINT('',(45.268681650704,6.452537652624,
    34.38060142193));
#6103 = CARTESIAN_POINT('',(45.575040671277,1.9706456902,35.982529384275
    ));
#6104 = CARTESIAN_POINT('',(45.881245526721,-2.037484688751,
    35.013478228927));
#6105 = CARTESIAN_POINT('',(46.187499999865,-4.52548339955,
    32.525483399536));
#6106 = CARTESIAN_POINT('',(46.493774275571,-7.013486417737,
    30.03749811797));
#6107 = CARTESIAN_POINT('',(46.799933549439,-7.98249459286,
    26.029315488624));
#6108 = CARTESIAN_POINT('',(47.106382845626,-6.380672519152,
    21.547527042601));
#6109 = CARTESIAN_POINT('',(47.412346706165,-2.016595179921,
    18.450523000042));
#6110 = CARTESIAN_POINT('',(47.718878319423,3.859896473599,
    18.681350875046));
#6111 = CARTESIAN_POINT('',(48.024923698492,8.178456201553,
    22.673476954649));
#6112 = CARTESIAN_POINT('',(48.331315297096,9.074410591829,
    27.949207092675));
#6113 = CARTESIAN_POINT('',(48.637435700412,7.037947967579,
    32.250985625635));
#6114 = CARTESIAN_POINT('',(48.943813111477,3.518565384908,
    34.400034753389));
#6115 = CARTESIAN_POINT('',(49.249965252188,-3.51927425557E-06,
    34.399980694777));
#6116 = CARTESIAN_POINT('',(49.556525565268,-3.518886064596,
    34.40015125475));
#6117 = CARTESIAN_POINT('',(49.861582865919,-7.035869074094,
    32.250128554676));
#6118 = CARTESIAN_POINT('',(50.170740348892,-9.08018442751,
    27.952340363653));
#6119 = CARTESIAN_POINT('',(50.472086776575,-8.169135923729,
    22.667137108353));
#6120 = CARTESIAN_POINT('',(50.784151939474,-3.869132828281,
    18.688863903909));
#6121 = CARTESIAN_POINT('',(51.085602477273,2.022030429237,
    18.44533083767));
#6122 = CARTESIAN_POINT('',(51.394518380866,6.378973596365,
    21.549387660175));
#6123 = CARTESIAN_POINT('',(51.699855676225,7.98270617411,
    26.029109580458));
#6124 = CARTESIAN_POINT('',(52.006245856354,7.013468871553,
    30.037489806033));
#6125 = CARTESIAN_POINT('',(52.61876228083,2.037495131036,
    35.013473448602));
#6126 = CARTESIAN_POINT('',(52.925125291586,-1.970823705482,
    35.982703933028));
#6127 = CARTESIAN_POINT('',(53.230560862077,-6.451016697108,
    34.379017904185));
#6128 = CARTESIAN_POINT('',(53.539255393476,-9.553521688515,
    30.021852740571));
#6129 = CARTESIAN_POINT('',(53.841079208969,-9.313143941329,
    24.13118313853));
#6130 = CARTESIAN_POINT('',(54.15264388583,-5.330532427611,
    19.830593694731));
#6131 = CARTESIAN_POINT('',(54.454537675263,-4.944335609451E-02,
    18.919908742326));
#6132 = CARTESIAN_POINT('',(54.763202238635,4.250985577286,
    20.964137118782));
#6133 = CARTESIAN_POINT('',(55.068624547765,6.399928074197,
    24.481098790318));
#6134 = CARTESIAN_POINT('',(55.374965252269,6.399980694815,
    28.000003519269));
#6135 = CARTESIAN_POINT('',(55.681525693289,6.400151241691,
    31.518885993419));
#6136 = CARTESIAN_POINT('',(55.986582316673,4.2501286104,35.035869379196
    ));
#6137 = CARTESIAN_POINT('',(56.29574176761,-4.765978008861E-02,
    37.080183639506));
#6138 = CARTESIAN_POINT('',(56.597084090061,-5.332862619563,
    36.169137415995));
#6139 = CARTESIAN_POINT('',(56.909155929004,-9.31113650011,
    31.869130612074));
#6140 = CARTESIAN_POINT('',(57.210597689875,-9.554668677499,
    25.97797223032));
#6141 = CARTESIAN_POINT('',(57.51952308217,-6.450612815957,
    21.621023791843));
#6142 = CARTESIAN_POINT('',(57.824851892985,-1.97089003638,
    20.017295927675));
#6143 = CARTESIAN_POINT('',(58.13124832836,2.037489555669,
    20.986529755119));
#6144 = CARTESIAN_POINT('',(58.743757245786,7.013473958548,
    25.962507666191));
#6145 = CARTESIAN_POINT('',(59.050153688054,7.982701057576,
    29.970807929797));
#6146 = CARTESIAN_POINT('',(59.355482455749,6.379025842408,
    34.451060255776));
#6147 = CARTESIAN_POINT('',(59.664407977765,2.021837293824,
    37.553436920275));
#6148 = CARTESIAN_POINT('',(59.965849495799,-3.868793606948,
    37.313271558587));
#6149 = CARTESIAN_POINT('',(60.277921642544,-8.169434425537,
    33.330378119625));
#6150 = CARTESIAN_POINT('',(60.579263693553,-9.0800635159,
    28.049595566968));
#6151 = CARTESIAN_POINT('',(60.888423309742,-7.03588526866,
    23.748891606318));
#6152 = CARTESIAN_POINT('',(61.193479867062,-3.518886556642,
    21.6001523034));
#6153 = CARTESIAN_POINT('',(61.500040322933,-4.084057674664E-06,
    21.599977599513));
#6154 = ADVANCED_FACE('',(#6155),#6165,.F.);
#6155 = FACE_BOUND('',#6156,.F.);
#6156 = EDGE_LOOP('',(#6157,#6158,#6159,#6164));
#6157 = ORIENTED_EDGE('',*,*,#1858,.F.);
#6158 = ORIENTED_EDGE('',*,*,#4433,.T.);
#6159 = ORIENTED_EDGE('',*,*,#6160,.T.);
#6160 = EDGE_CURVE('',#4110,#1946,#6161,.T.);
#6161 = B_SPLINE_CURVE_WITH_KNOTS('',1,(#6162,#6163),.UNSPECIFIED.,.F.,
  .F.,(2,2),(0.,1.),.PIECEWISE_BEZIER_KNOTS.);
#6162 = CARTESIAN_POINT('',(61.500040322933,-4.084057682214E-06,
    21.599977599513));
#6163 = CARTESIAN_POINT('',(62.500040321929,-4.083945640726E-06,
    21.600022402213));
#6164 = ORIENTED_EDGE('',*,*,#3376,.T.);
#6165 = PLANE('',#6166);
#6166 = AXIS2_PLACEMENT_3D('',#6167,#6168,#6169);
#6167 = CARTESIAN_POINT('',(62.000005792387,-5.867776275293E-07,
    22.370713431466));
#6168 = DIRECTION('',(-9.126257232073E-11,-0.99999999999,
    4.537645108646E-06));
#6169 = DIRECTION('',(-1.110223024614E-16,4.537645108646E-06,
    0.99999999999));
#6170 = ADVANCED_FACE('',(#6171),#6174,.T.);
#6171 = FACE_BOUND('',#6172,.T.);
#6172 = EDGE_LOOP('',(#6173));
#6173 = ORIENTED_EDGE('',*,*,#1825,.T.);
#6174 = PLANE('',#6175);
#6175 = AXIS2_PLACEMENT_3D('',#6176,#6177,#6178);
#6176 = CARTESIAN_POINT('',(104.,0.,28.));
#6177 = DIRECTION('',(1.,0.,0.));
#6178 = DIRECTION('',(-0.,0.,1.));
#6179 = ADVANCED_FACE('',(#6180),#6190,.F.);
#6180 = FACE_BOUND('',#6181,.F.);
#6181 = EDGE_LOOP('',(#6182,#6183,#6188,#6189));
#6182 = ORIENTED_EDGE('',*,*,#4109,.F.);
#6183 = ORIENTED_EDGE('',*,*,#6184,.T.);
#6184 = EDGE_CURVE('',#4103,#1944,#6185,.T.);
#6185 = B_SPLINE_CURVE_WITH_KNOTS('',1,(#6186,#6187),.UNSPECIFIED.,.F.,
  .F.,(2,2),(0.,1.),.PIECEWISE_BEZIER_KNOTS.);
#6186 = CARTESIAN_POINT('',(-36.5,4.884981308351E-15,21.6));
#6187 = CARTESIAN_POINT('',(-35.5,3.552713678801E-15,21.6));
#6188 = ORIENTED_EDGE('',*,*,#1943,.T.);
#6189 = ORIENTED_EDGE('',*,*,#6160,.F.);
#6190 = B_SPLINE_SURFACE_WITH_KNOTS('',1,10,(
    (#6191,#6192,#6193,#6194,#6195,#6196,#6197,#6198,#6199,#6200,#6201
      ,#6202,#6203,#6204,#6205,#6206,#6207,#6208,#6209,#6210,#6211,#6212
      ,#6213,#6214,#6215,#6216,#6217,#6218,#6219,#6220,#6221,#6222,#6223
      ,#6224,#6225,#6226,#6227,#6228,#6229,#6230,#6231,#6232,#6233,#6234
      ,#6235,#6236,#6237,#6238,#6239,#6240,#6241,#6242,#6243,#6244,#6245
      ,#6246,#6247,#6248,#6249,#6250,#6251,#6252,#6253,#6254,#6255,#6256
      ,#6257,#6258,#6259,#6260,#6261,#6262,#6263,#6264,#6265,#6266,#6267
      ,#6268,#6269,#6270,#6271,#6272,#6273,#6274,#6275,#6276,#6277,#6278
      ,#6279,#6280,#6281,#6282,#6283,#6284,#6285,#6286,#6287,#6288,#6289
      ,#6290,#6291,#6292,#6293,#6294,#6295,#6296,#6297,#6298,#6299,#6300
      ,#6301,#6302,#6303,#6304,#6305,#6306,#6307,#6308,#6309,#6310,#6311
      ,#6312,#6313,#6314,#6315,#6316,#6317,#6318,#6319,#6320,#6321,#6322
      ,#6323,#6324,#6325,#6326,#6327,#6328,#6329,#6330,#6331,#6332,#6333
      ,#6334,#6335,#6336,#6337,#6338,#6339,#6340,#6341,#6342,#6343,#6344
      ,#6345,#6346,#6347,#6348,#6349,#6350,#6351,#6352,#6353,#6354,#6355
      ,#6356,#6357,#6358,#6359,#6360,#6361,#6362,#6363,#6364,#6365,#6366
      ,#6367,#6368,#6369,#6370,#6371,#6372,#6373,#6374,#6375,#6376,#6377
      ,#6378,#6379,#6380,#6381,#6382,#6383,#6384,#6385,#6386,#6387,#6388
      ,#6389,#6390,#6391,#6392,#6393,#6394,#6395,#6396,#6397,#6398,#6399
      ,#6400,#6401,#6402,#6403,#6404,#6405,#6406,#6407,#6408,#6409,#6410
      ,#6411,#6412,#6413,#6414,#6415,#6416,#6417,#6418,#6419,#6420,#6421
      ,#6422,#6423,#6424,#6425,#6426,#6427,#6428,#6429,#6430,#6431,#6432
      ,#6433,#6434,#6435,#6436,#6437,#6438,#6439,#6440,#6441,#6442,#6443
      ,#6444,#6445,#6446,#6447,#6448,#6449,#6450,#6451,#6452,#6453,#6454
      ,#6455,#6456,#6457,#6458,#6459,#6460,#6461,#6462,#6463,#6464,#6465
      ,#6466,#6467,#6468,#6469,#6470,#6471,#6472,#6473,#6474,#6475,#6476
      ,#6477,#6478,#6479,#6480,#6481,#6482,#6483,#6484,#6485,#6486,#6487
      ,#6488,#6489,#6490,#6491,#6492,#6493,#6494,#6495,#6496,#6497,#6498
      ,#6499,#6500,#6501,#6502,#6503,#6504,#6505,#6506,#6507,#6508,#6509
      )
    ,(#6510,#6511,#6512,#6513,#6514,#6515,#6516,#6517,#6518,#6519,#6520
      ,#6521,#6522,#6523,#6524,#6525,#6526,#6527,#6528,#6529,#6530,#6531
      ,#6532,#6533,#6534,#6535,#6536,#6537,#6538,#6539,#6540,#6541,#6542
      ,#6543,#6544,#6545,#6546,#6547,#6548,#6549,#6550,#6551,#6552,#6553
      ,#6554,#6555,#6556,#6557,#6558,#6559,#6560,#6561,#6562,#6563,#6564
      ,#6565,#6566,#6567,#6568,#6569,#6570,#6571,#6572,#6573,#6574,#6575
      ,#6576,#6577,#6578,#6579,#6580,#6581,#6582,#6583,#6584,#6585,#6586
      ,#6587,#6588,#6589,#6590,#6591,#6592,#6593,#6594,#6595,#6596,#6597
      ,#6598,#6599,#6600,#6601,#6602,#6603,#6604,#6605,#6606,#6607,#6608
      ,#6609,#6610,#6611,#6612,#6613,#6614,#6615,#6616,#6617,#6618,#6619
      ,#6620,#6621,#6622,#6623,#6624,#6625,#6626,#6627,#6628,#6629,#6630
      ,#6631,#6632,#6633,#6634,#6635,#6636,#6637,#6638,#6639,#6640,#6641
      ,#6642,#6643,#6644,#6645,#6646,#6647,#6648,#6649,#6650,#6651,#6652
      ,#6653,#6654,#6655,#6656,#6657,#6658,#6659,#6660,#6661,#6662,#6663
      ,#6664,#6665,#6666,#6667,#6668,#6669,#6670,#6671,#6672,#6673,#6674
      ,#6675,#6676,#6677,#6678,#6679,#6680,#6681,#6682,#6683,#6684,#6685
      ,#6686,#6687,#6688,#6689,#6690,#6691,#6692,#6693,#6694,#6695,#6696
      ,#6697,#6698,#6699,#6700,#6701,#6702,#6703,#6704,#6705,#6706,#6707
      ,#6708,#6709,#6710,#6711,#6712,#6713,#6714,#6715,#6716,#6717,#6718
      ,#6719,#6720,#6721,#6722,#6723,#6724,#6725,#6726,#6727,#6728,#6729
      ,#6730,#6731,#6732,#6733,#6734,#6735,#6736,#6737,#6738,#6739,#6740
      ,#6741,#6742,#6743,#6744,#6745,#6746,#6747,#6748,#6749,#6750,#6751
      ,#6752,#6753,#6754,#6755,#6756,#6757,#6758,#6759,#6760,#6761,#6762
      ,#6763,#6764,#6765,#6766,#6767,#6768,#6769,#6770,#6771,#6772,#6773
      ,#6774,#6775,#6776,#6777,#6778,#6779,#6780,#6781,#6782,#6783,#6784
      ,#6785,#6786,#6787,#6788,#6789,#6790,#6791,#6792,#6793,#6794,#6795
      ,#6796,#6797,#6798,#6799,#6800,#6801,#6802,#6803,#6804,#6805,#6806
      ,#6807,#6808,#6809,#6810,#6811,#6812,#6813,#6814,#6815,#6816,#6817
      ,#6818,#6819,#6820,#6821,#6822,#6823,#6824,#6825,#6826,#6827,#6828
      )),.UNSPECIFIED.,.F.,.F.,.F.,(2,2),(11,10,10,10,10,10,10,10,10,10,
    10,10,10,10,10,10,10,10,10,10,10,10,10,10,10,10,10,10,10,9,10,9,11),
  (0.,1.),(0.,6.293216167298,12.586432334595,18.879648501893,
    25.17286466919,31.466080836488,37.759297003786,44.052513171083,
    50.345729338381,56.638945505679,62.932161672976,69.225377840274,
    75.518594007571,81.811810174869,88.105026342167,94.398242509464,
    100.69145867676,106.98467484406,113.27789101135,119.57110717865,
    125.86432334595,132.15753951325,138.45075568054,144.74397184784,
    151.03718801514,157.33040418244,163.62362034973,169.91683651703,
    176.21005268433,182.50326885163,188.79648501892,195.08970118622,
    201.38291735352),.UNSPECIFIED.);
#6191 = CARTESIAN_POINT('',(-36.5,4.884981308351E-15,21.6));
#6192 = CARTESIAN_POINT('',(-36.19372919989,3.518556683866,
    21.599988575011));
#6193 = CARTESIAN_POINT('',(-35.88755155355,7.037953520401,
    23.749003538155));
#6194 = CARTESIAN_POINT('',(-35.58115562641,9.074422058457,
    28.050782936541));
#6195 = CARTESIAN_POINT('',(-35.27508044534,8.178414235367,
    33.326528413602));
#6196 = CARTESIAN_POINT('',(-34.96872986082,3.859971262165,
    37.318673712044));
#6197 = CARTESIAN_POINT('',(-34.6624464878,-2.016681568438,
    37.549420703079));
#6198 = CARTESIAN_POINT('',(-34.35631218027,-6.380602046111,
    34.452534225102));
#6199 = CARTESIAN_POINT('',(-34.04996171716,-7.982529142721,
    29.97064701731));
#6200 = CARTESIAN_POINT('',(-33.74375391627,-7.013478285194,
    25.962515001701));
#6201 = CARTESIAN_POINT('',(-33.43749999999,-4.525483399596,
    23.474516600405));
#6202 = CARTESIAN_POINT('',(-33.13122919992,-2.037496187118,
    20.986513230574));
#6203 = CARTESIAN_POINT('',(-32.82505155346,1.970676234943,
    20.017506915057));
#6204 = CARTESIAN_POINT('',(-32.51865562661,6.452494331764,
    21.619323585954));
#6205 = CARTESIAN_POINT('',(-32.21258044503,9.549436526485,
    25.983412196206));
#6206 = CARTESIAN_POINT('',(-31.90622986118,9.318709228278,
    31.859885518841));
#6207 = CARTESIAN_POINT('',(-31.59994648748,5.326450922863,
    36.178469348054));
#6208 = CARTESIAN_POINT('',(-31.29381218049,5.086373165615E-02,
    37.074397681279));
#6209 = CARTESIAN_POINT('',(-30.98746171704,-4.251042618629,
    35.037958357101));
#6210 = CARTESIAN_POINT('',(-30.68125391632,-6.399997514004,
    31.518558596301));
#6211 = CARTESIAN_POINT('',(-30.37499999997,-6.400000000011,
    28.000000000002));
#6212 = CARTESIAN_POINT('',(-30.06872919999,-6.400011424934,
    24.481443316127));
#6213 = CARTESIAN_POINT('',(-29.76255155327,-4.250996462013,
    20.96204647963));
#6214 = CARTESIAN_POINT('',(-29.45615562698,5.07829368873E-02,
    18.925577941445));
#6215 = CARTESIAN_POINT('',(-29.1500804445,5.326528413088,
    19.821585764833));
#6216 = CARTESIAN_POINT('',(-28.84372986173,9.318673712597,
    24.14002873756));
#6217 = CARTESIAN_POINT('',(-28.5374464871,9.549420702652,
    30.016681568699));
#6218 = CARTESIAN_POINT('',(-28.23131218064,6.452534225327,
    34.380602045947));
#6219 = CARTESIAN_POINT('',(-27.92496171706,1.970647017245,
    35.982529142776));
#6220 = CARTESIAN_POINT('',(-27.61875391624,-2.037484998304,
    35.013478285201));
#6221 = CARTESIAN_POINT('',(-27.31250000004,-4.525483399579,
    32.525483399577));
#6222 = CARTESIAN_POINT('',(-27.00622919972,-7.013486769497,
    30.037496187213));
#6223 = CARTESIAN_POINT('',(-26.70005155401,-7.98249308476,
    26.029323764764));
#6224 = CARTESIAN_POINT('',(-26.39365562552,-6.380676414354,
    21.547505668863));
#6225 = CARTESIAN_POINT('',(-26.08758044661,-2.016587803446,
    18.450563472553));
#6226 = CARTESIAN_POINT('',(-25.78122985949,3.859885518587,
    18.681290772802));
#6227 = CARTESIAN_POINT('',(-25.47494648884,8.178469348149,
    22.673549076245));
#6228 = CARTESIAN_POINT('',(-25.16881217968,9.074397681292,
    27.949136268879));
#6229 = CARTESIAN_POINT('',(-24.86246171739,7.037958357066,
    32.251042618405));
#6230 = CARTESIAN_POINT('',(-24.55625391622,3.518558596318,
    34.399997514062));
#6231 = CARTESIAN_POINT('',(-24.24999999999,5.798598260222E-13,
    34.400000000006));
#6232 = CARTESIAN_POINT('',(-23.94372919992,-3.518556683871,
    34.400011424969));
#6233 = CARTESIAN_POINT('',(-23.63755155346,-7.037953520384,
    32.250996461891));
#6234 = CARTESIAN_POINT('',(-23.33115562657,-9.074422058491,
    27.949217063381));
#6235 = CARTESIAN_POINT('',(-23.02508044512,-8.178414235322,
    22.673471586501));
#6236 = CARTESIAN_POINT('',(-22.71872986106,-3.859971262207,
    18.681326287851));
#6237 = CARTESIAN_POINT('',(-22.41244648759,2.016681568471,
    18.450579297007));
#6238 = CARTESIAN_POINT('',(-22.10631218043,6.380602046084,
    21.54746577484));
#6239 = CARTESIAN_POINT('',(-21.79996171706,7.982529142745,
    26.029352982724));
#6240 = CARTESIAN_POINT('',(-21.49375391632,7.013478285176,
    30.037484998281));
#6241 = CARTESIAN_POINT('',(-21.18749999997,4.525483399607,
    32.525483399603));
#6242 = CARTESIAN_POINT('',(-20.88122920002,2.037496187071,
    35.013486769388));
#6243 = CARTESIAN_POINT('',(-20.57505155319,-1.970676234796,
    35.982493085042));
#6244 = CARTESIAN_POINT('',(-20.26865562715,-6.452494332091,
    34.380676413868));
#6245 = CARTESIAN_POINT('',(-19.96258044425,-9.549436525963,
    30.016587804025));
#6246 = CARTESIAN_POINT('',(-19.65622986201,-9.318709228877,
    24.140114480943));
#6247 = CARTESIAN_POINT('',(-19.34994648688,-5.326450922384,
    19.821530652092));
#6248 = CARTESIAN_POINT('',(-19.04381218074,-5.086373189524E-02,
    18.925602318651));
#6249 = CARTESIAN_POINT('',(-18.73746171706,4.251042618664,
    20.962041642925));
#6250 = CARTESIAN_POINT('',(-18.4312539162,6.399997514057,
    24.481441403688));
#6251 = CARTESIAN_POINT('',(-18.12500000007,6.399999999959,
    28.000000000004));
#6252 = CARTESIAN_POINT('',(-17.81872919956,6.400011425181,
    31.518556683832));
#6253 = CARTESIAN_POINT('',(-17.51255155448,4.250996461294,
    35.037953520563));
#6254 = CARTESIAN_POINT('',(-17.20615562452,-5.078293543882E-02,
    37.074422057995));
#6255 = CARTESIAN_POINT('',(-16.90008044818,-5.326528415191,
    36.178414236252));
#6256 = CARTESIAN_POINT('',(-16.59372985763,-9.318673710363,
    31.859971260969));
#6257 = CARTESIAN_POINT('',(-16.2874464905,-9.549420704387,
    25.983318432724));
#6258 = CARTESIAN_POINT('',(-15.98131217858,-6.452534224365,
    21.619397953078));
#6259 = CARTESIAN_POINT('',(-15.67496171793,-1.970647017602,
    20.017470857673));
#6260 = CARTESIAN_POINT('',(-15.36875391603,2.037484998373,
    20.986521714684));
#6261 = CARTESIAN_POINT('',(-15.06250000003,4.525483399585,
    23.474516600418));
#6262 = CARTESIAN_POINT('',(-14.75622919971,7.013486769493,
    25.962503812789));
#6263 = CARTESIAN_POINT('',(-14.4500515541,7.982493084748,
    29.970676235263));
#6264 = CARTESIAN_POINT('',(-14.14365562522,6.380676414398,
    34.452494331018));
#6265 = CARTESIAN_POINT('',(-13.83758044721,2.016587803372,
    37.549436527728));
#6266 = CARTESIAN_POINT('',(-13.53122985864,-3.85988551851,
    37.318709226761));
#6267 = CARTESIAN_POINT('',(-13.22494648972,-8.178469348198,
    33.326450924229));
#6268 = CARTESIAN_POINT('',(-12.91881217903,-9.074397681279,
    28.050863730755));
#6269 = CARTESIAN_POINT('',(-12.61246171775,-7.037958357059,
    23.748957381795));
#6270 = CARTESIAN_POINT('',(-12.30625391608,-3.518558596325,
    21.600002485862));
#6271 = CARTESIAN_POINT('',(-12.00000000002,1.900499093033E-12,
    21.600000000013));
#6272 = CARTESIAN_POINT('',(-11.69372919974,3.518556683853,
    21.599988574927));
#6273 = CARTESIAN_POINT('',(-11.387551554,7.037953520465,23.749003538419
    ));
#6274 = CARTESIAN_POINT('',(-11.08115562549,9.074422058267,
    28.050782936002));
#6275 = CARTESIAN_POINT('',(-10.7750804467,8.17841423574,33.326528414372
    ));
#6276 = CARTESIAN_POINT('',(-10.46872985934,3.859971261654,
    37.318673711249));
#6277 = CARTESIAN_POINT('',(-10.16244648899,-2.016681567942,
    37.549420703672));
#6278 = CARTESIAN_POINT('',(-9.856312179579,-6.38060204645,
    34.452534224789));
#6279 = CARTESIAN_POINT('',(-9.549961717449,-7.982529142565,
    29.970647017421));
#6280 = CARTESIAN_POINT('',(-9.243753916201,-7.013478285235,
    25.96251500168));
#6281 = CARTESIAN_POINT('',(-8.937499999996,-4.525483399597,
    23.474516600405));
#6282 = CARTESIAN_POINT('',(-8.631229199899,-2.037496187124,
    20.986513230561));
#6283 = CARTESIAN_POINT('',(-8.325051553569,1.970676234985,
    20.017506915112));
#6284 = CARTESIAN_POINT('',(-8.018655626332,6.452494331623,
    21.619323585838));
#6285 = CARTESIAN_POINT('',(-7.712580445538,9.549436526778,
    25.98341219636));
#6286 = CARTESIAN_POINT('',(-7.40622986057,9.318709227872,
    31.859885518709));
#6287 = CARTESIAN_POINT('',(-7.099946488014,5.326450923245,
    36.17846934812));
#6288 = CARTESIAN_POINT('',(-6.793812180211,5.086373142361E-02,
    37.074397681266));
#6289 = CARTESIAN_POINT('',(-6.487461717106,-4.25104261856,
    35.037958357096));
#6290 = CARTESIAN_POINT('',(-6.181253916366,-6.399997513987,
    31.518558596302));
#6291 = CARTESIAN_POINT('',(-5.874999999925,-6.400000000041,
    28.000000000005));
#6292 = CARTESIAN_POINT('',(-5.568729200251,-6.40001142479,
    24.48144331609));
#6293 = CARTESIAN_POINT('',(-5.262551552526,-4.250996462418,
    20.962046479782));
#6294 = CARTESIAN_POINT('',(-4.956155628479,5.07829376615E-02,
    18.925577941064));
#6295 = CARTESIAN_POINT('',(-4.650080442316,5.326528412029,
    19.821585765492));
#6296 = CARTESIAN_POINT('',(-4.343729864175,9.318673713666,
    24.140028736721));
#6297 = CARTESIAN_POINT('',(-4.037446484975,9.549420701834,
    30.01668156951));
#6298 = CARTESIAN_POINT('',(-3.731312182142,6.452534225826,
    34.380602045332));
#6299 = CARTESIAN_POINT('',(-3.424961716188,1.97064701698,
    35.982529143154));
#6300 = CARTESIAN_POINT('',(-3.118753916687,-2.037484998169,
    35.013478285008));
#6301 = CARTESIAN_POINT('',(-2.812499999848,-4.525483399642,
    32.525483399659));
#6302 = CARTESIAN_POINT('',(-2.506229200627,-7.013486769205,
    30.037496186779));
#6303 = CARTESIAN_POINT('',(-2.200051551485,-7.982493085497,
    26.029323766096));
#6304 = CARTESIAN_POINT('',(-1.89365563043,-6.380676413133,
    21.547505666107));
#6305 = CARTESIAN_POINT('',(-1.587580439709,-2.016587804817,
    18.450563476613));
#6306 = CARTESIAN_POINT('',(-1.281229866701,3.859885519595,
    18.681290768437));
#6307 = CARTESIAN_POINT('',(-0.974946483213,8.178469347743,
    22.673549079707));
#6308 = CARTESIAN_POINT('',(-0.668812183002,9.07439768128,27.94913626685
    ));
#6309 = CARTESIAN_POINT('',(-0.362461715922,7.037958357179,
    32.25104261928));
#6310 = CARTESIAN_POINT('',(-5.625391671769E-02,3.518558596258,
    34.399997513785));
#6311 = CARTESIAN_POINT('',(0.250000000136,1.077227196333E-11,
    34.400000000071));
#6312 = CARTESIAN_POINT('',(0.556270242024,-3.518556942828,
    34.400011245562));
#6313 = CARTESIAN_POINT('',(0.862450837796,-7.037952410333,
    32.250997230478));
#6314 = CARTESIAN_POINT('',(1.16883819876,-9.074424925376,27.94921507902
    ));
#6315 = CARTESIAN_POINT('',(1.474931245574,-8.17840880663,
    22.673475343095));
#6316 = CARTESIAN_POINT('',(1.781252779958,-3.859979323786,
    18.681320710507));
#6317 = CARTESIAN_POINT('',(2.087574340891,2.016691241895,
    18.450585988427));
#6318 = CARTESIAN_POINT('',(2.393667367435,6.380592547152,
    21.547459204804));
#6319 = CARTESIAN_POINT('',(2.700054740099,7.98253678631,26.029358269186
    ));
#6320 = CARTESIAN_POINT('',(3.006235330889,7.013473291021,30.03748154428
    ));
#6321 = CARTESIAN_POINT('',(3.312505574254,4.525485988559,
    32.525485190142));
#6322 = CARTESIAN_POINT('',(3.618760047554,2.03749119311,35.013483315525
    ));
#6323 = CARTESIAN_POINT('',(3.924964902512,-1.970668591984,35.9824983709
    ));
#6324 = CARTESIAN_POINT('',(4.231323924197,-6.452503829333,
    34.380669845373));
#6325 = CARTESIAN_POINT('',(4.537440378447,-9.549426855116,
    30.016594492749));
#6326 = CARTESIAN_POINT('',(4.843752786034,-9.318717287661,
    24.140108907005));
#6327 = CARTESIAN_POINT('',(5.15006519752,-5.326445495856,
    19.821534405527));
#6328 = CARTESIAN_POINT('',(5.456181648711,-5.086659762677E-02,
    18.925600336439));
#6329 = CARTESIAN_POINT('',(5.762540672303,4.251043728343,20.96204241046
    ));
#6330 = CARTESIAN_POINT('',(6.068745526288,6.399997255127,
    24.481441224635));
#6331 = CARTESIAN_POINT('',(6.375000000015,6.400000000008,
    27.999999999999));
#6332 = CARTESIAN_POINT('',(6.681270800017,6.400011424945,
    31.518556683882));
#6333 = CARTESIAN_POINT('',(6.987448446711,4.250996461967,
    35.037953520344));
#6334 = CARTESIAN_POINT('',(7.29384437307,-5.07829367526E-02,
    37.074422058583));
#6335 = CARTESIAN_POINT('',(7.599919555368,-5.326528413356,
    36.178414235175));
#6336 = CARTESIAN_POINT('',(7.906270138407,-9.318673712244,
    31.859971262389));
#6337 = CARTESIAN_POINT('',(8.212553512876,-9.549420702951,
    25.983318431343));
#6338 = CARTESIAN_POINT('',(8.518687819168,-6.452534225196,
    21.619397954086));
#6339 = CARTESIAN_POINT('',(8.825038283258,-1.970647017219,
    20.017470857115));
#6340 = CARTESIAN_POINT('',(9.131246083446,2.037484998218,
    20.986521714923));
#6341 = CARTESIAN_POINT('',(9.437500000159,4.525483399646,
    23.474516600338));
#6342 = CARTESIAN_POINT('',(9.743770799363,7.013486769189,
    25.962503813223));
#6343 = CARTESIAN_POINT('',(10.049948448596,7.982493085556,
    29.970676233865));
#6344 = CARTESIAN_POINT('',(10.356344369222,6.380676413,34.452494334105)
  );
#6345 = CARTESIAN_POINT('',(10.662419561127,2.016587805011,
    37.549436522833));
#6346 = CARTESIAN_POINT('',(10.968770132007,-3.859885519777,
    37.318709232459));
#6347 = CARTESIAN_POINT('',(11.275053518139,-8.178469347642,
    33.326450919333));
#6348 = CARTESIAN_POINT('',(11.58118781605,-9.074397681299,
    28.050863733832));
#6349 = CARTESIAN_POINT('',(11.88753828448,-7.037958357194,
    23.748957380425));
#6350 = CARTESIAN_POINT('',(12.193746083235,-3.518558596249,
    21.600002486258));
#6351 = CARTESIAN_POINT('',(12.500000000077,-8.387918356691E-12,
    21.599999999962));
#6352 = CARTESIAN_POINT('',(12.806270799704,3.518556683912,
    21.599988575231));
#6353 = CARTESIAN_POINT('',(13.112448447581,7.037953520223,
    23.749003537516));
#6354 = CARTESIAN_POINT('',(13.418844371423,9.074422058895,
    28.050782937769));
#6355 = CARTESIAN_POINT('',(13.724919557594,8.178414234638,
    33.326528411934));
#6356 = CARTESIAN_POINT('',(14.031270136254,3.859971263018,
    37.318673713676));
#6357 = CARTESIAN_POINT('',(14.337553514301,-2.016681569149,
    37.549420701932));
#6358 = CARTESIAN_POINT('',(14.643687818645,-6.380602045698,
    34.452534225662));
#6359 = CARTESIAN_POINT('',(14.950038283186,-7.982529142873,
    29.97064701714));
#6360 = CARTESIAN_POINT('',(15.256246083696,-7.013478285176,
    25.962515001718));
#6361 = CARTESIAN_POINT('',(15.562499999969,-4.52548339958,
    23.474516600418));
#6362 = CARTESIAN_POINT('',(15.868770800233,-2.037496187192,
    20.986513230525));
#6363 = CARTESIAN_POINT('',(16.174948446114,1.970676235161,
    20.017506915177));
#6364 = CARTESIAN_POINT('',(16.481344374201,6.45249433132,
    21.619323585756));
#6365 = CARTESIAN_POINT('',(16.787419553808,9.549436527139,
    25.983412196428));
#6366 = CARTESIAN_POINT('',(17.093770140041,9.318709227568,
    31.859885518676));
#6367 = CARTESIAN_POINT('',(17.400053511511,5.326450923443,
    36.178469348118));
#6368 = CARTESIAN_POINT('',(17.70618782014,5.086373129421E-02,
    37.074397681285));
#6369 = CARTESIAN_POINT('',(18.012538282629,-4.251042618451,
    35.037958357077));
#6370 = CARTESIAN_POINT('',(18.318746083818,-6.399997514076,
    31.518558596315));
#6371 = CARTESIAN_POINT('',(18.624999999972,-6.399999999985,
    27.999999999999));
#6372 = CARTESIAN_POINT('',(18.931270242833,-6.400011246019,
    24.481443057253));
#6373 = CARTESIAN_POINT('',(19.237450835428,-4.250997229116,
    20.962047589301));
#6374 = CARTESIAN_POINT('',(19.543838203579,5.078491822251E-02,
    18.925575075657));
#6375 = CARTESIAN_POINT('',(19.849931238405,5.326524660907,
    19.821591191402));
#6376 = CARTESIAN_POINT('',(20.15625278793,9.318679285236,24.14002067887
    ));
#6377 = CARTESIAN_POINT('',(20.462574334217,9.549414014908,
    30.016691239296));
#6378 = CARTESIAN_POINT('',(20.768667371631,6.452540793289,
    34.380592548997));
#6379 = CARTESIAN_POINT('',(21.075054738147,1.970641731594,
    35.982536785373));
#6380 = CARTESIAN_POINT('',(21.381235331535,-2.037481544499,
    35.013473291344));
#6381 = CARTESIAN_POINT('',(21.687505574118,-4.525485190102,
    32.525485988495));
#6382 = CARTESIAN_POINT('',(21.993760047789,-7.013483315601,
    30.03749119321));
#6383 = CARTESIAN_POINT('',(22.299964902188,-7.982498370774,
    26.029331407894));
#6384 = CARTESIAN_POINT('',(22.606323924599,-6.380669845553,
    21.547496170811));
#6385 = CARTESIAN_POINT('',(22.912440377952,-2.016594492526,
    18.450573144671));
#6386 = CARTESIAN_POINT('',(23.218752786597,3.859891092772,
    18.681282712645));
#6387 = CARTESIAN_POINT('',(23.525065197016,8.178465594646,
    22.67355450382));
#6388 = CARTESIAN_POINT('',(23.831181649013,9.074399663461,
    27.949133402595));
#6389 = CARTESIAN_POINT('',(24.137540672228,7.037957589582,
    32.251043728269));
#6390 = CARTESIAN_POINT('',(24.443745526238,3.518558775351,
    34.399997255108));
#6391 = CARTESIAN_POINT('',(24.75000000008,6.125206554591E-12,
    34.400000000044));
#6392 = CARTESIAN_POINT('',(25.05627079975,-3.518556683906,
    34.400011424786));
#6393 = CARTESIAN_POINT('',(25.362448447467,-7.037953520224,
    32.250996462435));
#6394 = CARTESIAN_POINT('',(25.668844371488,-9.074422058953,
    27.949217062263));
#6395 = CARTESIAN_POINT('',(25.97491955785,-8.178414234416,
    22.673471588168));
#6396 = CARTESIAN_POINT('',(26.281270135483,-3.859971263463,
    18.681326286016));
#6397 = CARTESIAN_POINT('',(26.587553515436,2.016681569727,
    18.450579298503));
#6398 = CARTESIAN_POINT('',(26.893687817559,6.380602045173,
    21.547465773945));
#6399 = CARTESIAN_POINT('',(27.200038283917,7.982529143215,
    26.029352983107));
#6400 = CARTESIAN_POINT('',(27.506246083337,7.013478285013,
    30.037484998168));
#6401 = CARTESIAN_POINT('',(27.8125000001,4.525483399637,32.525483399624
    ));
#6402 = CARTESIAN_POINT('',(28.118770799594,2.037496186888,
    35.013486769272));
#6403 = CARTESIAN_POINT('',(28.42494844795,-1.970676234206,
    35.982493085348));
#6404 = CARTESIAN_POINT('',(28.731344370535,-6.452494333362,
    34.380676413356));
#6405 = CARTESIAN_POINT('',(29.037419559162,-9.549436524005,
    30.016587804591));
#6406 = CARTESIAN_POINT('',(29.343770134186,-9.318709231105,
    24.140114480553));
#6407 = CARTESIAN_POINT('',(29.65005351636,-5.326450920474,
    19.821530652205));
#6408 = CARTESIAN_POINT('',(29.956187817089,-5.086373314885E-02,
    18.92560231872));
#6409 = CARTESIAN_POINT('',(30.262538284087,4.251042619312,
    20.962041642828));
#6410 = CARTESIAN_POINT('',(30.568746083291,6.399997513782,
    24.481441403741));
#6411 = CARTESIAN_POINT('',(30.875000000112,6.400000000059,
    27.99999999999));
#6412 = CARTESIAN_POINT('',(31.181270799566,6.400011424686,
    31.518556683923));
#6413 = CARTESIAN_POINT('',(31.487448447956,4.250996462714,
    35.037953520173));
#6414 = CARTESIAN_POINT('',(31.793844370694,-5.078293821687E-02,
    37.074422059034));
#6415 = CARTESIAN_POINT('',(32.099919558627,-5.326528411303,
    36.178414234386));
#6416 = CARTESIAN_POINT('',(32.406270135189,-9.318673714322,
    31.859971263329));
#6417 = CARTESIAN_POINT('',(32.712553515074,-9.549420701461,
    25.98331843059));
#6418 = CARTESIAN_POINT('',(33.018687818296,-6.45253422589,
    21.619397954437));
#6419 = CARTESIAN_POINT('',(33.325038283223,-1.970647017089,
    20.017470857108));
#6420 = CARTESIAN_POINT('',(33.631246083775,2.037484998301,
    20.986521714792));
#6421 = CARTESIAN_POINT('',(33.937499999898,4.525483399559,
    23.47451660045));
#6422 = CARTESIAN_POINT('',(34.24377080056,7.013486769582,
    25.962503812651));
#6423 = CARTESIAN_POINT('',(34.549948445185,7.982493084545,
    29.970676235639));
#6424 = CARTESIAN_POINT('',(34.856344376024,6.380676414719,
    34.452494330329));
#6425 = CARTESIAN_POINT('',(35.162419551228,2.016587803019,
    37.549436528599));
#6426 = CARTESIAN_POINT('',(35.468770142727,-3.859885518247,37.318709226
    ));
#6427 = CARTESIAN_POINT('',(35.775053509445,-8.178469348316,
    33.32645092468));
#6428 = CARTESIAN_POINT('',(36.08118782131,-9.07439768126,
    28.050863730583));
#6429 = CARTESIAN_POINT('',(36.387538282149,-7.037958357048,
    23.74895738184));
#6430 = CARTESIAN_POINT('',(36.693746083955,-3.518558596333,
    21.600002485844));
#6431 = CARTESIAN_POINT('',(36.999999999949,4.071409875905E-12,
    21.600000000027));
#6432 = CARTESIAN_POINT('',(37.306270800392,3.518556683836,
    21.599988574848));
#6433 = CARTESIAN_POINT('',(37.612448445543,7.037953520547,
    23.749003538671));
#6434 = CARTESIAN_POINT('',(37.918844375533,9.074422058026,
    28.050782935457));
#6435 = CARTESIAN_POINT('',(38.224919551599,8.178414236226,
    33.326528415219));
#6436 = CARTESIAN_POINT('',(38.531270142728,3.859971260956,
    37.318673710283));
#6437 = CARTESIAN_POINT('',(38.837553509088,-2.016681567212,
    37.549420704491));
#6438 = CARTESIAN_POINT('',(39.143687821756,-6.380602047011,
    34.452534224269));
#6439 = CARTESIAN_POINT('',(39.450038281844,-7.982529142249,
    29.970647017669));
#6440 = CARTESIAN_POINT('',(39.756246084084,-7.013478285364,
    25.962515001588));
#6441 = CARTESIAN_POINT('',(40.062499999916,-4.525483399559,
    23.474516600433));
#6442 = CARTESIAN_POINT('',(40.368770243142,-2.037495877667,
    20.98651317396));
#6443 = CARTESIAN_POINT('',(40.674950834476,1.970674908247,
    20.017507157504));
#6444 = CARTESIAN_POINT('',(40.981338205592,6.452497758324,
    21.619322960169));
#6445 = CARTESIAN_POINT('',(41.287431235315,9.549430037547,
    25.983413380623));
#6446 = CARTESIAN_POINT('',(41.59375279145,9.318718865392,
    31.859883760612));
#6447 = CARTESIAN_POINT('',(41.900074331221,5.326439357271,
    36.178471457359));
#6448 = CARTESIAN_POINT('',(42.206167373524,5.087509026542E-02,
    37.074395610212));
#6449 = CARTESIAN_POINT('',(42.512554737281,-4.251051759783,
    35.037960023646));
#6450 = CARTESIAN_POINT('',(42.818735331804,-6.399991540793,
    31.518557507354));
#6451 = CARTESIAN_POINT('',(43.125005574075,-6.400003096689,
    28.000000564545));
#6452 = CARTESIAN_POINT('',(43.431260048126,-6.400005451708,
    24.481442227177));
#6453 = CARTESIAN_POINT('',(43.737464901131,-4.251005603275,
    20.96204814606));
#6454 = CARTESIAN_POINT('',(44.043823926719,5.079429586096E-02,
    18.925575870943));
#6455 = CARTESIAN_POINT('',(44.349940374938,5.326516846737,
    19.821587872762));
#6456 = CARTESIAN_POINT('',(44.656252789778,9.31868335078,
    24.140026981479));
#6457 = CARTESIAN_POINT('',(44.962565194432,9.549414212655,
    30.016682750799));
#6458 = CARTESIAN_POINT('',(45.268681650704,6.452537652624,
    34.38060142193));
#6459 = CARTESIAN_POINT('',(45.575040671277,1.9706456902,35.982529384275
    ));
#6460 = CARTESIAN_POINT('',(45.881245526721,-2.037484688751,
    35.013478228927));
#6461 = CARTESIAN_POINT('',(46.187499999865,-4.52548339955,
    32.525483399536));
#6462 = CARTESIAN_POINT('',(46.493774275571,-7.013486417737,
    30.03749811797));
#6463 = CARTESIAN_POINT('',(46.799933549439,-7.98249459286,
    26.029315488624));
#6464 = CARTESIAN_POINT('',(47.106382845626,-6.380672519152,
    21.547527042601));
#6465 = CARTESIAN_POINT('',(47.412346706165,-2.016595179921,
    18.450523000042));
#6466 = CARTESIAN_POINT('',(47.718878319423,3.859896473598,
    18.681350875046));
#6467 = CARTESIAN_POINT('',(48.024923698492,8.178456201553,
    22.673476954648));
#6468 = CARTESIAN_POINT('',(48.331315297096,9.074410591829,
    27.949207092676));
#6469 = CARTESIAN_POINT('',(48.637435700412,7.037947967579,
    32.250985625634));
#6470 = CARTESIAN_POINT('',(48.943813111477,3.518565384908,
    34.400034753389));
#6471 = CARTESIAN_POINT('',(49.249965252188,-3.519274252461E-06,
    34.399980694777));
#6472 = CARTESIAN_POINT('',(49.556525565268,-3.518886064596,
    34.40015125475));
#6473 = CARTESIAN_POINT('',(49.861582865919,-7.035869074094,
    32.250128554676));
#6474 = CARTESIAN_POINT('',(50.170740348892,-9.08018442751,
    27.952340363653));
#6475 = CARTESIAN_POINT('',(50.472086776575,-8.169135923729,
    22.667137108353));
#6476 = CARTESIAN_POINT('',(50.784151939474,-3.86913282828,
    18.688863903909));
#6477 = CARTESIAN_POINT('',(51.085602477273,2.022030429236,
    18.445330837669));
#6478 = CARTESIAN_POINT('',(51.394518380866,6.378973596365,
    21.549387660175));
#6479 = CARTESIAN_POINT('',(51.699855676225,7.98270617411,
    26.029109580458));
#6480 = CARTESIAN_POINT('',(52.006245856354,7.013468871553,
    30.037489806033));
#6481 = CARTESIAN_POINT('',(52.61876228083,2.037495131036,
    35.013473448602));
#6482 = CARTESIAN_POINT('',(52.925125291586,-1.970823705483,
    35.982703933028));
#6483 = CARTESIAN_POINT('',(53.230560862077,-6.451016697108,
    34.379017904184));
#6484 = CARTESIAN_POINT('',(53.539255393476,-9.553521688515,
    30.021852740572));
#6485 = CARTESIAN_POINT('',(53.841079208969,-9.313143941329,
    24.131183138529));
#6486 = CARTESIAN_POINT('',(54.15264388583,-5.330532427611,
    19.830593694732));
#6487 = CARTESIAN_POINT('',(54.454537675263,-4.944335609421E-02,
    18.919908742325));
#6488 = CARTESIAN_POINT('',(54.763202238635,4.250985577286,
    20.964137118782));
#6489 = CARTESIAN_POINT('',(55.068624547765,6.399928074197,
    24.481098790318));
#6490 = CARTESIAN_POINT('',(55.374965252269,6.399980694815,
    28.000003519269));
#6491 = CARTESIAN_POINT('',(55.681525693289,6.400151241691,
    31.518885993419));
#6492 = CARTESIAN_POINT('',(55.986582316673,4.2501286104,35.035869379196
    ));
#6493 = CARTESIAN_POINT('',(56.29574176761,-4.765978008851E-02,
    37.080183639506));
#6494 = CARTESIAN_POINT('',(56.597084090061,-5.332862619563,
    36.169137415996));
#6495 = CARTESIAN_POINT('',(56.909155929004,-9.31113650011,
    31.869130612073));
#6496 = CARTESIAN_POINT('',(57.210597689875,-9.554668677499,
    25.97797223032));
#6497 = CARTESIAN_POINT('',(57.51952308217,-6.450612815957,
    21.621023791842));
#6498 = CARTESIAN_POINT('',(57.824851892985,-1.97089003638,
    20.017295927675));
#6499 = CARTESIAN_POINT('',(58.13124832836,2.037489555669,
    20.986529755119));
#6500 = CARTESIAN_POINT('',(58.743757245786,7.013473958548,
    25.962507666191));
#6501 = CARTESIAN_POINT('',(59.050153688054,7.982701057576,
    29.970807929797));
#6502 = CARTESIAN_POINT('',(59.355482455749,6.379025842408,
    34.451060255775));
#6503 = CARTESIAN_POINT('',(59.664407977765,2.021837293824,
    37.553436920276));
#6504 = CARTESIAN_POINT('',(59.965849495799,-3.868793606948,
    37.313271558586));
#6505 = CARTESIAN_POINT('',(60.277921642544,-8.169434425537,
    33.330378119626));
#6506 = CARTESIAN_POINT('',(60.579263693553,-9.0800635159,
    28.049595566968));
#6507 = CARTESIAN_POINT('',(60.888423309742,-7.03588526866,
    23.748891606318));
#6508 = CARTESIAN_POINT('',(61.193479867062,-3.518886556642,
    21.6001523034));
#6509 = CARTESIAN_POINT('',(61.500040322933,-4.084057682214E-06,
    21.599977599513));
#6510 = CARTESIAN_POINT('',(-35.5,3.552713678801E-15,21.6));
#6511 = CARTESIAN_POINT('',(-35.19372919989,3.518555419376,
    21.600011504836));
#6512 = CARTESIAN_POINT('',(-34.88755155365,7.037955475518,
    23.748948565333));
#6513 = CARTESIAN_POINT('',(-34.58115562602,9.074393206522,
    28.050877133881));
#6514 = CARTESIAN_POINT('',(-34.27508044626,8.178464215906,
    33.326430627498));
#6515 = CARTESIAN_POINT('',(-33.96872985946,3.859888289449,
    37.318722079643));
#6516 = CARTESIAN_POINT('',(-33.66244648919,-2.016591490298,
    37.549415919973));
#6517 = CARTESIAN_POINT('',(-33.35631217934,-6.380666814645,
    34.452504698517));
#6518 = CARTESIAN_POINT('',(-33.04996171757,-7.982494092106,
    29.970667015188));
#6519 = CARTESIAN_POINT('',(-32.74375391618,-7.013480158277,
    25.962510721022));
#6520 = CARTESIAN_POINT('',(-32.43749999999,-4.525483399592,
    23.474516600409));
#6521 = CARTESIAN_POINT('',(-32.13122919992,-2.037480867437,
    20.986530338517));
#6522 = CARTESIAN_POINT('',(-31.82505155356,1.970638745846,
    20.017466660988));
#6523 = CARTESIAN_POINT('',(-31.51865562622,6.452540537753,
    21.619410594816));
#6524 = CARTESIAN_POINT('',(-31.21258044596,9.549402723161,
    25.983307709557));
#6525 = CARTESIAN_POINT('',(-30.90622985982,9.318684758381,
    31.859978390338));
#6526 = CARTESIAN_POINT('',(-30.59994648887,5.32651123591,
    36.178402271101));
#6527 = CARTESIAN_POINT('',(-30.29381217956,5.079705469689E-02,
    37.074422601073));
#6528 = CARTESIAN_POINT('',(-29.98746171745,-4.25100369334,
    35.037947713212));
#6529 = CARTESIAN_POINT('',(-29.68125391623,-6.400001865422,
    31.518556893874));
#6530 = CARTESIAN_POINT('',(-29.37499999997,-6.399999999988,
    28.000000000003));
#6531 = CARTESIAN_POINT('',(-29.06872919999,-6.399988495223,
    24.481444580612));
#6532 = CARTESIAN_POINT('',(-28.76255155337,-4.251051434489,
    20.962044524506));
#6533 = CARTESIAN_POINT('',(-28.45615562659,5.087713350946E-02,
    18.925606793458));
#6534 = CARTESIAN_POINT('',(-28.15008044542,5.326430628054,
    19.821535784084));
#6535 = CARTESIAN_POINT('',(-27.84372986037,9.318722079039,
    24.140111710603));
#6536 = CARTESIAN_POINT('',(-27.53744648848,9.549415920444,
    30.016591490229));
#6537 = CARTESIAN_POINT('',(-27.23131217971,6.452504698269,
    34.380666814692));
#6538 = CARTESIAN_POINT('',(-26.92496171747,1.970667015259,
    35.982494092095));
#6539 = CARTESIAN_POINT('',(-26.61875391615,-2.037489278968,
    35.013480158265));
#6540 = CARTESIAN_POINT('',(-26.31250000004,-4.525483399612,
    32.525483399607));
#6541 = CARTESIAN_POINT('',(-26.00622919972,-7.013469661391,
    30.037480867365));
#6542 = CARTESIAN_POINT('',(-25.70005155412,-7.982533339261,
    26.029361254379));
#6543 = CARTESIAN_POINT('',(-25.39365562512,-6.380589404718,
    21.547459461766));
#6544 = CARTESIAN_POINT('',(-25.08758044753,-2.016692291077,
    18.450597277576));
#6545 = CARTESIAN_POINT('',(-24.78122985813,3.859978390971,
    18.681315240793));
#6546 = CARTESIAN_POINT('',(-24.47494649022,8.17840227064,
    22.673488764774));
#6547 = CARTESIAN_POINT('',(-24.16881217875,9.074422601311,
    27.949202944886));
#6548 = CARTESIAN_POINT('',(-23.8624617178,7.037947713129,
    32.251003693522));
#6549 = CARTESIAN_POINT('',(-23.55625391613,3.518556893891,
    34.40000186537));
#6550 = CARTESIAN_POINT('',(-23.24999999999,1.665213847757E-12,
    34.399999999994));
#6551 = CARTESIAN_POINT('',(-22.94372919993,-3.518555419378,
    34.399988495187));
#6552 = CARTESIAN_POINT('',(-22.63755155356,-7.037955475524,
    32.251051434607));
#6553 = CARTESIAN_POINT('',(-22.33115562618,-9.074393206487,
    27.949122866229));
#6554 = CARTESIAN_POINT('',(-22.02508044604,-8.178464215984,
    22.673569372357));
#6555 = CARTESIAN_POINT('',(-21.7187298597,-3.859888289332,
    18.681277920497));
#6556 = CARTESIAN_POINT('',(-21.41244648898,2.016591490177,
    18.450584079925));
#6557 = CARTESIAN_POINT('',(-21.10631217949,6.380666814736,
    21.547495301543));
#6558 = CARTESIAN_POINT('',(-20.79996171747,7.982494092055,
    26.029332984777));
#6559 = CARTESIAN_POINT('',(-20.49375391624,7.013480158298,
    30.037489278998));
#6560 = CARTESIAN_POINT('',(-20.18749999997,4.525483399586,
    32.52548339958));
#6561 = CARTESIAN_POINT('',(-19.88122920002,2.037480867467,
    35.013469661537));
#6562 = CARTESIAN_POINT('',(-19.57505155329,-1.970638745943,
    35.982533338855));
#6563 = CARTESIAN_POINT('',(-19.26865562676,-6.452540537527,
    34.380589405495));
#6564 = CARTESIAN_POINT('',(-18.96258044517,-9.549402723533,30.01669229)
  );
#6565 = CARTESIAN_POINT('',(-18.65622986065,-9.318684757949,
    24.14002161012));
#6566 = CARTESIAN_POINT('',(-18.34994648826,-5.326511236253,
    19.82159772856));
#6567 = CARTESIAN_POINT('',(-18.04381217981,-5.079705453705E-02,
    18.925577399097));
#6568 = CARTESIAN_POINT('',(-17.73746171747,4.251003693337,
    20.962052286743));
#6569 = CARTESIAN_POINT('',(-17.43125391611,6.400001865362,
    24.48144310612));
#6570 = CARTESIAN_POINT('',(-17.12500000007,6.400000000041,
    28.000000000008));
#6571 = CARTESIAN_POINT('',(-16.81872919956,6.399988494972,
    31.518555419345));
#6572 = CARTESIAN_POINT('',(-16.51255155458,4.251051435238,
    35.037955475565));
#6573 = CARTESIAN_POINT('',(-16.20615562413,-5.087713506089E-02,
    37.074393206519));
#6574 = CARTESIAN_POINT('',(-15.9000804491,-5.326430625731,
    36.178464215771));
#6575 = CARTESIAN_POINT('',(-15.59372985627,-9.318722081596,
    31.859888289755));
#6576 = CARTESIAN_POINT('',(-15.28744649188,-9.549415918375,
    25.983408509315));
#6577 = CARTESIAN_POINT('',(-14.98131217765,-6.452504699476,
    21.61933318568));
#6578 = CARTESIAN_POINT('',(-14.67496171834,-1.970667014779,
    20.017505907709));
#6579 = CARTESIAN_POINT('',(-14.36875391595,2.037489278862,
    20.98651984179));
#6580 = CARTESIAN_POINT('',(-14.06250000003,4.525483399606,
    23.474516600397));
#6581 = CARTESIAN_POINT('',(-13.75622919971,7.013469661388,
    25.962519132633));
#6582 = CARTESIAN_POINT('',(-13.4500515542,7.982533339298,
    29.970638745592));
#6583 = CARTESIAN_POINT('',(-13.14365562483,6.380589404621,
    34.452540538364));
#6584 = CARTESIAN_POINT('',(-12.83758044813,2.016692291229,
    37.549402722118));
#6585 = CARTESIAN_POINT('',(-12.53122985728,-3.859978391133,
    37.31868475968));
#6586 = CARTESIAN_POINT('',(-12.2249464911,-8.178402270519,
    33.326511234717));
#6587 = CARTESIAN_POINT('',(-11.9188121781,-9.074422601374,
    28.050797055503));
#6588 = CARTESIAN_POINT('',(-11.61246171816,-7.037947713106,
    23.748996306268));
#6589 = CARTESIAN_POINT('',(-11.306253916,-3.518556893898,
    21.599998134708));
#6590 = CARTESIAN_POINT('',(-11.00000000002,1.556774058885E-12,
    21.599999999987));
#6591 = CARTESIAN_POINT('',(-10.69372919974,3.518555419361,
    21.600011504917));
#6592 = CARTESIAN_POINT('',(-10.3875515541,7.037955475553,
    23.748948565075));
#6593 = CARTESIAN_POINT('',(-10.0811556251,9.074393206479,
    28.050877134424));
#6594 = CARTESIAN_POINT('',(-9.775080447625,8.178464215919,
    33.326430626689));
#6595 = CARTESIAN_POINT('',(-9.468729857988,3.859888289492,
    37.318722080523));
#6596 = CARTESIAN_POINT('',(-9.16244649038,-2.016591490383,
    37.549415919272));
#6597 = CARTESIAN_POINT('',(-8.856312178647,-6.380666814562,
    34.452504698922));
#6598 = CARTESIAN_POINT('',(-8.549961717858,-7.982494092155,
    29.970667015028));
#6599 = CARTESIAN_POINT('',(-8.243753916118,-7.01348015826,
    25.96251072106));
#6600 = CARTESIAN_POINT('',(-7.937499999996,-4.525483399593,
    23.474516600409));
#6601 = CARTESIAN_POINT('',(-7.631229199902,-2.03748086743,
    20.986530338527));
#6602 = CARTESIAN_POINT('',(-7.325051553668,1.970638745812,
    20.01746666094));
#6603 = CARTESIAN_POINT('',(-7.018655625943,6.452540537853,
    21.619410594941));
#6604 = CARTESIAN_POINT('',(-6.712580446453,9.549402722966,
    25.983307709336));
#6605 = CARTESIAN_POINT('',(-6.406229859215,9.318684758644,
    31.859978390613));
#6606 = CARTESIAN_POINT('',(-6.099946489391,5.326511235669,
    36.17840227086));
#6607 = CARTESIAN_POINT('',(-5.793812179283,5.079705483622E-02,
    37.074422601216));
#6608 = CARTESIAN_POINT('',(-5.487461717515,-4.251003693371,
    35.037947713162));
#6609 = CARTESIAN_POINT('',(-5.181253916283,-6.400001865446,
    31.518556893878));
#6610 = CARTESIAN_POINT('',(-4.874999999925,-6.399999999959,
    28.000000000009));
#6611 = CARTESIAN_POINT('',(-4.568729200253,-6.399988495374,
    24.481444580595));
#6612 = CARTESIAN_POINT('',(-4.262551552625,-4.25105143404,
    20.962044524512));
#6613 = CARTESIAN_POINT('',(-3.956155628089,5.087713261331E-02,
    18.925606793533));
#6614 = CARTESIAN_POINT('',(-3.650080443233,5.326430629335,
    19.821535783839));
#6615 = CARTESIAN_POINT('',(-3.34372986282,9.318722077685,
    24.140111711035));
#6616 = CARTESIAN_POINT('',(-3.037446486352,9.549415921536,
    30.016591489715));
#6617 = CARTESIAN_POINT('',(-2.731312181214,6.452504697568,
    34.380666815136));
#6618 = CARTESIAN_POINT('',(-2.424961716596,1.970667015644,
    35.982494091806));
#6619 = CARTESIAN_POINT('',(-2.118753916604,-2.037489279161,
    35.013480158411));
#6620 = CARTESIAN_POINT('',(-1.812499999848,-4.525483399524,
    32.525483399549));
#6621 = CARTESIAN_POINT('',(-1.506229200628,-7.013469661825,
    30.037480867678));
#6622 = CARTESIAN_POINT('',(-1.200051551587,-7.98253333806,
    26.029361253384));
#6623 = CARTESIAN_POINT('',(-0.893655630033,-6.380589406943,
    21.547459463889));
#6624 = CARTESIAN_POINT('',(-0.587580440637,-2.01669228816,
    18.450597274364));
#6625 = CARTESIAN_POINT('',(-0.281229865331,3.859978388226,
    18.681315244336));
#6626 = CARTESIAN_POINT('',(2.505351539725E-02,8.178402272482,
    22.673488761884));
#6627 = CARTESIAN_POINT('',(0.331187817935,9.07442260045,27.94920294664)
  );
#6628 = CARTESIAN_POINT('',(0.637538283666,7.037947713398,
    32.251003692728));
#6629 = CARTESIAN_POINT('',(0.943746083366,3.518556893834,
    34.400001865638));
#6630 = CARTESIAN_POINT('',(1.250000000136,1.479838473983E-11,
    34.399999999927));
#6631 = CARTESIAN_POINT('',(1.556270242024,-3.518555240388,
    34.39998875445));
#6632 = CARTESIAN_POINT('',(1.862450837688,-7.037956242944,32.2510503237
    ));
#6633 = CARTESIAN_POINT('',(2.168838199175,-9.074391224299,
    27.94912573469));
#6634 = CARTESIAN_POINT('',(2.474931244612,-8.178467969733,
    22.673563941639));
#6635 = CARTESIAN_POINT('',(2.781252781379,-3.859882714641,
    18.681285983922));
#6636 = CARTESIAN_POINT('',(3.087574339438,2.01658480048,18.450574405324
    ));
#6637 = CARTESIAN_POINT('',(3.393667368436,6.380673384054,
    21.547504800983));
#6638 = CARTESIAN_POINT('',(3.700054739633,7.982488805729,
    26.029325341068));
#6639 = CARTESIAN_POINT('',(4.006235331009,7.013483612333,
    30.037494273189));
#6640 = CARTESIAN_POINT('',(4.312505574235,4.525481609016,
    32.525480810609));
#6641 = CARTESIAN_POINT('',(4.618760047589,2.037484321385,35.01347465554
    ));
#6642 = CARTESIAN_POINT('',(4.924964902353,-1.970644031844,
    35.982525695952));
#6643 = CARTESIAN_POINT('',(5.231323924663,-6.452533969088,
    34.380598902934));
#6644 = CARTESIAN_POINT('',(5.53744037745,-9.549409412021,
    30.016682618821));
#6645 = CARTESIAN_POINT('',(5.843752787459,-9.318679184395,
    24.140029669316));
#6646 = CARTESIAN_POINT('',(6.150065196094,-5.32651498931,
    19.821592301672));
#6647 = CARTESIAN_POINT('',(6.456181649666,-5.079507254775E-02,
    18.925580265029));
#6648 = CARTESIAN_POINT('',(6.762540671884,4.251002925847,
    20.962051177018));
#6649 = CARTESIAN_POINT('',(7.068745526374,6.400002044462,
    24.481443365018));
#6650 = CARTESIAN_POINT('',(7.375000000015,6.399999999992,
    27.999999999998));
#6651 = CARTESIAN_POINT('',(7.681270800015,6.399988495215,
    31.518555419375));
#6652 = CARTESIAN_POINT('',(7.987448446609,4.25105143452,35.037955475539
    ));
#6653 = CARTESIAN_POINT('',(8.293844373467,-5.087713360962E-02,
    37.074393206445));
#6654 = CARTESIAN_POINT('',(8.59991955444,-5.326430627845,
    36.178464216064));
#6655 = CARTESIAN_POINT('',(8.906270139777,-9.318722079321,
    31.85988828922));
#6656 = CARTESIAN_POINT('',(9.212553511486,-9.549415920217,
    25.983408509951));
#6657 = CARTESIAN_POINT('',(9.518687820105,-6.452504698333,
    21.61933318514));
#6658 = CARTESIAN_POINT('',(9.825038282846,-1.970667015342,
    20.017505908047));
#6659 = CARTESIAN_POINT('',(10.13124608353,2.037489279096,
    20.986519841631));
#6660 = CARTESIAN_POINT('',(10.437500000159,4.525483399519,
    23.474516600454));
#6661 = CARTESIAN_POINT('',(10.743770799361,7.013469661829,
    25.962519132315));
#6662 = CARTESIAN_POINT('',(11.049948448498,7.982533338041,
    29.970638746663));
#6663 = CARTESIAN_POINT('',(11.356344369611,6.380589407031,
    34.452540535916));
#6664 = CARTESIAN_POINT('',(11.662419560212,2.016692287937,
    37.549402726106));
#6665 = CARTESIAN_POINT('',(11.96877013336,-3.859978387879,
    37.318684754928));
#6666 = CARTESIAN_POINT('',(12.275053516764,-8.178402272838,
    33.326511238894));
#6667 = CARTESIAN_POINT('',(12.581187816978,-9.074422600212,
    28.05079705281));
#6668 = CARTESIAN_POINT('',(12.887538284072,-7.037947713494,
    23.748996307506));
#6669 = CARTESIAN_POINT('',(13.193746083317,-3.518556893821,
    21.599998134333));
#6670 = CARTESIAN_POINT('',(13.500000000077,-7.842576778442E-12,
    21.600000000039));
#6671 = CARTESIAN_POINT('',(13.806270799703,3.518555419429,
    21.600011504599));
#6672 = CARTESIAN_POINT('',(14.112448447477,7.037955475401,
    23.748948566049));
#6673 = CARTESIAN_POINT('',(14.418844371824,9.074393206656,
    28.050877132461));
#6674 = CARTESIAN_POINT('',(14.72491955666,8.178464215857,
    33.326430629474));
#6675 = CARTESIAN_POINT('',(15.031270137631,3.859888289348,
    37.318722077672));
#6676 = CARTESIAN_POINT('',(15.337553512905,-2.016591490105,
    37.549415921379));
#6677 = CARTESIAN_POINT('',(15.643687819585,-6.380666814814,
    34.452504697823));
#6678 = CARTESIAN_POINT('',(15.950038282773,-7.982494092024,
    29.9706670154));
#6679 = CARTESIAN_POINT('',(16.25624608378,-7.013480158289,
    25.962510721004));
#6680 = CARTESIAN_POINT('',(16.562499999969,-4.525483399604,
    23.474516600391));
#6681 = CARTESIAN_POINT('',(16.868770800231,-2.037480867381,
    20.986530338589));
#6682 = CARTESIAN_POINT('',(17.174948446014,1.970638745669,
    20.017466660804));
#6683 = CARTESIAN_POINT('',(17.481344374593,6.452540538125,
    21.619410595142));
#6684 = CARTESIAN_POINT('',(17.78741955289,9.5494027226,25.98330770914)
  );
#6685 = CARTESIAN_POINT('',(18.093770141399,9.318684759004,
    31.859978390724));
#6686 = CARTESIAN_POINT('',(18.400053510133,5.326511235388,
    36.178402270843));
#6687 = CARTESIAN_POINT('',(18.706187821069,5.079705503512E-02,
    37.074422601195));
#6688 = CARTESIAN_POINT('',(19.012538282221,-4.251003693514,
    35.037947713171));
#6689 = CARTESIAN_POINT('',(19.318746083901,-6.400001865348,
    31.518556893887));
#6690 = CARTESIAN_POINT('',(19.624999999972,-6.400000000015,
    27.999999999998));
#6691 = CARTESIAN_POINT('',(19.931270242833,-6.39998875398,
    24.481444759689));
#6692 = CARTESIAN_POINT('',(20.237450835319,-4.251050325138,
    20.962043756936));
#6693 = CARTESIAN_POINT('',(20.543838203992,5.087426829976E-02,
    18.925608775705));
#6694 = CARTESIAN_POINT('',(20.849931237445,5.3264360539,19.82153203063)
  );
#6695 = CARTESIAN_POINT('',(21.156252789347,9.31871402097,
    24.140117284537));
#6696 = CARTESIAN_POINT('',(21.462574332767,9.549425590704,
    30.016584801524));
#6697 = CARTESIAN_POINT('',(21.768667372629,6.452495201394,
    34.38067338317));
#6698 = CARTESIAN_POINT('',(22.075054737683,1.970674657901,
    35.982488806243));
#6699 = CARTESIAN_POINT('',(22.381235331655,-2.037494272877,
    35.013483612133));
#6700 = CARTESIAN_POINT('',(22.687505574099,-4.525480810669,
    32.525481609061));
#6701 = CARTESIAN_POINT('',(22.993760047824,-7.013474655431,
    30.03748432132));
#6702 = CARTESIAN_POINT('',(23.299964902032,-7.982525696114,
    26.029355968216));
#6703 = CARTESIAN_POINT('',(23.606323925061,-6.380598902714,
    21.547466030861));
#6704 = CARTESIAN_POINT('',(23.91244037696,-2.016682619101,
    18.450590588063));
#6705 = CARTESIAN_POINT('',(24.218752788018,3.859970330993,
    18.681320815446));
#6706 = CARTESIAN_POINT('',(24.525065195593,8.17840769806,
    22.673485010886));
#6707 = CARTESIAN_POINT('',(24.831181649966,9.074419735135,
    27.949204927312));
#6708 = CARTESIAN_POINT('',(25.13754067181,7.037948822921,
    32.251002925886));
#6709 = CARTESIAN_POINT('',(25.443745526323,3.518556634986,
    34.400002044489));
#6710 = CARTESIAN_POINT('',(25.75000000008,1.04519676405E-11,
    34.399999999956));
#6711 = CARTESIAN_POINT('',(26.056270799748,-3.518555419408,
    34.399988495378));
#6712 = CARTESIAN_POINT('',(26.362448447368,-7.037955475489,
    32.251051434026));
#6713 = CARTESIAN_POINT('',(26.668844371879,-9.074393206437,
    27.949122867456));
#6714 = CARTESIAN_POINT('',(26.974919556931,-8.178464216253,
    22.67356937048));
#6715 = CARTESIAN_POINT('',(27.281270136841,-3.859888288814,
    18.681277922624));
#6716 = CARTESIAN_POINT('',(27.587553514056,2.016591489553,
    18.450584078132));
#6717 = CARTESIAN_POINT('',(27.893687818489,6.380666815249,
    21.54749530266));
#6718 = CARTESIAN_POINT('',(28.200038283509,7.982494091763,
    26.029332984273));
#6719 = CARTESIAN_POINT('',(28.50624608342,7.013480158407,
    30.037489279156));
#6720 = CARTESIAN_POINT('',(28.8125000001,4.525483399565,32.525483399549
    ));
#6721 = CARTESIAN_POINT('',(29.118770799591,2.037480867601,
    35.013469661716));
#6722 = CARTESIAN_POINT('',(29.424948447854,-1.9706387464,
    35.982533338345));
#6723 = CARTESIAN_POINT('',(29.731344370921,-6.452540536498,
    34.380589406449));
#6724 = CARTESIAN_POINT('',(30.037419558252,-9.549402725178,
    30.01669228875));
#6725 = CARTESIAN_POINT('',(30.343770135535,-9.318684756011,
    24.14002161129));
#6726 = CARTESIAN_POINT('',(30.650053514988,-5.326511237971,
    19.821597727777));
#6727 = CARTESIAN_POINT('',(30.956187818013,-5.079705336708E-02,
    18.925577399469));
#6728 = CARTESIAN_POINT('',(31.262538283681,4.25100369271,
    20.962052286611));
#6729 = CARTESIAN_POINT('',(31.568746083374,6.400001865635,
    24.481443106166));
#6730 = CARTESIAN_POINT('',(31.875000000112,6.399999999941,
    27.999999999988));
#6731 = CARTESIAN_POINT('',(32.181270799562,6.399988495485,
    31.518555419445));
#6732 = CARTESIAN_POINT('',(32.487448447861,4.251051433713,
    35.037955475371));
#6733 = CARTESIAN_POINT('',(32.793844371075,-5.087713198242E-02,
    37.074393206681));
#6734 = CARTESIAN_POINT('',(33.099919557724,-5.326430630165,
    36.178464215872));
#6735 = CARTESIAN_POINT('',(33.406270136529,-9.318722076953,
    31.859888289283));
#6736 = CARTESIAN_POINT('',(33.712553513711,-9.549415921906,
    25.983408509975));
#6737 = CARTESIAN_POINT('',(34.018687819216,-6.452504697575,
    21.61933318514));
#6738 = CARTESIAN_POINT('',(34.325038282819,-1.970667015447,
    20.017505907975));
#6739 = CARTESIAN_POINT('',(34.631246083857,2.037489278964,
    20.986519841735));
#6740 = CARTESIAN_POINT('',(34.937499999898,4.525483399642,
    23.474516600375));
#6741 = CARTESIAN_POINT('',(35.24377080056,7.013469661252,
    25.962519132734));
#6742 = CARTESIAN_POINT('',(35.54994844508,7.982533339635,29.9706387453)
  );
#6743 = CARTESIAN_POINT('',(35.856344376429,6.380589404038,
    34.452540538916));
#6744 = CARTESIAN_POINT('',(36.162419550286,2.01669229194,
    37.549402721404));
#6745 = CARTESIAN_POINT('',(36.468770144113,-3.85997839174,
    37.318684760315));
#6746 = CARTESIAN_POINT('',(36.77505350804,-8.178402270164,
    33.326511234335));
#6747 = CARTESIAN_POINT('',(37.081187822256,-9.074422601509,
    28.050797055653));
#6748 = CARTESIAN_POINT('',(37.387538281733,-7.037947713075,
    23.748996306227));
#6749 = CARTESIAN_POINT('',(37.693746084039,-3.518556893905,
    21.599998134727));
#6750 = CARTESIAN_POINT('',(37.999999999949,5.015543536047E-12,
    21.599999999973));
#6751 = CARTESIAN_POINT('',(38.30627080039,3.51855541935,21.600011505));
#6752 = CARTESIAN_POINT('',(38.612448445443,7.03795547556,
    23.748948564796));
#6753 = CARTESIAN_POINT('',(38.918844375926,9.074393206532,
    28.050877135051));
#6754 = CARTESIAN_POINT('',(39.224919550679,8.178464215721,
    33.326430625684));
#6755 = CARTESIAN_POINT('',(39.531270144087,3.859888289864,
    37.318722081706));
#6756 = CARTESIAN_POINT('',(39.83755350771,-2.016591490838,
    37.549415918234));
#6757 = CARTESIAN_POINT('',(40.143687822684,-6.380666814178,
    34.452504699604));
#6758 = CARTESIAN_POINT('',(40.450038281437,-7.982494092384,
    29.970667014689));
#6759 = CARTESIAN_POINT('',(40.756246084167,-7.013480158165,
    25.962510721189));
#6760 = CARTESIAN_POINT('',(41.062499999916,-4.52548339962,
    23.474516600369));
#6761 = CARTESIAN_POINT('',(41.368770243142,-2.037481176948,
    20.986530282284));
#6762 = CARTESIAN_POINT('',(41.674950834367,1.970640072724,
    20.017466902331));
#6763 = CARTESIAN_POINT('',(41.981338206008,6.452537110809,
    21.61940997112));
#6764 = CARTESIAN_POINT('',(42.28743123435,9.54940921269,25.983308891221
    ));
#6765 = CARTESIAN_POINT('',(42.593752792875,9.318675120594,
    31.85997663467));
#6766 = CARTESIAN_POINT('',(42.900074329763,5.326522802078,
    36.178404378761));
#6767 = CARTESIAN_POINT('',(43.206167374529,5.078569571637E-02,
    37.074420530688));
#6768 = CARTESIAN_POINT('',(43.512554736814,-4.250994551998,
    35.037949379609));
#6769 = CARTESIAN_POINT('',(43.818735331925,-6.400007838714,
    31.518555804931));
#6770 = CARTESIAN_POINT('',(44.125005574056,-6.399996903277,
    28.000000564544));
#6771 = CARTESIAN_POINT('',(44.431260048161,-6.399994468505,
    24.481443491662));
#6772 = CARTESIAN_POINT('',(44.737464900973,-4.251042293183,
    20.962046191056));
#6773 = CARTESIAN_POINT('',(45.043823927185,5.086577457846E-02,
    18.925604722432));
#6774 = CARTESIAN_POINT('',(45.349940373941,5.326442194215,
    19.821537893218));
#6775 = CARTESIAN_POINT('',(45.656252791203,9.318712441166,
    24.140109952706));
#6776 = CARTESIAN_POINT('',(45.962565193007,9.549422410113,
    30.016592674249));
#6777 = CARTESIAN_POINT('',(46.268681651658,6.452501271217,
    34.38066618922));
#6778 = CARTESIAN_POINT('',(46.575040670859,1.970668342171,
    35.982494334384));
#6779 = CARTESIAN_POINT('',(46.881245526806,-2.037489588468,
    35.013480101694));
#6780 = CARTESIAN_POINT('',(47.187499999865,-4.525483399655,
    32.525483399635));
#6781 = CARTESIAN_POINT('',(47.493774275644,-7.013469309211,
    30.037478936806));
#6782 = CARTESIAN_POINT('',(47.799933549021,-7.982534848588,
    26.029369529763));
#6783 = CARTESIAN_POINT('',(48.106382846839,-6.380585507174,
    21.547438089853));
#6784 = CARTESIAN_POINT('',(48.41234670369,-2.016699670674,
    18.450637746811));
#6785 = CARTESIAN_POINT('',(48.718878323093,3.859989348959,
    18.68125514319));
#6786 = CARTESIAN_POINT('',(49.024923694336,8.178389122007,
    22.673560881015));
#6787 = CARTESIAN_POINT('',(49.331315300754,9.074435512856,
    27.949132126204));
#6788 = CARTESIAN_POINT('',(49.637435697806,7.037937323257,
    32.251060682247));
#6789 = CARTESIAN_POINT('',(49.943813112997,3.51856368263,
    34.399964628664));
#6790 = CARTESIAN_POINT('',(50.249965251443,-3.519345469272E-06,
    34.400019303868));
#6791 = CARTESIAN_POINT('',(50.556525577841,-3.51888421727,
    34.399844921811));
#6792 = CARTESIAN_POINT('',(50.861582817024,-7.03588180017,
    32.251106905867));
#6793 = CARTESIAN_POINT('',(51.17074045496,-9.080058324925,
    27.950405394239));
#6794 = CARTESIAN_POINT('',(51.472086628157,-8.169432454906,
    22.669624917566));
#6795 = CARTESIAN_POINT('',(51.784152078787,-3.868790322055,
    18.686733684483));
#6796 = CARTESIAN_POINT('',(52.085602390384,2.021832802555,
    18.446567044828));
#6797 = CARTESIAN_POINT('',(52.394518414412,6.379024802381,
    21.548942776623));
#6798 = CARTESIAN_POINT('',(52.699855669844,7.982694918701,
    26.029191936961));
#6799 = CARTESIAN_POINT('',(53.006245856372,7.013472118039,
    30.037490979655));
#6800 = CARTESIAN_POINT('',(53.618762280793,2.037486391212,
    35.013466161587));
#6801 = CARTESIAN_POINT('',(53.925125284276,-1.970872603103,
    35.982703259098));
#6802 = CARTESIAN_POINT('',(54.230560900643,-6.450652688911,
    34.378965752263));
#6803 = CARTESIAN_POINT('',(54.539255294007,-9.554579113935,
    30.022043080532));
#6804 = CARTESIAN_POINT('',(54.841079367471,-9.31125994136,
    24.130848829132));
#6805 = CARTESIAN_POINT('',(55.152643718277,-5.332706466047,
    19.830895122978));
#6806 = CARTESIAN_POINT('',(55.45453779408,-4.781275829475E-02,
    18.919793021334));
#6807 = CARTESIAN_POINT('',(55.763202184164,4.250248745089,
    20.964156034914));
#6808 = CARTESIAN_POINT('',(56.068624561718,6.400067457748,
    24.481100492558));
#6809 = CARTESIAN_POINT('',(56.374965251524,6.400019303831,
    28.000003519336));
#6810 = CARTESIAN_POINT('',(56.681525705864,6.399844908922,
    31.51888428848));
#6811 = CARTESIAN_POINT('',(56.986582267772,4.251106961367,
    35.03588149503));
#6812 = CARTESIAN_POINT('',(57.295741873687,-4.959474929814E-02,
    37.080059112952));
#6813 = CARTESIAN_POINT('',(57.597083941632,-5.330374810471,
    36.169430962641));
#6814 = CARTESIAN_POINT('',(57.909156068326,-9.313266719504,
    31.86879253825));
#6815 = CARTESIAN_POINT('',(58.210597602984,-9.55343247033,
    25.978164537888));
#6816 = CARTESIAN_POINT('',(58.519523115711,-6.451057699519,
    21.620977809429));
#6817 = CARTESIAN_POINT('',(58.824851886613,-1.970807679875,
    20.017302979493));
#6818 = CARTESIAN_POINT('',(59.131248328371,2.037490729292,
    20.986529255305));
#6819 = CARTESIAN_POINT('',(59.743757245765,7.013466671531,
    25.962510811529));
#6820 = CARTESIAN_POINT('',(60.050153680647,7.982700383652,29.970888379)
  );
#6821 = CARTESIAN_POINT('',(60.355482494582,6.37897369048,
    34.450609129578));
#6822 = CARTESIAN_POINT('',(60.664407877776,2.022027633763,
    37.554663883529));
#6823 = CARTESIAN_POINT('',(60.965849655087,-3.869127916269,
    37.311132322112));
#6824 = CARTESIAN_POINT('',(61.27792147404,-8.169132997414,
    33.332860776283));
#6825 = CARTESIAN_POINT('',(61.579263813309,-9.080179236782,
    28.047660545346));
#6826 = CARTESIAN_POINT('',(61.888423254511,-7.03586635256,
    23.749874072818));
#6827 = CARTESIAN_POINT('',(62.193479881514,-3.518884854438,
    21.599852163721));
#6828 = CARTESIAN_POINT('',(62.500040321929,-4.083945640726E-06,
    21.600022402213));
#6829 = ADVANCED_FACE('',(#6830),#6841,.T.);
#6830 = FACE_BOUND('',#6831,.T.);
#6831 = EDGE_LOOP('',(#6832,#6833,#6834,#6840));
#6832 = ORIENTED_EDGE('',*,*,#4066,.T.);
#6833 = ORIENTED_EDGE('',*,*,#4440,.F.);
#6834 = ORIENTED_EDGE('',*,*,#6835,.F.);
#6835 = EDGE_CURVE('',#3263,#4441,#6836,.T.);
#6836 = LINE('',#6837,#6838);
#6837 = CARTESIAN_POINT('',(-38.,1.273632671113E-15,33.2));
#6838 = VECTOR('',#6839,1.);
#6839 = DIRECTION('',(1.,0.,0.));
#6840 = ORIENTED_EDGE('',*,*,#3304,.T.);
#6841 = CYLINDRICAL_SURFACE('',#6842,5.2);
#6842 = AXIS2_PLACEMENT_3D('',#6843,#6844,#6845);
#6843 = CARTESIAN_POINT('',(-38.,0.,28.));
#6844 = DIRECTION('',(1.,0.,0.));
#6845 = DIRECTION('',(-0.,0.,1.));
#6846 = ADVANCED_FACE('',(#6847),#6858,.T.);
#6847 = FACE_BOUND('',#6848,.T.);
#6848 = EDGE_LOOP('',(#6849,#6850,#6851,#6857));
#6849 = ORIENTED_EDGE('',*,*,#6835,.T.);
#6850 = ORIENTED_EDGE('',*,*,#4475,.F.);
#6851 = ORIENTED_EDGE('',*,*,#6852,.F.);
#6852 = EDGE_CURVE('',#3228,#4476,#6853,.T.);
#6853 = LINE('',#6854,#6855);
#6854 = CARTESIAN_POINT('',(-38.,1.273632671113E-15,33.2));
#6855 = VECTOR('',#6856,1.);
#6856 = DIRECTION('',(1.,0.,0.));
#6857 = ORIENTED_EDGE('',*,*,#3262,.T.);
#6858 = CYLINDRICAL_SURFACE('',#6859,5.2);
#6859 = AXIS2_PLACEMENT_3D('',#6860,#6861,#6862);
#6860 = CARTESIAN_POINT('',(-38.,0.,28.));
#6861 = DIRECTION('',(1.,0.,0.));
#6862 = DIRECTION('',(-0.,0.,1.));
#6863 = ADVANCED_FACE('',(#6864),#6875,.T.);
#6864 = FACE_BOUND('',#6865,.T.);
#6865 = EDGE_LOOP('',(#6866,#6867,#6868,#6874));
#6866 = ORIENTED_EDGE('',*,*,#6852,.T.);
#6867 = ORIENTED_EDGE('',*,*,#4512,.F.);
#6868 = ORIENTED_EDGE('',*,*,#6869,.F.);
#6869 = EDGE_CURVE('',#3179,#4513,#6870,.T.);
#6870 = LINE('',#6871,#6872);
#6871 = CARTESIAN_POINT('',(-38.,1.273632671113E-15,33.2));
#6872 = VECTOR('',#6873,1.);
#6873 = DIRECTION('',(1.,0.,0.));
#6874 = ORIENTED_EDGE('',*,*,#3227,.T.);
#6875 = CYLINDRICAL_SURFACE('',#6876,5.2);
#6876 = AXIS2_PLACEMENT_3D('',#6877,#6878,#6879);
#6877 = CARTESIAN_POINT('',(-38.,0.,28.));
#6878 = DIRECTION('',(1.,0.,0.));
#6879 = DIRECTION('',(-0.,0.,1.));
#6880 = ADVANCED_FACE('',(#6881),#6892,.T.);
#6881 = FACE_BOUND('',#6882,.T.);
#6882 = EDGE_LOOP('',(#6883,#6884,#6885,#6891));
#6883 = ORIENTED_EDGE('',*,*,#6869,.T.);
#6884 = ORIENTED_EDGE('',*,*,#4561,.F.);
#6885 = ORIENTED_EDGE('',*,*,#6886,.F.);
#6886 = EDGE_CURVE('',#3137,#4562,#6887,.T.);
#6887 = LINE('',#6888,#6889);
#6888 = CARTESIAN_POINT('',(-38.,1.273632671113E-15,33.2));
#6889 = VECTOR('',#6890,1.);
#6890 = DIRECTION('',(1.,0.,0.));
#6891 = ORIENTED_EDGE('',*,*,#3178,.T.);
#6892 = CYLINDRICAL_SURFACE('',#6893,5.2);
#6893 = AXIS2_PLACEMENT_3D('',#6894,#6895,#6896);
#6894 = CARTESIAN_POINT('',(-38.,0.,28.));
#6895 = DIRECTION('',(1.,0.,0.));
#6896 = DIRECTION('',(-0.,0.,1.));
#6897 = ADVANCED_FACE('',(#6898),#6909,.T.);
#6898 = FACE_BOUND('',#6899,.T.);
#6899 = EDGE_LOOP('',(#6900,#6901,#6902,#6908));
#6900 = ORIENTED_EDGE('',*,*,#6886,.T.);
#6901 = ORIENTED_EDGE('',*,*,#4603,.F.);
#6902 = ORIENTED_EDGE('',*,*,#6903,.F.);
#6903 = EDGE_CURVE('',#3102,#4604,#6904,.T.);
#6904 = LINE('',#6905,#6906);
#6905 = CARTESIAN_POINT('',(-38.,1.273632671113E-15,33.2));
#6906 = VECTOR('',#6907,1.);
#6907 = DIRECTION('',(1.,0.,0.));
#6908 = ORIENTED_EDGE('',*,*,#3136,.T.);
#6909 = CYLINDRICAL_SURFACE('',#6910,5.2);
#6910 = AXIS2_PLACEMENT_3D('',#6911,#6912,#6913);
#6911 = CARTESIAN_POINT('',(-38.,0.,28.));
#6912 = DIRECTION('',(1.,0.,0.));
#6913 = DIRECTION('',(-0.,0.,1.));
#6914 = ADVANCED_FACE('',(#6915),#6926,.T.);
#6915 = FACE_BOUND('',#6916,.T.);
#6916 = EDGE_LOOP('',(#6917,#6918,#6919,#6925));
#6917 = ORIENTED_EDGE('',*,*,#6903,.T.);
#6918 = ORIENTED_EDGE('',*,*,#4659,.F.);
#6919 = ORIENTED_EDGE('',*,*,#6920,.F.);
#6920 = EDGE_CURVE('',#3059,#4660,#6921,.T.);
#6921 = LINE('',#6922,#6923);
#6922 = CARTESIAN_POINT('',(-38.,1.273632671113E-15,33.2));
#6923 = VECTOR('',#6924,1.);
#6924 = DIRECTION('',(1.,0.,0.));
#6925 = ORIENTED_EDGE('',*,*,#3101,.T.);
#6926 = CYLINDRICAL_SURFACE('',#6927,5.2);
#6927 = AXIS2_PLACEMENT_3D('',#6928,#6929,#6930);
#6928 = CARTESIAN_POINT('',(-38.,0.,28.));
#6929 = DIRECTION('',(1.,0.,0.));
#6930 = DIRECTION('',(-0.,0.,1.));
#6931 = ADVANCED_FACE('',(#6932),#6943,.T.);
#6932 = FACE_BOUND('',#6933,.T.);
#6933 = EDGE_LOOP('',(#6934,#6935,#6936,#6942));
#6934 = ORIENTED_EDGE('',*,*,#6920,.T.);
#6935 = ORIENTED_EDGE('',*,*,#4708,.F.);
#6936 = ORIENTED_EDGE('',*,*,#6937,.F.);
#6937 = EDGE_CURVE('',#3022,#4709,#6938,.T.);
#6938 = LINE('',#6939,#6940);
#6939 = CARTESIAN_POINT('',(-38.,1.273632671113E-15,33.2));
#6940 = VECTOR('',#6941,1.);
#6941 = DIRECTION('',(1.,0.,0.));
#6942 = ORIENTED_EDGE('',*,*,#3058,.T.);
#6943 = CYLINDRICAL_SURFACE('',#6944,5.2);
#6944 = AXIS2_PLACEMENT_3D('',#6945,#6946,#6947);
#6945 = CARTESIAN_POINT('',(-38.,0.,28.));
#6946 = DIRECTION('',(1.,0.,0.));
#6947 = DIRECTION('',(-0.,0.,1.));
#6948 = ADVANCED_FACE('',(#6949),#6960,.T.);
#6949 = FACE_BOUND('',#6950,.T.);
#6950 = EDGE_LOOP('',(#6951,#6952,#6953,#6959));
#6951 = ORIENTED_EDGE('',*,*,#6937,.T.);
#6952 = ORIENTED_EDGE('',*,*,#4757,.F.);
#6953 = ORIENTED_EDGE('',*,*,#6954,.F.);
#6954 = EDGE_CURVE('',#2990,#4758,#6955,.T.);
#6955 = LINE('',#6956,#6957);
#6956 = CARTESIAN_POINT('',(-38.,1.273632671113E-15,33.2));
#6957 = VECTOR('',#6958,1.);
#6958 = DIRECTION('',(1.,0.,0.));
#6959 = ORIENTED_EDGE('',*,*,#3021,.T.);
#6960 = CYLINDRICAL_SURFACE('',#6961,5.2);
#6961 = AXIS2_PLACEMENT_3D('',#6962,#6963,#6964);
#6962 = CARTESIAN_POINT('',(-38.,0.,28.));
#6963 = DIRECTION('',(1.,0.,0.));
#6964 = DIRECTION('',(-0.,0.,1.));
#6965 = ADVANCED_FACE('',(#6966),#6977,.T.);
#6966 = FACE_BOUND('',#6967,.T.);
#6967 = EDGE_LOOP('',(#6968,#6969,#6970,#6976));
#6968 = ORIENTED_EDGE('',*,*,#6954,.T.);
#6969 = ORIENTED_EDGE('',*,*,#4794,.F.);
#6970 = ORIENTED_EDGE('',*,*,#6971,.F.);
#6971 = EDGE_CURVE('',#2953,#4795,#6972,.T.);
#6972 = LINE('',#6973,#6974);
#6973 = CARTESIAN_POINT('',(-38.,1.273632671113E-15,33.2));
#6974 = VECTOR('',#6975,1.);
#6975 = DIRECTION('',(1.,0.,0.));
#6976 = ORIENTED_EDGE('',*,*,#2989,.T.);
#6977 = CYLINDRICAL_SURFACE('',#6978,5.2);
#6978 = AXIS2_PLACEMENT_3D('',#6979,#6980,#6981);
#6979 = CARTESIAN_POINT('',(-38.,0.,28.));
#6980 = DIRECTION('',(1.,0.,0.));
#6981 = DIRECTION('',(-0.,0.,1.));
#6982 = ADVANCED_FACE('',(#6983),#6994,.T.);
#6983 = FACE_BOUND('',#6984,.T.);
#6984 = EDGE_LOOP('',(#6985,#6986,#6987,#6993));
#6985 = ORIENTED_EDGE('',*,*,#6971,.T.);
#6986 = ORIENTED_EDGE('',*,*,#4831,.F.);
#6987 = ORIENTED_EDGE('',*,*,#6988,.F.);
#6988 = EDGE_CURVE('',#2904,#4832,#6989,.T.);
#6989 = LINE('',#6990,#6991);
#6990 = CARTESIAN_POINT('',(-38.,1.273632671113E-15,33.2));
#6991 = VECTOR('',#6992,1.);
#6992 = DIRECTION('',(1.,0.,0.));
#6993 = ORIENTED_EDGE('',*,*,#2952,.T.);
#6994 = CYLINDRICAL_SURFACE('',#6995,5.2);
#6995 = AXIS2_PLACEMENT_3D('',#6996,#6997,#6998);
#6996 = CARTESIAN_POINT('',(-38.,0.,28.));
#6997 = DIRECTION('',(1.,0.,0.));
#6998 = DIRECTION('',(-0.,0.,1.));
#6999 = ADVANCED_FACE('',(#7000),#7011,.T.);
#7000 = FACE_BOUND('',#7001,.T.);
#7001 = EDGE_LOOP('',(#7002,#7003,#7004,#7010));
#7002 = ORIENTED_EDGE('',*,*,#6988,.T.);
#7003 = ORIENTED_EDGE('',*,*,#4880,.F.);
#7004 = ORIENTED_EDGE('',*,*,#7005,.F.);
#7005 = EDGE_CURVE('',#2867,#4881,#7006,.T.);
#7006 = LINE('',#7007,#7008);
#7007 = CARTESIAN_POINT('',(-38.,1.273632671113E-15,33.2));
#7008 = VECTOR('',#7009,1.);
#7009 = DIRECTION('',(1.,0.,0.));
#7010 = ORIENTED_EDGE('',*,*,#2903,.T.);
#7011 = CYLINDRICAL_SURFACE('',#7012,5.2);
#7012 = AXIS2_PLACEMENT_3D('',#7013,#7014,#7015);
#7013 = CARTESIAN_POINT('',(-38.,0.,28.));
#7014 = DIRECTION('',(1.,0.,0.));
#7015 = DIRECTION('',(-0.,0.,1.));
#7016 = ADVANCED_FACE('',(#7017),#7028,.T.);
#7017 = FACE_BOUND('',#7018,.T.);
#7018 = EDGE_LOOP('',(#7019,#7020,#7021,#7027));
#7019 = ORIENTED_EDGE('',*,*,#7005,.T.);
#7020 = ORIENTED_EDGE('',*,*,#4917,.F.);
#7021 = ORIENTED_EDGE('',*,*,#7022,.F.);
#7022 = EDGE_CURVE('',#2824,#4918,#7023,.T.);
#7023 = LINE('',#7024,#7025);
#7024 = CARTESIAN_POINT('',(-38.,1.273632671113E-15,33.2));
#7025 = VECTOR('',#7026,1.);
#7026 = DIRECTION('',(1.,0.,0.));
#7027 = ORIENTED_EDGE('',*,*,#2866,.T.);
#7028 = CYLINDRICAL_SURFACE('',#7029,5.2);
#7029 = AXIS2_PLACEMENT_3D('',#7030,#7031,#7032);
#7030 = CARTESIAN_POINT('',(-38.,0.,28.));
#7031 = DIRECTION('',(1.,0.,0.));
#7032 = DIRECTION('',(-0.,0.,1.));
#7033 = ADVANCED_FACE('',(#7034),#7045,.T.);
#7034 = FACE_BOUND('',#7035,.T.);
#7035 = EDGE_LOOP('',(#7036,#7037,#7038,#7044));
#7036 = ORIENTED_EDGE('',*,*,#7022,.T.);
#7037 = ORIENTED_EDGE('',*,*,#4954,.F.);
#7038 = ORIENTED_EDGE('',*,*,#7039,.F.);
#7039 = EDGE_CURVE('',#2787,#4955,#7040,.T.);
#7040 = LINE('',#7041,#7042);
#7041 = CARTESIAN_POINT('',(-38.,1.273632671113E-15,33.2));
#7042 = VECTOR('',#7043,1.);
#7043 = DIRECTION('',(1.,0.,0.));
#7044 = ORIENTED_EDGE('',*,*,#2823,.T.);
#7045 = CYLINDRICAL_SURFACE('',#7046,5.2);
#7046 = AXIS2_PLACEMENT_3D('',#7047,#7048,#7049);
#7047 = CARTESIAN_POINT('',(-38.,0.,28.));
#7048 = DIRECTION('',(1.,0.,0.));
#7049 = DIRECTION('',(-0.,0.,1.));
#7050 = ADVANCED_FACE('',(#7051),#7062,.T.);
#7051 = FACE_BOUND('',#7052,.T.);
#7052 = EDGE_LOOP('',(#7053,#7054,#7055,#7061));
#7053 = ORIENTED_EDGE('',*,*,#7039,.T.);
#7054 = ORIENTED_EDGE('',*,*,#4997,.F.);
#7055 = ORIENTED_EDGE('',*,*,#7056,.F.);
#7056 = EDGE_CURVE('',#2738,#4998,#7057,.T.);
#7057 = LINE('',#7058,#7059);
#7058 = CARTESIAN_POINT('',(-38.,1.273632671113E-15,33.2));
#7059 = VECTOR('',#7060,1.);
#7060 = DIRECTION('',(1.,0.,0.));
#7061 = ORIENTED_EDGE('',*,*,#2786,.T.);
#7062 = CYLINDRICAL_SURFACE('',#7063,5.2);
#7063 = AXIS2_PLACEMENT_3D('',#7064,#7065,#7066);
#7064 = CARTESIAN_POINT('',(-38.,0.,28.));
#7065 = DIRECTION('',(1.,0.,0.));
#7066 = DIRECTION('',(-0.,0.,1.));
#7067 = ADVANCED_FACE('',(#7068),#7079,.T.);
#7068 = FACE_BOUND('',#7069,.T.);
#7069 = EDGE_LOOP('',(#7070,#7071,#7072,#7078));
#7070 = ORIENTED_EDGE('',*,*,#7056,.T.);
#7071 = ORIENTED_EDGE('',*,*,#5040,.F.);
#7072 = ORIENTED_EDGE('',*,*,#7073,.F.);
#7073 = EDGE_CURVE('',#2695,#5041,#7074,.T.);
#7074 = LINE('',#7075,#7076);
#7075 = CARTESIAN_POINT('',(-38.,1.273632671113E-15,33.2));
#7076 = VECTOR('',#7077,1.);
#7077 = DIRECTION('',(1.,0.,0.));
#7078 = ORIENTED_EDGE('',*,*,#2737,.T.);
#7079 = CYLINDRICAL_SURFACE('',#7080,5.2);
#7080 = AXIS2_PLACEMENT_3D('',#7081,#7082,#7083);
#7081 = CARTESIAN_POINT('',(-38.,0.,28.));
#7082 = DIRECTION('',(1.,0.,0.));
#7083 = DIRECTION('',(-0.,0.,1.));
#7084 = ADVANCED_FACE('',(#7085),#7096,.T.);
#7085 = FACE_BOUND('',#7086,.T.);
#7086 = EDGE_LOOP('',(#7087,#7088,#7089,#7095));
#7087 = ORIENTED_EDGE('',*,*,#7073,.T.);
#7088 = ORIENTED_EDGE('',*,*,#5083,.F.);
#7089 = ORIENTED_EDGE('',*,*,#7090,.F.);
#7090 = EDGE_CURVE('',#2658,#5084,#7091,.T.);
#7091 = LINE('',#7092,#7093);
#7092 = CARTESIAN_POINT('',(-38.,1.273632671113E-15,33.2));
#7093 = VECTOR('',#7094,1.);
#7094 = DIRECTION('',(1.,0.,0.));
#7095 = ORIENTED_EDGE('',*,*,#2694,.T.);
#7096 = CYLINDRICAL_SURFACE('',#7097,5.2);
#7097 = AXIS2_PLACEMENT_3D('',#7098,#7099,#7100);
#7098 = CARTESIAN_POINT('',(-38.,0.,28.));
#7099 = DIRECTION('',(1.,0.,0.));
#7100 = DIRECTION('',(-0.,0.,1.));
#7101 = ADVANCED_FACE('',(#7102),#7113,.T.);
#7102 = FACE_BOUND('',#7103,.T.);
#7103 = EDGE_LOOP('',(#7104,#7105,#7106,#7112));
#7104 = ORIENTED_EDGE('',*,*,#7090,.T.);
#7105 = ORIENTED_EDGE('',*,*,#5138,.F.);
#7106 = ORIENTED_EDGE('',*,*,#7107,.F.);
#7107 = EDGE_CURVE('',#2609,#5139,#7108,.T.);
#7108 = LINE('',#7109,#7110);
#7109 = CARTESIAN_POINT('',(-38.,1.273632671113E-15,33.2));
#7110 = VECTOR('',#7111,1.);
#7111 = DIRECTION('',(1.,0.,0.));
#7112 = ORIENTED_EDGE('',*,*,#2657,.T.);
#7113 = CYLINDRICAL_SURFACE('',#7114,5.2);
#7114 = AXIS2_PLACEMENT_3D('',#7115,#7116,#7117);
#7115 = CARTESIAN_POINT('',(-38.,0.,28.));
#7116 = DIRECTION('',(1.,0.,0.));
#7117 = DIRECTION('',(-0.,0.,1.));
#7118 = ADVANCED_FACE('',(#7119),#7130,.T.);
#7119 = FACE_BOUND('',#7120,.T.);
#7120 = EDGE_LOOP('',(#7121,#7122,#7123,#7129));
#7121 = ORIENTED_EDGE('',*,*,#7107,.T.);
#7122 = ORIENTED_EDGE('',*,*,#5180,.F.);
#7123 = ORIENTED_EDGE('',*,*,#7124,.F.);
#7124 = EDGE_CURVE('',#2560,#5181,#7125,.T.);
#7125 = LINE('',#7126,#7127);
#7126 = CARTESIAN_POINT('',(-38.,1.273632671113E-15,33.2));
#7127 = VECTOR('',#7128,1.);
#7128 = DIRECTION('',(1.,0.,0.));
#7129 = ORIENTED_EDGE('',*,*,#2608,.T.);
#7130 = CYLINDRICAL_SURFACE('',#7131,5.2);
#7131 = AXIS2_PLACEMENT_3D('',#7132,#7133,#7134);
#7132 = CARTESIAN_POINT('',(-38.,0.,28.));
#7133 = DIRECTION('',(1.,0.,0.));
#7134 = DIRECTION('',(-0.,0.,1.));
#7135 = ADVANCED_FACE('',(#7136),#7147,.T.);
#7136 = FACE_BOUND('',#7137,.T.);
#7137 = EDGE_LOOP('',(#7138,#7139,#7140,#7146));
#7138 = ORIENTED_EDGE('',*,*,#7124,.T.);
#7139 = ORIENTED_EDGE('',*,*,#5222,.F.);
#7140 = ORIENTED_EDGE('',*,*,#7141,.F.);
#7141 = EDGE_CURVE('',#2518,#5223,#7142,.T.);
#7142 = LINE('',#7143,#7144);
#7143 = CARTESIAN_POINT('',(-38.,1.273632671113E-15,33.2));
#7144 = VECTOR('',#7145,1.);
#7145 = DIRECTION('',(1.,0.,0.));
#7146 = ORIENTED_EDGE('',*,*,#2559,.T.);
#7147 = CYLINDRICAL_SURFACE('',#7148,5.2);
#7148 = AXIS2_PLACEMENT_3D('',#7149,#7150,#7151);
#7149 = CARTESIAN_POINT('',(-38.,0.,28.));
#7150 = DIRECTION('',(1.,0.,0.));
#7151 = DIRECTION('',(-0.,0.,1.));
#7152 = ADVANCED_FACE('',(#7153),#7164,.T.);
#7153 = FACE_BOUND('',#7154,.T.);
#7154 = EDGE_LOOP('',(#7155,#7156,#7157,#7163));
#7155 = ORIENTED_EDGE('',*,*,#7141,.T.);
#7156 = ORIENTED_EDGE('',*,*,#5259,.F.);
#7157 = ORIENTED_EDGE('',*,*,#7158,.F.);
#7158 = EDGE_CURVE('',#2469,#5260,#7159,.T.);
#7159 = LINE('',#7160,#7161);
#7160 = CARTESIAN_POINT('',(-38.,1.273632671113E-15,33.2));
#7161 = VECTOR('',#7162,1.);
#7162 = DIRECTION('',(1.,0.,0.));
#7163 = ORIENTED_EDGE('',*,*,#2517,.T.);
#7164 = CYLINDRICAL_SURFACE('',#7165,5.2);
#7165 = AXIS2_PLACEMENT_3D('',#7166,#7167,#7168);
#7166 = CARTESIAN_POINT('',(-38.,0.,28.));
#7167 = DIRECTION('',(1.,0.,0.));
#7168 = DIRECTION('',(-0.,0.,1.));
#7169 = ADVANCED_FACE('',(#7170),#7181,.T.);
#7170 = FACE_BOUND('',#7171,.T.);
#7171 = EDGE_LOOP('',(#7172,#7173,#7174,#7180));
#7172 = ORIENTED_EDGE('',*,*,#7158,.T.);
#7173 = ORIENTED_EDGE('',*,*,#5296,.F.);
#7174 = ORIENTED_EDGE('',*,*,#7175,.F.);
#7175 = EDGE_CURVE('',#2427,#5297,#7176,.T.);
#7176 = LINE('',#7177,#7178);
#7177 = CARTESIAN_POINT('',(-38.,1.273632671113E-15,33.2));
#7178 = VECTOR('',#7179,1.);
#7179 = DIRECTION('',(1.,0.,0.));
#7180 = ORIENTED_EDGE('',*,*,#2468,.T.);
#7181 = CYLINDRICAL_SURFACE('',#7182,5.2);
#7182 = AXIS2_PLACEMENT_3D('',#7183,#7184,#7185);
#7183 = CARTESIAN_POINT('',(-38.,0.,28.));
#7184 = DIRECTION('',(1.,0.,0.));
#7185 = DIRECTION('',(-0.,0.,1.));
#7186 = ADVANCED_FACE('',(#7187),#7198,.T.);
#7187 = FACE_BOUND('',#7188,.T.);
#7188 = EDGE_LOOP('',(#7189,#7190,#7191,#7197));
#7189 = ORIENTED_EDGE('',*,*,#7175,.T.);
#7190 = ORIENTED_EDGE('',*,*,#5333,.F.);
#7191 = ORIENTED_EDGE('',*,*,#7192,.F.);
#7192 = EDGE_CURVE('',#2390,#5334,#7193,.T.);
#7193 = LINE('',#7194,#7195);
#7194 = CARTESIAN_POINT('',(-38.,1.273632671113E-15,33.2));
#7195 = VECTOR('',#7196,1.);
#7196 = DIRECTION('',(1.,0.,0.));
#7197 = ORIENTED_EDGE('',*,*,#2426,.T.);
#7198 = CYLINDRICAL_SURFACE('',#7199,5.2);
#7199 = AXIS2_PLACEMENT_3D('',#7200,#7201,#7202);
#7200 = CARTESIAN_POINT('',(-38.,0.,28.));
#7201 = DIRECTION('',(1.,0.,0.));
#7202 = DIRECTION('',(-0.,0.,1.));
#7203 = ADVANCED_FACE('',(#7204),#7215,.T.);
#7204 = FACE_BOUND('',#7205,.T.);
#7205 = EDGE_LOOP('',(#7206,#7207,#7208,#7214));
#7206 = ORIENTED_EDGE('',*,*,#7192,.T.);
#7207 = ORIENTED_EDGE('',*,*,#5370,.F.);
#7208 = ORIENTED_EDGE('',*,*,#7209,.F.);
#7209 = EDGE_CURVE('',#2348,#5371,#7210,.T.);
#7210 = LINE('',#7211,#7212);
#7211 = CARTESIAN_POINT('',(-38.,1.273632671113E-15,33.2));
#7212 = VECTOR('',#7213,1.);
#7213 = DIRECTION('',(1.,0.,0.));
#7214 = ORIENTED_EDGE('',*,*,#2389,.T.);
#7215 = CYLINDRICAL_SURFACE('',#7216,5.2);
#7216 = AXIS2_PLACEMENT_3D('',#7217,#7218,#7219);
#7217 = CARTESIAN_POINT('',(-38.,0.,28.));
#7218 = DIRECTION('',(1.,0.,0.));
#7219 = DIRECTION('',(-0.,0.,1.));
#7220 = ADVANCED_FACE('',(#7221),#7232,.T.);
#7221 = FACE_BOUND('',#7222,.T.);
#7222 = EDGE_LOOP('',(#7223,#7224,#7225,#7231));
#7223 = ORIENTED_EDGE('',*,*,#7209,.T.);
#7224 = ORIENTED_EDGE('',*,*,#5407,.F.);
#7225 = ORIENTED_EDGE('',*,*,#7226,.F.);
#7226 = EDGE_CURVE('',#2305,#5408,#7227,.T.);
#7227 = LINE('',#7228,#7229);
#7228 = CARTESIAN_POINT('',(-38.,1.273632671113E-15,33.2));
#7229 = VECTOR('',#7230,1.);
#7230 = DIRECTION('',(1.,0.,0.));
#7231 = ORIENTED_EDGE('',*,*,#2347,.T.);
#7232 = CYLINDRICAL_SURFACE('',#7233,5.2);
#7233 = AXIS2_PLACEMENT_3D('',#7234,#7235,#7236);
#7234 = CARTESIAN_POINT('',(-38.,0.,28.));
#7235 = DIRECTION('',(1.,0.,0.));
#7236 = DIRECTION('',(-0.,0.,1.));
#7237 = ADVANCED_FACE('',(#7238),#7249,.T.);
#7238 = FACE_BOUND('',#7239,.T.);
#7239 = EDGE_LOOP('',(#7240,#7241,#7242,#7248));
#7240 = ORIENTED_EDGE('',*,*,#7226,.T.);
#7241 = ORIENTED_EDGE('',*,*,#5444,.F.);
#7242 = ORIENTED_EDGE('',*,*,#7243,.F.);
#7243 = EDGE_CURVE('',#2277,#5445,#7244,.T.);
#7244 = LINE('',#7245,#7246);
#7245 = CARTESIAN_POINT('',(-38.,1.273632671113E-15,33.2));
#7246 = VECTOR('',#7247,1.);
#7247 = DIRECTION('',(1.,0.,0.));
#7248 = ORIENTED_EDGE('',*,*,#2304,.T.);
#7249 = CYLINDRICAL_SURFACE('',#7250,5.2);
#7250 = AXIS2_PLACEMENT_3D('',#7251,#7252,#7253);
#7251 = CARTESIAN_POINT('',(-38.,0.,28.));
#7252 = DIRECTION('',(1.,0.,0.));
#7253 = DIRECTION('',(-0.,0.,1.));
#7254 = ADVANCED_FACE('',(#7255),#7283,.T.);
#7255 = FACE_BOUND('',#7256,.T.);
#7256 = EDGE_LOOP('',(#7257,#7258,#7259,#7267,#7274,#7275,#7276,#7282));
#7257 = ORIENTED_EDGE('',*,*,#7243,.T.);
#7258 = ORIENTED_EDGE('',*,*,#5481,.F.);
#7259 = ORIENTED_EDGE('',*,*,#7260,.F.);
#7260 = EDGE_CURVE('',#7261,#4084,#7263,.T.);
#7261 = VERTEX_POINT('',#7262);
#7262 = CARTESIAN_POINT('',(-38.,1.273632671113E-15,33.2));
#7263 = LINE('',#7264,#7265);
#7264 = CARTESIAN_POINT('',(-38.,1.273632671113E-15,33.2));
#7265 = VECTOR('',#7266,1.);
#7266 = DIRECTION('',(1.,0.,0.));
#7267 = ORIENTED_EDGE('',*,*,#7268,.T.);
#7268 = EDGE_CURVE('',#7261,#7261,#7269,.T.);
#7269 = CIRCLE('',#7270,5.2);
#7270 = AXIS2_PLACEMENT_3D('',#7271,#7272,#7273);
#7271 = CARTESIAN_POINT('',(-38.,0.,28.));
#7272 = DIRECTION('',(1.,0.,0.));
#7273 = DIRECTION('',(-0.,0.,1.));
#7274 = ORIENTED_EDGE('',*,*,#7260,.T.);
#7275 = ORIENTED_EDGE('',*,*,#4081,.F.);
#7276 = ORIENTED_EDGE('',*,*,#7277,.T.);
#7277 = EDGE_CURVE('',#4082,#2270,#7278,.T.);
#7278 = LINE('',#7279,#7280);
#7279 = CARTESIAN_POINT('',(-38.,-2.504870229565E-15,22.8));
#7280 = VECTOR('',#7281,1.);
#7281 = DIRECTION('',(1.,0.,0.));
#7282 = ORIENTED_EDGE('',*,*,#2276,.T.);
#7283 = CYLINDRICAL_SURFACE('',#7284,5.2);
#7284 = AXIS2_PLACEMENT_3D('',#7285,#7286,#7287);
#7285 = CARTESIAN_POINT('',(-38.,0.,28.));
#7286 = DIRECTION('',(1.,0.,0.));
#7287 = DIRECTION('',(-0.,0.,1.));
#7288 = ADVANCED_FACE('',(#7289),#7295,.T.);
#7289 = FACE_BOUND('',#7290,.T.);
#7290 = EDGE_LOOP('',(#7291,#7292,#7293,#7294));
#7291 = ORIENTED_EDGE('',*,*,#7277,.F.);
#7292 = ORIENTED_EDGE('',*,*,#4102,.T.);
#7293 = ORIENTED_EDGE('',*,*,#6184,.T.);
#7294 = ORIENTED_EDGE('',*,*,#2269,.T.);
#7295 = PLANE('',#7296);
#7296 = AXIS2_PLACEMENT_3D('',#7297,#7298,#7299);
#7297 = CARTESIAN_POINT('',(-36.,1.378270901014E-15,22.370713431384));
#7298 = DIRECTION('',(1.15047148186E-15,-1.,-3.685645632851E-15));
#7299 = DIRECTION('',(-1.110223024625E-16,-3.685645632851E-15,1.));
#7300 = ADVANCED_FACE('',(#7301),#7304,.F.);
#7301 = FACE_BOUND('',#7302,.T.);
#7302 = EDGE_LOOP('',(#7303));
#7303 = ORIENTED_EDGE('',*,*,#7268,.F.);
#7304 = PLANE('',#7305);
#7305 = AXIS2_PLACEMENT_3D('',#7306,#7307,#7308);
#7306 = CARTESIAN_POINT('',(-38.,0.,28.));
#7307 = DIRECTION('',(1.,0.,0.));
#7308 = DIRECTION('',(-0.,0.,1.));
#7309 = ( GEOMETRIC_REPRESENTATION_CONTEXT(3) 
GLOBAL_UNCERTAINTY_ASSIGNED_CONTEXT((#7313)) 
GLOBAL_UNIT_ASSIGNED_CONTEXT((#7310,#7311,#7312)) REPRESENTATION_CONTEXT
('Context #1','3D Context with UNIT and UNCERTAINTY') );
#7310 = ( LENGTH_UNIT() NAMED_UNIT(*) SI_UNIT(.MILLI.,.METRE.) );
#7311 = ( NAMED_UNIT(*) PLANE_ANGLE_UNIT() SI_UNIT($,.RADIAN.) );
#7312 = ( NAMED_UNIT(*) SI_UNIT($,.STERADIAN.) SOLID_ANGLE_UNIT() );
#7313 = UNCERTAINTY_MEASURE_WITH_UNIT(LENGTH_MEASURE(5.E-04),#7310,
  'distance_accuracy_value','confusion accuracy');
#7314 = CONTEXT_DEPENDENT_SHAPE_REPRESENTATION(#7315,#7317);
#7315 = ( REPRESENTATION_RELATIONSHIP('','',#1808,#231) 
REPRESENTATION_RELATIONSHIP_WITH_TRANSFORMATION(#7316) 
SHAPE_REPRESENTATION_RELATIONSHIP() );
#7316 = ITEM_DEFINED_TRANSFORMATION('','',#11,#256);
#7317 = PRODUCT_DEFINITION_SHAPE('Placement','Placement of an item',
  #7318);
#7318 = NEXT_ASSEMBLY_USAGE_OCCURRENCE('10',
  '09 | Spindel mit modellierter Gewindehelix','',#226,#1803,$);
#7319 = PRODUCT_RELATED_PRODUCT_CATEGORY('part',$,(#1805));
#7320 = SHAPE_DEFINITION_REPRESENTATION(#7321,#7327);
#7321 = PRODUCT_DEFINITION_SHAPE('','',#7322);
#7322 = PRODUCT_DEFINITION('design','',#7323,#7326);
#7323 = PRODUCT_DEFINITION_FORMATION('','',#7324);
#7324 = PRODUCT('10 | Gleitgriff-Nabe','10 | Gleitgriff-Nabe','',(#7325)
  );
#7325 = PRODUCT_CONTEXT('',#2,'mechanical');
#7326 = PRODUCT_DEFINITION_CONTEXT('part definition',#2,'design');
#7327 = ADVANCED_BREP_SHAPE_REPRESENTATION('',(#11,#7328),#7542);
#7328 = MANIFOLD_SOLID_BREP('',#7329);
#7329 = CLOSED_SHELL('',(#7330,#7507,#7516,#7525));
#7330 = ADVANCED_FACE('',(#7331,#7358,#7430),#7502,.T.);
#7331 = FACE_BOUND('',#7332,.T.);
#7332 = EDGE_LOOP('',(#7333,#7343,#7350,#7351));
#7333 = ORIENTED_EDGE('',*,*,#7334,.T.);
#7334 = EDGE_CURVE('',#7335,#7337,#7339,.T.);
#7335 = VERTEX_POINT('',#7336);
#7336 = CARTESIAN_POINT('',(96.,2.449293598295E-15,38.));
#7337 = VERTEX_POINT('',#7338);
#7338 = CARTESIAN_POINT('',(110.,2.449293598295E-15,38.));
#7339 = LINE('',#7340,#7341);
#7340 = CARTESIAN_POINT('',(96.,2.449293598295E-15,38.));
#7341 = VECTOR('',#7342,1.);
#7342 = DIRECTION('',(1.,0.,0.));
#7343 = ORIENTED_EDGE('',*,*,#7344,.F.);
#7344 = EDGE_CURVE('',#7337,#7337,#7345,.T.);
#7345 = CIRCLE('',#7346,10.);
#7346 = AXIS2_PLACEMENT_3D('',#7347,#7348,#7349);
#7347 = CARTESIAN_POINT('',(110.,0.,28.));
#7348 = DIRECTION('',(1.,0.,0.));
#7349 = DIRECTION('',(-0.,0.,1.));
#7350 = ORIENTED_EDGE('',*,*,#7334,.F.);
#7351 = ORIENTED_EDGE('',*,*,#7352,.T.);
#7352 = EDGE_CURVE('',#7335,#7335,#7353,.T.);
#7353 = CIRCLE('',#7354,10.);
#7354 = AXIS2_PLACEMENT_3D('',#7355,#7356,#7357);
#7355 = CARTESIAN_POINT('',(96.,0.,28.));
#7356 = DIRECTION('',(1.,0.,0.));
#7357 = DIRECTION('',(-0.,0.,1.));
#7358 = FACE_BOUND('',#7359,.T.);
#7359 = EDGE_LOOP('',(#7360));
#7360 = ORIENTED_EDGE('',*,*,#7361,.F.);
#7361 = EDGE_CURVE('',#7362,#7362,#7364,.T.);
#7362 = VERTEX_POINT('',#7363);
#7363 = CARTESIAN_POINT('',(103.,9.474175425862,31.2));
#7364 = B_SPLINE_CURVE_WITH_KNOTS('',8,(#7365,#7366,#7367,#7368,#7369,
    #7370,#7371,#7372,#7373,#7374,#7375,#7376,#7377,#7378,#7379,#7380,
    #7381,#7382,#7383,#7384,#7385,#7386,#7387,#7388,#7389,#7390,#7391,
    #7392,#7393,#7394,#7395,#7396,#7397,#7398,#7399,#7400,#7401,#7402,
    #7403,#7404,#7405,#7406,#7407,#7408,#7409,#7410,#7411,#7412,#7413,
    #7414,#7415,#7416,#7417,#7418,#7419,#7420,#7421,#7422,#7423,#7424,
    #7425,#7426,#7427,#7428,#7429),.UNSPECIFIED.,.T.,.F.,(9,7,7,7,7,7,7,
    7,7,9),(0.,0.115086285236,0.212083657268,0.30014731887,
    0.407052803171,0.506261651921,0.608671510265,0.696234239614,
    0.793498634022,1.),.UNSPECIFIED.);
#7365 = CARTESIAN_POINT('',(103.,9.474175425862,31.2));
#7366 = CARTESIAN_POINT('',(103.26719732063,9.474175425862,31.2));
#7367 = CARTESIAN_POINT('',(103.53402781535,9.482787518747,
    31.174502420567));
#7368 = CARTESIAN_POINT('',(103.79896758527,9.499971043663,
    31.123627217236));
#7369 = CARTESIAN_POINT('',(104.06042671073,9.525363914842,
    31.047180075918));
#7370 = CARTESIAN_POINT('',(104.31663550742,9.558273820074,
    30.944703485865));
#7371 = CARTESIAN_POINT('',(104.56550239467,9.597636547096,
    30.815522969739));
#7372 = CARTESIAN_POINT('',(104.80442779814,9.641954430666,
    30.658803789983));
#7373 = CARTESIAN_POINT('',(105.22022526975,9.729071092899,
    30.317567623751));
#7374 = CARTESIAN_POINT('',(105.40267635915,9.771375700105,
    30.139873096991));
#7375 = CARTESIAN_POINT('',(105.57418741601,9.814821645713,
    29.940108218232));
#7376 = CARTESIAN_POINT('',(105.73132514132,9.857699705196,
    29.718224104044));
#7377 = CARTESIAN_POINT('',(105.87043218514,9.897980619517,
    29.474578783307));
#7378 = CARTESIAN_POINT('',(105.98758851955,9.933404649682,
    29.209987975874));
#7379 = CARTESIAN_POINT('',(106.07853101003,9.961631951392,
    28.925838341043));
#7380 = CARTESIAN_POINT('',(106.1929702966,9.997619065049,
    28.350513196242));
#7381 = CARTESIAN_POINT('',(106.22084903202,10.006691492163,
    28.067716878271));
#7382 = CARTESIAN_POINT('',(106.21975675119,10.006437017891,
    27.781366990098));
#7383 = CARTESIAN_POINT('',(106.18915500707,9.996444890792,
    27.497257761617));
#7384 = CARTESIAN_POINT('',(106.13024938018,9.977395992474,
    27.221161711298));
#7385 = CARTESIAN_POINT('',(106.04597596166,9.950970944092,
    26.958493490132));
#7386 = CARTESIAN_POINT('',(105.94106319144,9.919519361152,
    26.71400503162));
#7387 = CARTESIAN_POINT('',(105.67779019168,9.844359781544,
    26.221455892693));
#7388 = CARTESIAN_POINT('',(105.50967677231,9.798578994317,
    25.977986475822));
#7389 = CARTESIAN_POINT('',(105.32302976115,9.751033386476,
    25.760939653773));
#7390 = CARTESIAN_POINT('',(105.1218803232,9.704072976027,
    25.569606568406));
#7391 = CARTESIAN_POINT('',(104.90934381102,9.659540875241,
    25.403062135311));
#7392 = CARTESIAN_POINT('',(104.68781562331,9.61884223756,
    25.260370884022));
#7393 = CARTESIAN_POINT('',(104.45911289448,9.583053368146,
    25.140729308994));
#7394 = CARTESIAN_POINT('',(104.00694571122,9.525090566849,
    24.953435529226));
#7395 = CARTESIAN_POINT('',(103.78163360375,9.501782005402,
    24.881561254573));
#7396 = CARTESIAN_POINT('',(103.55053979977,9.48405744034,
    24.828772215548));
#7397 = CARTESIAN_POINT('',(103.31557909779,9.472683142746,
    24.795592612495));
#7398 = CARTESIAN_POINT('',(103.07868171817,9.468118830575,
    24.78230975285));
#7399 = CARTESIAN_POINT('',(102.84178388382,9.470477691653,
    24.788997798981));
#7400 = CARTESIAN_POINT('',(102.60681921946,9.479525885317,
    24.815516813599));
#7401 = CARTESIAN_POINT('',(102.13714592788,9.510407452842,
    24.908940639922));
#7402 = CARTESIAN_POINT('',(101.9015494314,9.532718984812,
    24.977347815687));
#7403 = CARTESIAN_POINT('',(101.66998044284,9.561245038979,25.0668641549
    ));
#7404 = CARTESIAN_POINT('',(101.4436921223,9.595372660354,
    25.177900212056));
#7405 = CARTESIAN_POINT('',(101.22421961547,9.634259860272,
    25.311066755492));
#7406 = CARTESIAN_POINT('',(101.01349457886,9.676776704619,
    25.467114510887));
#7407 = CARTESIAN_POINT('',(100.81399719105,9.721439518511,
    25.64685029173));
#7408 = CARTESIAN_POINT('',(100.47074236491,9.804773729276,
    26.025573630732));
#7409 = CARTESIAN_POINT('',(100.32718113388,9.842383707726,
    26.213485797389));
#7410 = CARTESIAN_POINT('',(100.19962657039,9.8779268587,26.41327987757)
  );
#7411 = CARTESIAN_POINT('',(100.08922372121,9.910203354161,
    26.623332970049));
#7412 = CARTESIAN_POINT('',(99.996907216097,9.938163097187,
    26.841913980545));
#7413 = CARTESIAN_POINT('',(99.923399773708,9.960965281636,
    27.067215728484));
#7414 = CARTESIAN_POINT('',(99.869210812722,9.978014106308,
    27.297372419223));
#7415 = CARTESIAN_POINT('',(99.796228654757,10.001141129544,
    27.789378163586));
#7416 = CARTESIAN_POINT('',(99.781772143874,10.005873769688,
    28.053594228188));
#7417 = CARTESIAN_POINT('',(99.792484659006,10.002451625328,
    28.318755346925));
#7418 = CARTESIAN_POINT('',(99.828293346106,9.990828180506,
    28.580358806604));
#7419 = CARTESIAN_POINT('',(99.887897176291,9.971729130739,
    28.833984264529));
#7420 = CARTESIAN_POINT('',(99.968772066014,9.946561144794,
    29.075512748682));
#7421 = CARTESIAN_POINT('',(100.06713090148,9.917180098938,
    29.301325038012));
#7422 = CARTESIAN_POINT('',(100.4129230584,9.81846282383,29.948256661446
    ));
#7423 = CARTESIAN_POINT('',(100.71127519224,9.739155038008,
    30.31803535064));
#7424 = CARTESIAN_POINT('',(101.05067261518,9.659696354434,
    30.618390230413));
#7425 = CARTESIAN_POINT('',(101.41705710847,9.589054351005,30.8533208968
    ));
#7426 = CARTESIAN_POINT('',(101.80074245884,9.532688655306,
    31.026744525032));
#7427 = CARTESIAN_POINT('',(102.19532135917,9.49382999783,
    31.141812569228));
#7428 = CARTESIAN_POINT('',(102.59635716998,9.474175425862,31.2));
#7429 = CARTESIAN_POINT('',(103.,9.474175425862,31.2));
#7430 = FACE_BOUND('',#7431,.T.);
#7431 = EDGE_LOOP('',(#7432));
#7432 = ORIENTED_EDGE('',*,*,#7433,.T.);
#7433 = EDGE_CURVE('',#7434,#7434,#7436,.T.);
#7434 = VERTEX_POINT('',#7435);
#7435 = CARTESIAN_POINT('',(103.,-9.474175425862,31.2));
#7436 = B_SPLINE_CURVE_WITH_KNOTS('',8,(#7437,#7438,#7439,#7440,#7441,
    #7442,#7443,#7444,#7445,#7446,#7447,#7448,#7449,#7450,#7451,#7452,
    #7453,#7454,#7455,#7456,#7457,#7458,#7459,#7460,#7461,#7462,#7463,
    #7464,#7465,#7466,#7467,#7468,#7469,#7470,#7471,#7472,#7473,#7474,
    #7475,#7476,#7477,#7478,#7479,#7480,#7481,#7482,#7483,#7484,#7485,
    #7486,#7487,#7488,#7489,#7490,#7491,#7492,#7493,#7494,#7495,#7496,
    #7497,#7498,#7499,#7500,#7501),.UNSPECIFIED.,.T.,.F.,(9,7,7,7,7,7,7,
    7,7,9),(0.,0.115086285236,0.212083657268,0.30014731887,
    0.407052803171,0.506261651921,0.608671510265,0.696234239614,
    0.793498634022,1.),.UNSPECIFIED.);
#7437 = CARTESIAN_POINT('',(103.,-9.474175425862,31.2));
#7438 = CARTESIAN_POINT('',(103.26719732063,-9.474175425862,31.2));
#7439 = CARTESIAN_POINT('',(103.53402781535,-9.482787518747,
    31.174502420567));
#7440 = CARTESIAN_POINT('',(103.79896758527,-9.499971043663,
    31.123627217237));
#7441 = CARTESIAN_POINT('',(104.06042671073,-9.525363914842,
    31.047180075918));
#7442 = CARTESIAN_POINT('',(104.31663550742,-9.558273820074,
    30.944703485865));
#7443 = CARTESIAN_POINT('',(104.56550239467,-9.597636547096,
    30.815522969739));
#7444 = CARTESIAN_POINT('',(104.80442779814,-9.641954430666,
    30.658803789983));
#7445 = CARTESIAN_POINT('',(105.22022526976,-9.729071092899,
    30.31756762375));
#7446 = CARTESIAN_POINT('',(105.40267635915,-9.771375700105,
    30.139873096991));
#7447 = CARTESIAN_POINT('',(105.57418741601,-9.814821645713,
    29.940108218232));
#7448 = CARTESIAN_POINT('',(105.73132514132,-9.857699705196,
    29.718224104044));
#7449 = CARTESIAN_POINT('',(105.87043218514,-9.897980619517,
    29.474578783307));
#7450 = CARTESIAN_POINT('',(105.98758851955,-9.933404649682,
    29.209987975874));
#7451 = CARTESIAN_POINT('',(106.07853101003,-9.961631951392,
    28.925838341043));
#7452 = CARTESIAN_POINT('',(106.1929702966,-9.997619065049,
    28.350513196242));
#7453 = CARTESIAN_POINT('',(106.22084903202,-10.00669149216,
    28.067716878271));
#7454 = CARTESIAN_POINT('',(106.21975675119,-10.00643701789,
    27.781366990098));
#7455 = CARTESIAN_POINT('',(106.18915500707,-9.996444890792,
    27.497257761617));
#7456 = CARTESIAN_POINT('',(106.13024938018,-9.977395992474,
    27.221161711298));
#7457 = CARTESIAN_POINT('',(106.04597596166,-9.950970944092,
    26.958493490131));
#7458 = CARTESIAN_POINT('',(105.94106319144,-9.919519361152,
    26.71400503162));
#7459 = CARTESIAN_POINT('',(105.67779019168,-9.844359781544,
    26.221455892693));
#7460 = CARTESIAN_POINT('',(105.50967677231,-9.798578994317,
    25.977986475822));
#7461 = CARTESIAN_POINT('',(105.32302976114,-9.751033386476,
    25.760939653773));
#7462 = CARTESIAN_POINT('',(105.1218803232,-9.704072976027,
    25.569606568406));
#7463 = CARTESIAN_POINT('',(104.90934381102,-9.659540875241,
    25.403062135311));
#7464 = CARTESIAN_POINT('',(104.68781562331,-9.61884223756,
    25.260370884022));
#7465 = CARTESIAN_POINT('',(104.45911289448,-9.583053368146,
    25.140729308994));
#7466 = CARTESIAN_POINT('',(104.00694571122,-9.525090566849,
    24.953435529226));
#7467 = CARTESIAN_POINT('',(103.78163360375,-9.501782005402,
    24.881561254573));
#7468 = CARTESIAN_POINT('',(103.55053979977,-9.48405744034,
    24.828772215548));
#7469 = CARTESIAN_POINT('',(103.31557909779,-9.472683142746,
    24.795592612495));
#7470 = CARTESIAN_POINT('',(103.07868171817,-9.468118830575,
    24.78230975285));
#7471 = CARTESIAN_POINT('',(102.84178388382,-9.470477691653,
    24.788997798981));
#7472 = CARTESIAN_POINT('',(102.60681921946,-9.479525885317,
    24.815516813599));
#7473 = CARTESIAN_POINT('',(102.13714592788,-9.510407452842,
    24.908940639922));
#7474 = CARTESIAN_POINT('',(101.9015494314,-9.532718984812,
    24.977347815687));
#7475 = CARTESIAN_POINT('',(101.66998044284,-9.561245038979,
    25.066864154901));
#7476 = CARTESIAN_POINT('',(101.4436921223,-9.595372660354,
    25.177900212056));
#7477 = CARTESIAN_POINT('',(101.22421961547,-9.634259860272,
    25.311066755492));
#7478 = CARTESIAN_POINT('',(101.01349457886,-9.676776704619,
    25.467114510887));
#7479 = CARTESIAN_POINT('',(100.81399719105,-9.721439518511,
    25.64685029173));
#7480 = CARTESIAN_POINT('',(100.47074236491,-9.804773729276,
    26.025573630732));
#7481 = CARTESIAN_POINT('',(100.32718113388,-9.842383707726,
    26.213485797389));
#7482 = CARTESIAN_POINT('',(100.19962657039,-9.8779268587,26.41327987757
    ));
#7483 = CARTESIAN_POINT('',(100.08922372121,-9.910203354161,
    26.623332970049));
#7484 = CARTESIAN_POINT('',(99.996907216097,-9.938163097187,
    26.841913980545));
#7485 = CARTESIAN_POINT('',(99.923399773708,-9.960965281636,
    27.067215728484));
#7486 = CARTESIAN_POINT('',(99.869210812722,-9.978014106308,
    27.297372419223));
#7487 = CARTESIAN_POINT('',(99.796228654757,-10.00114112954,
    27.789378163586));
#7488 = CARTESIAN_POINT('',(99.781772143874,-10.00587376968,
    28.053594228187));
#7489 = CARTESIAN_POINT('',(99.792484659006,-10.00245162532,
    28.318755346926));
#7490 = CARTESIAN_POINT('',(99.828293346106,-9.990828180506,
    28.580358806604));
#7491 = CARTESIAN_POINT('',(99.88789717629,-9.971729130739,
    28.833984264528));
#7492 = CARTESIAN_POINT('',(99.968772066015,-9.946561144794,
    29.075512748683));
#7493 = CARTESIAN_POINT('',(100.06713090148,-9.917180098938,
    29.301325038012));
#7494 = CARTESIAN_POINT('',(100.4129230584,-9.81846282383,
    29.948256661446));
#7495 = CARTESIAN_POINT('',(100.71127519225,-9.739155038008,
    30.318035350643));
#7496 = CARTESIAN_POINT('',(101.05067261518,-9.659696354435,
    30.618390230409));
#7497 = CARTESIAN_POINT('',(101.41705710847,-9.589054351004,
    30.853320896804));
#7498 = CARTESIAN_POINT('',(101.80074245884,-9.532688655307,
    31.026744525029));
#7499 = CARTESIAN_POINT('',(102.19532135917,-9.49382999783,
    31.141812569228));
#7500 = CARTESIAN_POINT('',(102.59635716998,-9.474175425862,31.2));
#7501 = CARTESIAN_POINT('',(103.,-9.474175425862,31.2));
#7502 = CYLINDRICAL_SURFACE('',#7503,10.);
#7503 = AXIS2_PLACEMENT_3D('',#7504,#7505,#7506);
#7504 = CARTESIAN_POINT('',(96.,0.,28.));
#7505 = DIRECTION('',(1.,0.,0.));
#7506 = DIRECTION('',(-0.,0.,1.));
#7507 = ADVANCED_FACE('',(#7508),#7511,.F.);
#7508 = FACE_BOUND('',#7509,.T.);
#7509 = EDGE_LOOP('',(#7510));
#7510 = ORIENTED_EDGE('',*,*,#7352,.F.);
#7511 = PLANE('',#7512);
#7512 = AXIS2_PLACEMENT_3D('',#7513,#7514,#7515);
#7513 = CARTESIAN_POINT('',(96.,0.,28.));
#7514 = DIRECTION('',(1.,0.,0.));
#7515 = DIRECTION('',(-0.,0.,1.));
#7516 = ADVANCED_FACE('',(#7517),#7520,.T.);
#7517 = FACE_BOUND('',#7518,.T.);
#7518 = EDGE_LOOP('',(#7519));
#7519 = ORIENTED_EDGE('',*,*,#7344,.T.);
#7520 = PLANE('',#7521);
#7521 = AXIS2_PLACEMENT_3D('',#7522,#7523,#7524);
#7522 = CARTESIAN_POINT('',(110.,0.,28.));
#7523 = DIRECTION('',(1.,0.,0.));
#7524 = DIRECTION('',(-0.,0.,1.));
#7525 = ADVANCED_FACE('',(#7526),#7537,.F.);
#7526 = FACE_BOUND('',#7527,.F.);
#7527 = EDGE_LOOP('',(#7528,#7529,#7535,#7536));
#7528 = ORIENTED_EDGE('',*,*,#7361,.F.);
#7529 = ORIENTED_EDGE('',*,*,#7530,.F.);
#7530 = EDGE_CURVE('',#7434,#7362,#7531,.T.);
#7531 = LINE('',#7532,#7533);
#7532 = CARTESIAN_POINT('',(103.,-15.,31.2));
#7533 = VECTOR('',#7534,1.);
#7534 = DIRECTION('',(0.,1.,0.));
#7535 = ORIENTED_EDGE('',*,*,#7433,.T.);
#7536 = ORIENTED_EDGE('',*,*,#7530,.T.);
#7537 = CYLINDRICAL_SURFACE('',#7538,3.2);
#7538 = AXIS2_PLACEMENT_3D('',#7539,#7540,#7541);
#7539 = CARTESIAN_POINT('',(103.,-15.,28.));
#7540 = DIRECTION('',(0.,1.,0.));
#7541 = DIRECTION('',(0.,-0.,1.));
#7542 = ( GEOMETRIC_REPRESENTATION_CONTEXT(3) 
GLOBAL_UNCERTAINTY_ASSIGNED_CONTEXT((#7546)) 
GLOBAL_UNIT_ASSIGNED_CONTEXT((#7543,#7544,#7545)) REPRESENTATION_CONTEXT
('Context #1','3D Context with UNIT and UNCERTAINTY') );
#7543 = ( LENGTH_UNIT() NAMED_UNIT(*) SI_UNIT(.MILLI.,.METRE.) );
#7544 = ( NAMED_UNIT(*) PLANE_ANGLE_UNIT() SI_UNIT($,.RADIAN.) );
#7545 = ( NAMED_UNIT(*) SI_UNIT($,.STERADIAN.) SOLID_ANGLE_UNIT() );
#7546 = UNCERTAINTY_MEASURE_WITH_UNIT(LENGTH_MEASURE(1.E-07),#7543,
  'distance_accuracy_value','confusion accuracy');
#7547 = CONTEXT_DEPENDENT_SHAPE_REPRESENTATION(#7548,#7550);
#7548 = ( REPRESENTATION_RELATIONSHIP('','',#7327,#231) 
REPRESENTATION_RELATIONSHIP_WITH_TRANSFORMATION(#7549) 
SHAPE_REPRESENTATION_RELATIONSHIP() );
#7549 = ITEM_DEFINED_TRANSFORMATION('','',#11,#260);
#7550 = PRODUCT_DEFINITION_SHAPE('Placement','Placement of an item',
  #7551);
#7551 = NEXT_ASSEMBLY_USAGE_OCCURRENCE('11','10 | Gleitgriff-Nabe','',
  #226,#7322,$);
#7552 = PRODUCT_RELATED_PRODUCT_CATEGORY('part',$,(#7324));
#7553 = SHAPE_DEFINITION_REPRESENTATION(#7554,#7560);
#7554 = PRODUCT_DEFINITION_SHAPE('','',#7555);
#7555 = PRODUCT_DEFINITION('design','',#7556,#7559);
#7556 = PRODUCT_DEFINITION_FORMATION('','',#7557);
#7557 = PRODUCT('11 | Knebel mit Kugelenden',
  '11 | Knebel mit Kugelenden','',(#7558));
#7558 = PRODUCT_CONTEXT('',#2,'mechanical');
#7559 = PRODUCT_DEFINITION_CONTEXT('part definition',#2,'design');
#7560 = ADVANCED_BREP_SHAPE_REPRESENTATION('',(#11,#7561),#7622);
#7561 = MANIFOLD_SOLID_BREP('',#7562);
#7562 = CLOSED_SHELL('',(#7563,#7596,#7609));
#7563 = ADVANCED_FACE('',(#7564),#7591,.T.);
#7564 = FACE_BOUND('',#7565,.T.);
#7565 = EDGE_LOOP('',(#7566,#7575,#7583,#7590));
#7566 = ORIENTED_EDGE('',*,*,#7567,.T.);
#7567 = EDGE_CURVE('',#7568,#7568,#7570,.T.);
#7568 = VERTEX_POINT('',#7569);
#7569 = CARTESIAN_POINT('',(103.,-41.,31.));
#7570 = CIRCLE('',#7571,3.);
#7571 = AXIS2_PLACEMENT_3D('',#7572,#7573,#7574);
#7572 = CARTESIAN_POINT('',(103.,-41.,28.));
#7573 = DIRECTION('',(0.,1.,0.));
#7574 = DIRECTION('',(0.,-0.,1.));
#7575 = ORIENTED_EDGE('',*,*,#7576,.T.);
#7576 = EDGE_CURVE('',#7568,#7577,#7579,.T.);
#7577 = VERTEX_POINT('',#7578);
#7578 = CARTESIAN_POINT('',(103.,41.,31.));
#7579 = LINE('',#7580,#7581);
#7580 = CARTESIAN_POINT('',(103.,-45.,31.));
#7581 = VECTOR('',#7582,1.);
#7582 = DIRECTION('',(0.,1.,0.));
#7583 = ORIENTED_EDGE('',*,*,#7584,.F.);
#7584 = EDGE_CURVE('',#7577,#7577,#7585,.T.);
#7585 = CIRCLE('',#7586,3.);
#7586 = AXIS2_PLACEMENT_3D('',#7587,#7588,#7589);
#7587 = CARTESIAN_POINT('',(103.,41.,28.));
#7588 = DIRECTION('',(0.,1.,0.));
#7589 = DIRECTION('',(0.,-0.,1.));
#7590 = ORIENTED_EDGE('',*,*,#7576,.F.);
#7591 = CYLINDRICAL_SURFACE('',#7592,3.);
#7592 = AXIS2_PLACEMENT_3D('',#7593,#7594,#7595);
#7593 = CARTESIAN_POINT('',(103.,-45.,28.));
#7594 = DIRECTION('',(0.,1.,0.));
#7595 = DIRECTION('',(0.,-0.,1.));
#7596 = ADVANCED_FACE('',(#7597,#7601),#7604,.T.);
#7597 = FACE_BOUND('',#7598,.T.);
#7598 = VERTEX_LOOP('',#7599);
#7599 = VERTEX_POINT('',#7600);
#7600 = CARTESIAN_POINT('',(103.,-45.,33.));
#7601 = FACE_BOUND('',#7602,.T.);
#7602 = EDGE_LOOP('',(#7603));
#7603 = ORIENTED_EDGE('',*,*,#7567,.F.);
#7604 = SPHERICAL_SURFACE('',#7605,5.);
#7605 = AXIS2_PLACEMENT_3D('',#7606,#7607,#7608);
#7606 = CARTESIAN_POINT('',(103.,-45.,28.));
#7607 = DIRECTION('',(0.,0.,1.));
#7608 = DIRECTION('',(1.,0.,-0.));
#7609 = ADVANCED_FACE('',(#7610,#7614),#7617,.T.);
#7610 = FACE_BOUND('',#7611,.T.);
#7611 = VERTEX_LOOP('',#7612);
#7612 = VERTEX_POINT('',#7613);
#7613 = CARTESIAN_POINT('',(103.,45.,33.));
#7614 = FACE_BOUND('',#7615,.T.);
#7615 = EDGE_LOOP('',(#7616));
#7616 = ORIENTED_EDGE('',*,*,#7584,.T.);
#7617 = SPHERICAL_SURFACE('',#7618,5.);
#7618 = AXIS2_PLACEMENT_3D('',#7619,#7620,#7621);
#7619 = CARTESIAN_POINT('',(103.,45.,28.));
#7620 = DIRECTION('',(0.,0.,1.));
#7621 = DIRECTION('',(1.,0.,-0.));
#7622 = ( GEOMETRIC_REPRESENTATION_CONTEXT(3) 
GLOBAL_UNCERTAINTY_ASSIGNED_CONTEXT((#7626)) 
GLOBAL_UNIT_ASSIGNED_CONTEXT((#7623,#7624,#7625)) REPRESENTATION_CONTEXT
('Context #1','3D Context with UNIT and UNCERTAINTY') );
#7623 = ( LENGTH_UNIT() NAMED_UNIT(*) SI_UNIT(.MILLI.,.METRE.) );
#7624 = ( NAMED_UNIT(*) PLANE_ANGLE_UNIT() SI_UNIT($,.RADIAN.) );
#7625 = ( NAMED_UNIT(*) SI_UNIT($,.STERADIAN.) SOLID_ANGLE_UNIT() );
#7626 = UNCERTAINTY_MEASURE_WITH_UNIT(LENGTH_MEASURE(1.E-07),#7623,
  'distance_accuracy_value','confusion accuracy');
#7627 = CONTEXT_DEPENDENT_SHAPE_REPRESENTATION(#7628,#7630);
#7628 = ( REPRESENTATION_RELATIONSHIP('','',#7560,#231) 
REPRESENTATION_RELATIONSHIP_WITH_TRANSFORMATION(#7629) 
SHAPE_REPRESENTATION_RELATIONSHIP() );
#7629 = ITEM_DEFINED_TRANSFORMATION('','',#11,#264);
#7630 = PRODUCT_DEFINITION_SHAPE('Placement','Placement of an item',
  #7631);
#7631 = NEXT_ASSEMBLY_USAGE_OCCURRENCE('12','11 | Knebel mit Kugelenden'
  ,'',#226,#7555,$);
#7632 = PRODUCT_RELATED_PRODUCT_CATEGORY('part',$,(#7557));
#7633 = SHAPE_DEFINITION_REPRESENTATION(#7634,#7640);
#7634 = PRODUCT_DEFINITION_SHAPE('','',#7635);
#7635 = PRODUCT_DEFINITION('design','',#7636,#7639);
#7636 = PRODUCT_DEFINITION_FORMATION('','',#7637);
#7637 = PRODUCT('01 | Grundplatte mit vier Spannlangloechern',
  '01 | Grundplatte mit vier Spannlangloechern','',(#7638));
#7638 = PRODUCT_CONTEXT('',#2,'mechanical');
#7639 = PRODUCT_DEFINITION_CONTEXT('part definition',#2,'design');
#7640 = ADVANCED_BREP_SHAPE_REPRESENTATION('',(#11,#7641),#9079);
#7641 = MANIFOLD_SOLID_BREP('',#7642);
#7642 = CLOSED_SHELL('',(#7643,#7683,#7716,#7747,#7950,#7975,#8000,#8024
    ,#8227,#8244,#8268,#8293,#8318,#8335,#8367,#8391,#8416,#8433,#8465,
    #8489,#8514,#8531,#8563,#8587,#8612,#8629,#8661,#8685,#8710,#8727,
    #8744,#8761,#8778,#8795,#8807,#8829,#8846,#8863,#8875,#8897,#8914,
    #8931,#8943,#8965,#8982,#8999,#9011,#9033,#9050,#9067));
#7643 = ADVANCED_FACE('',(#7644),#7678,.F.);
#7644 = FACE_BOUND('',#7645,.F.);
#7645 = EDGE_LOOP('',(#7646,#7656,#7664,#7672));
#7646 = ORIENTED_EDGE('',*,*,#7647,.T.);
#7647 = EDGE_CURVE('',#7648,#7650,#7652,.T.);
#7648 = VERTEX_POINT('',#7649);
#7649 = CARTESIAN_POINT('',(-91.,-50.,0.));
#7650 = VERTEX_POINT('',#7651);
#7651 = CARTESIAN_POINT('',(-91.,-50.,11.4));
#7652 = LINE('',#7653,#7654);
#7653 = CARTESIAN_POINT('',(-91.,-50.,0.));
#7654 = VECTOR('',#7655,1.);
#7655 = DIRECTION('',(0.,0.,1.));
#7656 = ORIENTED_EDGE('',*,*,#7657,.T.);
#7657 = EDGE_CURVE('',#7650,#7658,#7660,.T.);
#7658 = VERTEX_POINT('',#7659);
#7659 = CARTESIAN_POINT('',(91.,-50.,11.4));
#7660 = LINE('',#7661,#7662);
#7661 = CARTESIAN_POINT('',(-91.,-50.,11.4));
#7662 = VECTOR('',#7663,1.);
#7663 = DIRECTION('',(1.,0.,0.));
#7664 = ORIENTED_EDGE('',*,*,#7665,.F.);
#7665 = EDGE_CURVE('',#7666,#7658,#7668,.T.);
#7666 = VERTEX_POINT('',#7667);
#7667 = CARTESIAN_POINT('',(91.,-50.,0.));
#7668 = LINE('',#7669,#7670);
#7669 = CARTESIAN_POINT('',(91.,-50.,0.));
#7670 = VECTOR('',#7671,1.);
#7671 = DIRECTION('',(0.,0.,1.));
#7672 = ORIENTED_EDGE('',*,*,#7673,.F.);
#7673 = EDGE_CURVE('',#7648,#7666,#7674,.T.);
#7674 = LINE('',#7675,#7676);
#7675 = CARTESIAN_POINT('',(-95.,-50.,0.));
#7676 = VECTOR('',#7677,1.);
#7677 = DIRECTION('',(1.,0.,0.));
#7678 = PLANE('',#7679);
#7679 = AXIS2_PLACEMENT_3D('',#7680,#7681,#7682);
#7680 = CARTESIAN_POINT('',(-95.,-50.,0.));
#7681 = DIRECTION('',(0.,1.,0.));
#7682 = DIRECTION('',(1.,0.,0.));
#7683 = ADVANCED_FACE('',(#7684),#7711,.T.);
#7684 = FACE_BOUND('',#7685,.F.);
#7685 = EDGE_LOOP('',(#7686,#7687,#7696,#7704));
#7686 = ORIENTED_EDGE('',*,*,#7647,.F.);
#7687 = ORIENTED_EDGE('',*,*,#7688,.T.);
#7688 = EDGE_CURVE('',#7648,#7689,#7691,.T.);
#7689 = VERTEX_POINT('',#7690);
#7690 = CARTESIAN_POINT('',(-95.,-46.,0.));
#7691 = CIRCLE('',#7692,4.);
#7692 = AXIS2_PLACEMENT_3D('',#7693,#7694,#7695);
#7693 = CARTESIAN_POINT('',(-91.,-46.,0.));
#7694 = DIRECTION('',(-0.,-0.,-1.));
#7695 = DIRECTION('',(0.,-1.,0.));
#7696 = ORIENTED_EDGE('',*,*,#7697,.T.);
#7697 = EDGE_CURVE('',#7689,#7698,#7700,.T.);
#7698 = VERTEX_POINT('',#7699);
#7699 = CARTESIAN_POINT('',(-95.,-46.,11.4));
#7700 = LINE('',#7701,#7702);
#7701 = CARTESIAN_POINT('',(-95.,-46.,0.));
#7702 = VECTOR('',#7703,1.);
#7703 = DIRECTION('',(0.,0.,1.));
#7704 = ORIENTED_EDGE('',*,*,#7705,.T.);
#7705 = EDGE_CURVE('',#7698,#7650,#7706,.T.);
#7706 = CIRCLE('',#7707,4.);
#7707 = AXIS2_PLACEMENT_3D('',#7708,#7709,#7710);
#7708 = CARTESIAN_POINT('',(-91.,-46.,11.4));
#7709 = DIRECTION('',(0.,0.,1.));
#7710 = DIRECTION('',(-1.,0.,0.));
#7711 = CYLINDRICAL_SURFACE('',#7712,4.);
#7712 = AXIS2_PLACEMENT_3D('',#7713,#7714,#7715);
#7713 = CARTESIAN_POINT('',(-91.,-46.,0.));
#7714 = DIRECTION('',(0.,0.,1.));
#7715 = DIRECTION('',(0.,-1.,0.));
#7716 = ADVANCED_FACE('',(#7717),#7742,.F.);
#7717 = FACE_BOUND('',#7718,.T.);
#7718 = EDGE_LOOP('',(#7719,#7727,#7728,#7736));
#7719 = ORIENTED_EDGE('',*,*,#7720,.F.);
#7720 = EDGE_CURVE('',#7650,#7721,#7723,.T.);
#7721 = VERTEX_POINT('',#7722);
#7722 = CARTESIAN_POINT('',(-91.,-49.4,12.));
#7723 = LINE('',#7724,#7725);
#7724 = CARTESIAN_POINT('',(-91.,-49.7,11.7));
#7725 = VECTOR('',#7726,1.);
#7726 = DIRECTION('',(0.,0.707106781187,0.707106781187));
#7727 = ORIENTED_EDGE('',*,*,#7657,.T.);
#7728 = ORIENTED_EDGE('',*,*,#7729,.T.);
#7729 = EDGE_CURVE('',#7658,#7730,#7732,.T.);
#7730 = VERTEX_POINT('',#7731);
#7731 = CARTESIAN_POINT('',(91.,-49.4,12.));
#7732 = LINE('',#7733,#7734);
#7733 = CARTESIAN_POINT('',(91.,-49.7,11.7));
#7734 = VECTOR('',#7735,1.);
#7735 = DIRECTION('',(0.,0.707106781187,0.707106781187));
#7736 = ORIENTED_EDGE('',*,*,#7737,.F.);
#7737 = EDGE_CURVE('',#7721,#7730,#7738,.T.);
#7738 = LINE('',#7739,#7740);
#7739 = CARTESIAN_POINT('',(-91.,-49.4,12.));
#7740 = VECTOR('',#7741,1.);
#7741 = DIRECTION('',(1.,0.,0.));
#7742 = PLANE('',#7743);
#7743 = AXIS2_PLACEMENT_3D('',#7744,#7745,#7746);
#7744 = CARTESIAN_POINT('',(-91.,-49.7,11.7));
#7745 = DIRECTION('',(0.,0.707106781187,-0.707106781187));
#7746 = DIRECTION('',(-1.,-0.,-0.));
#7747 = ADVANCED_FACE('',(#7748,#7801,#7837,#7873,#7909),#7945,.F.);
#7748 = FACE_BOUND('',#7749,.F.);
#7749 = EDGE_LOOP('',(#7750,#7751,#7760,#7768,#7777,#7785,#7794,#7800));
#7750 = ORIENTED_EDGE('',*,*,#7673,.T.);
#7751 = ORIENTED_EDGE('',*,*,#7752,.T.);
#7752 = EDGE_CURVE('',#7666,#7753,#7755,.T.);
#7753 = VERTEX_POINT('',#7754);
#7754 = CARTESIAN_POINT('',(95.,-46.,0.));
#7755 = CIRCLE('',#7756,4.);
#7756 = AXIS2_PLACEMENT_3D('',#7757,#7758,#7759);
#7757 = CARTESIAN_POINT('',(91.,-46.,0.));
#7758 = DIRECTION('',(-0.,0.,1.));
#7759 = DIRECTION('',(0.,-1.,0.));
#7760 = ORIENTED_EDGE('',*,*,#7761,.T.);
#7761 = EDGE_CURVE('',#7753,#7762,#7764,.T.);
#7762 = VERTEX_POINT('',#7763);
#7763 = CARTESIAN_POINT('',(95.,46.,0.));
#7764 = LINE('',#7765,#7766);
#7765 = CARTESIAN_POINT('',(95.,-50.,0.));
#7766 = VECTOR('',#7767,1.);
#7767 = DIRECTION('',(0.,1.,0.));
#7768 = ORIENTED_EDGE('',*,*,#7769,.T.);
#7769 = EDGE_CURVE('',#7762,#7770,#7772,.T.);
#7770 = VERTEX_POINT('',#7771);
#7771 = CARTESIAN_POINT('',(91.,50.,0.));
#7772 = CIRCLE('',#7773,4.);
#7773 = AXIS2_PLACEMENT_3D('',#7774,#7775,#7776);
#7774 = CARTESIAN_POINT('',(91.,46.,0.));
#7775 = DIRECTION('',(-0.,0.,1.));
#7776 = DIRECTION('',(0.,-1.,0.));
#7777 = ORIENTED_EDGE('',*,*,#7778,.T.);
#7778 = EDGE_CURVE('',#7770,#7779,#7781,.T.);
#7779 = VERTEX_POINT('',#7780);
#7780 = CARTESIAN_POINT('',(-91.,50.,0.));
#7781 = LINE('',#7782,#7783);
#7782 = CARTESIAN_POINT('',(95.,50.,0.));
#7783 = VECTOR('',#7784,1.);
#7784 = DIRECTION('',(-1.,0.,0.));
#7785 = ORIENTED_EDGE('',*,*,#7786,.T.);
#7786 = EDGE_CURVE('',#7779,#7787,#7789,.T.);
#7787 = VERTEX_POINT('',#7788);
#7788 = CARTESIAN_POINT('',(-95.,46.,0.));
#7789 = CIRCLE('',#7790,4.);
#7790 = AXIS2_PLACEMENT_3D('',#7791,#7792,#7793);
#7791 = CARTESIAN_POINT('',(-91.,46.,0.));
#7792 = DIRECTION('',(-0.,0.,1.));
#7793 = DIRECTION('',(0.,-1.,0.));
#7794 = ORIENTED_EDGE('',*,*,#7795,.T.);
#7795 = EDGE_CURVE('',#7787,#7689,#7796,.T.);
#7796 = LINE('',#7797,#7798);
#7797 = CARTESIAN_POINT('',(-95.,50.,0.));
#7798 = VECTOR('',#7799,1.);
#7799 = DIRECTION('',(0.,-1.,0.));
#7800 = ORIENTED_EDGE('',*,*,#7688,.F.);
#7801 = FACE_BOUND('',#7802,.F.);
#7802 = EDGE_LOOP('',(#7803,#7814,#7822,#7831));
#7803 = ORIENTED_EDGE('',*,*,#7804,.F.);
#7804 = EDGE_CURVE('',#7805,#7807,#7809,.T.);
#7805 = VERTEX_POINT('',#7806);
#7806 = CARTESIAN_POINT('',(-82.,-39.5,0.));
#7807 = VERTEX_POINT('',#7808);
#7808 = CARTESIAN_POINT('',(-82.,-46.5,0.));
#7809 = CIRCLE('',#7810,3.5);
#7810 = AXIS2_PLACEMENT_3D('',#7811,#7812,#7813);
#7811 = CARTESIAN_POINT('',(-82.,-43.,0.));
#7812 = DIRECTION('',(0.,0.,1.));
#7813 = DIRECTION('',(1.,0.,0.));
#7814 = ORIENTED_EDGE('',*,*,#7815,.T.);
#7815 = EDGE_CURVE('',#7805,#7816,#7818,.T.);
#7816 = VERTEX_POINT('',#7817);
#7817 = CARTESIAN_POINT('',(-72.,-39.5,0.));
#7818 = LINE('',#7819,#7820);
#7819 = CARTESIAN_POINT('',(-41.,-39.5,0.));
#7820 = VECTOR('',#7821,1.);
#7821 = DIRECTION('',(1.,0.,0.));
#7822 = ORIENTED_EDGE('',*,*,#7823,.F.);
#7823 = EDGE_CURVE('',#7824,#7816,#7826,.T.);
#7824 = VERTEX_POINT('',#7825);
#7825 = CARTESIAN_POINT('',(-72.,-46.5,0.));
#7826 = CIRCLE('',#7827,3.5);
#7827 = AXIS2_PLACEMENT_3D('',#7828,#7829,#7830);
#7828 = CARTESIAN_POINT('',(-72.,-43.,0.));
#7829 = DIRECTION('',(0.,0.,1.));
#7830 = DIRECTION('',(1.,0.,0.));
#7831 = ORIENTED_EDGE('',*,*,#7832,.T.);
#7832 = EDGE_CURVE('',#7824,#7807,#7833,.T.);
#7833 = LINE('',#7834,#7835);
#7834 = CARTESIAN_POINT('',(-36.,-46.5,0.));
#7835 = VECTOR('',#7836,1.);
#7836 = DIRECTION('',(-1.,0.,0.));
#7837 = FACE_BOUND('',#7838,.F.);
#7838 = EDGE_LOOP('',(#7839,#7850,#7858,#7867));
#7839 = ORIENTED_EDGE('',*,*,#7840,.F.);
#7840 = EDGE_CURVE('',#7841,#7843,#7845,.T.);
#7841 = VERTEX_POINT('',#7842);
#7842 = CARTESIAN_POINT('',(72.,-39.5,0.));
#7843 = VERTEX_POINT('',#7844);
#7844 = CARTESIAN_POINT('',(72.,-46.5,0.));
#7845 = CIRCLE('',#7846,3.5);
#7846 = AXIS2_PLACEMENT_3D('',#7847,#7848,#7849);
#7847 = CARTESIAN_POINT('',(72.,-43.,0.));
#7848 = DIRECTION('',(0.,0.,1.));
#7849 = DIRECTION('',(1.,0.,0.));
#7850 = ORIENTED_EDGE('',*,*,#7851,.T.);
#7851 = EDGE_CURVE('',#7841,#7852,#7854,.T.);
#7852 = VERTEX_POINT('',#7853);
#7853 = CARTESIAN_POINT('',(82.,-39.5,0.));
#7854 = LINE('',#7855,#7856);
#7855 = CARTESIAN_POINT('',(36.,-39.5,0.));
#7856 = VECTOR('',#7857,1.);
#7857 = DIRECTION('',(1.,0.,0.));
#7858 = ORIENTED_EDGE('',*,*,#7859,.F.);
#7859 = EDGE_CURVE('',#7860,#7852,#7862,.T.);
#7860 = VERTEX_POINT('',#7861);
#7861 = CARTESIAN_POINT('',(82.,-46.5,0.));
#7862 = CIRCLE('',#7863,3.5);
#7863 = AXIS2_PLACEMENT_3D('',#7864,#7865,#7866);
#7864 = CARTESIAN_POINT('',(82.,-43.,0.));
#7865 = DIRECTION('',(0.,0.,1.));
#7866 = DIRECTION('',(1.,0.,0.));
#7867 = ORIENTED_EDGE('',*,*,#7868,.T.);
#7868 = EDGE_CURVE('',#7860,#7843,#7869,.T.);
#7869 = LINE('',#7870,#7871);
#7870 = CARTESIAN_POINT('',(41.,-46.5,0.));
#7871 = VECTOR('',#7872,1.);
#7872 = DIRECTION('',(-1.,0.,0.));
#7873 = FACE_BOUND('',#7874,.F.);
#7874 = EDGE_LOOP('',(#7875,#7886,#7894,#7903));
#7875 = ORIENTED_EDGE('',*,*,#7876,.F.);
#7876 = EDGE_CURVE('',#7877,#7879,#7881,.T.);
#7877 = VERTEX_POINT('',#7878);
#7878 = CARTESIAN_POINT('',(-82.,46.5,0.));
#7879 = VERTEX_POINT('',#7880);
#7880 = CARTESIAN_POINT('',(-82.,39.5,0.));
#7881 = CIRCLE('',#7882,3.5);
#7882 = AXIS2_PLACEMENT_3D('',#7883,#7884,#7885);
#7883 = CARTESIAN_POINT('',(-82.,43.,0.));
#7884 = DIRECTION('',(0.,0.,1.));
#7885 = DIRECTION('',(1.,0.,0.));
#7886 = ORIENTED_EDGE('',*,*,#7887,.T.);
#7887 = EDGE_CURVE('',#7877,#7888,#7890,.T.);
#7888 = VERTEX_POINT('',#7889);
#7889 = CARTESIAN_POINT('',(-72.,46.5,0.));
#7890 = LINE('',#7891,#7892);
#7891 = CARTESIAN_POINT('',(-41.,46.5,0.));
#7892 = VECTOR('',#7893,1.);
#7893 = DIRECTION('',(1.,0.,0.));
#7894 = ORIENTED_EDGE('',*,*,#7895,.F.);
#7895 = EDGE_CURVE('',#7896,#7888,#7898,.T.);
#7896 = VERTEX_POINT('',#7897);
#7897 = CARTESIAN_POINT('',(-72.,39.5,0.));
#7898 = CIRCLE('',#7899,3.5);
#7899 = AXIS2_PLACEMENT_3D('',#7900,#7901,#7902);
#7900 = CARTESIAN_POINT('',(-72.,43.,0.));
#7901 = DIRECTION('',(0.,0.,1.));
#7902 = DIRECTION('',(1.,0.,0.));
#7903 = ORIENTED_EDGE('',*,*,#7904,.T.);
#7904 = EDGE_CURVE('',#7896,#7879,#7905,.T.);
#7905 = LINE('',#7906,#7907);
#7906 = CARTESIAN_POINT('',(-36.,39.5,0.));
#7907 = VECTOR('',#7908,1.);
#7908 = DIRECTION('',(-1.,0.,0.));
#7909 = FACE_BOUND('',#7910,.F.);
#7910 = EDGE_LOOP('',(#7911,#7922,#7930,#7939));
#7911 = ORIENTED_EDGE('',*,*,#7912,.F.);
#7912 = EDGE_CURVE('',#7913,#7915,#7917,.T.);
#7913 = VERTEX_POINT('',#7914);
#7914 = CARTESIAN_POINT('',(72.,46.5,0.));
#7915 = VERTEX_POINT('',#7916);
#7916 = CARTESIAN_POINT('',(72.,39.5,0.));
#7917 = CIRCLE('',#7918,3.5);
#7918 = AXIS2_PLACEMENT_3D('',#7919,#7920,#7921);
#7919 = CARTESIAN_POINT('',(72.,43.,0.));
#7920 = DIRECTION('',(0.,0.,1.));
#7921 = DIRECTION('',(1.,0.,0.));
#7922 = ORIENTED_EDGE('',*,*,#7923,.T.);
#7923 = EDGE_CURVE('',#7913,#7924,#7926,.T.);
#7924 = VERTEX_POINT('',#7925);
#7925 = CARTESIAN_POINT('',(82.,46.5,0.));
#7926 = LINE('',#7927,#7928);
#7927 = CARTESIAN_POINT('',(36.,46.5,0.));
#7928 = VECTOR('',#7929,1.);
#7929 = DIRECTION('',(1.,0.,0.));
#7930 = ORIENTED_EDGE('',*,*,#7931,.F.);
#7931 = EDGE_CURVE('',#7932,#7924,#7934,.T.);
#7932 = VERTEX_POINT('',#7933);
#7933 = CARTESIAN_POINT('',(82.,39.5,0.));
#7934 = CIRCLE('',#7935,3.5);
#7935 = AXIS2_PLACEMENT_3D('',#7936,#7937,#7938);
#7936 = CARTESIAN_POINT('',(82.,43.,0.));
#7937 = DIRECTION('',(0.,0.,1.));
#7938 = DIRECTION('',(1.,0.,0.));
#7939 = ORIENTED_EDGE('',*,*,#7940,.T.);
#7940 = EDGE_CURVE('',#7932,#7915,#7941,.T.);
#7941 = LINE('',#7942,#7943);
#7942 = CARTESIAN_POINT('',(41.,39.5,0.));
#7943 = VECTOR('',#7944,1.);
#7944 = DIRECTION('',(-1.,0.,0.));
#7945 = PLANE('',#7946);
#7946 = AXIS2_PLACEMENT_3D('',#7947,#7948,#7949);
#7947 = CARTESIAN_POINT('',(0.,0.,0.));
#7948 = DIRECTION('',(0.,0.,1.));
#7949 = DIRECTION('',(1.,0.,0.));
#7950 = ADVANCED_FACE('',(#7951),#7970,.T.);
#7951 = FACE_BOUND('',#7952,.T.);
#7952 = EDGE_LOOP('',(#7953,#7954,#7955,#7963));
#7953 = ORIENTED_EDGE('',*,*,#7665,.F.);
#7954 = ORIENTED_EDGE('',*,*,#7752,.T.);
#7955 = ORIENTED_EDGE('',*,*,#7956,.T.);
#7956 = EDGE_CURVE('',#7753,#7957,#7959,.T.);
#7957 = VERTEX_POINT('',#7958);
#7958 = CARTESIAN_POINT('',(95.,-46.,11.4));
#7959 = LINE('',#7960,#7961);
#7960 = CARTESIAN_POINT('',(95.,-46.,0.));
#7961 = VECTOR('',#7962,1.);
#7962 = DIRECTION('',(0.,0.,1.));
#7963 = ORIENTED_EDGE('',*,*,#7964,.F.);
#7964 = EDGE_CURVE('',#7658,#7957,#7965,.T.);
#7965 = CIRCLE('',#7966,4.);
#7966 = AXIS2_PLACEMENT_3D('',#7967,#7968,#7969);
#7967 = CARTESIAN_POINT('',(91.,-46.,11.4));
#7968 = DIRECTION('',(-0.,0.,1.));
#7969 = DIRECTION('',(0.,-1.,0.));
#7970 = CYLINDRICAL_SURFACE('',#7971,4.);
#7971 = AXIS2_PLACEMENT_3D('',#7972,#7973,#7974);
#7972 = CARTESIAN_POINT('',(91.,-46.,0.));
#7973 = DIRECTION('',(0.,0.,1.));
#7974 = DIRECTION('',(0.,-1.,0.));
#7975 = ADVANCED_FACE('',(#7976),#7995,.T.);
#7976 = FACE_BOUND('',#7977,.T.);
#7977 = EDGE_LOOP('',(#7978,#7986,#7987,#7988));
#7978 = ORIENTED_EDGE('',*,*,#7979,.F.);
#7979 = EDGE_CURVE('',#7698,#7980,#7982,.T.);
#7980 = VERTEX_POINT('',#7981);
#7981 = CARTESIAN_POINT('',(-94.4,-46.,12.));
#7982 = LINE('',#7983,#7984);
#7983 = CARTESIAN_POINT('',(-94.7,-46.,11.7));
#7984 = VECTOR('',#7985,1.);
#7985 = DIRECTION('',(0.707106781187,0.,0.707106781187));
#7986 = ORIENTED_EDGE('',*,*,#7705,.T.);
#7987 = ORIENTED_EDGE('',*,*,#7720,.T.);
#7988 = ORIENTED_EDGE('',*,*,#7989,.F.);
#7989 = EDGE_CURVE('',#7980,#7721,#7990,.T.);
#7990 = CIRCLE('',#7991,3.4);
#7991 = AXIS2_PLACEMENT_3D('',#7992,#7993,#7994);
#7992 = CARTESIAN_POINT('',(-91.,-46.,12.));
#7993 = DIRECTION('',(0.,0.,1.));
#7994 = DIRECTION('',(-1.,0.,0.));
#7995 = CONICAL_SURFACE('',#7996,4.,0.785398163397);
#7996 = AXIS2_PLACEMENT_3D('',#7997,#7998,#7999);
#7997 = CARTESIAN_POINT('',(-91.,-46.,11.4));
#7998 = DIRECTION('',(-0.,-0.,-1.));
#7999 = DIRECTION('',(-1.,0.,0.));
#8000 = ADVANCED_FACE('',(#8001),#8019,.F.);
#8001 = FACE_BOUND('',#8002,.F.);
#8002 = EDGE_LOOP('',(#8003,#8011,#8017,#8018));
#8003 = ORIENTED_EDGE('',*,*,#8004,.T.);
#8004 = EDGE_CURVE('',#7787,#8005,#8007,.T.);
#8005 = VERTEX_POINT('',#8006);
#8006 = CARTESIAN_POINT('',(-95.,46.,11.4));
#8007 = LINE('',#8008,#8009);
#8008 = CARTESIAN_POINT('',(-95.,46.,0.));
#8009 = VECTOR('',#8010,1.);
#8010 = DIRECTION('',(0.,0.,1.));
#8011 = ORIENTED_EDGE('',*,*,#8012,.T.);
#8012 = EDGE_CURVE('',#8005,#7698,#8013,.T.);
#8013 = LINE('',#8014,#8015);
#8014 = CARTESIAN_POINT('',(-95.,46.,11.4));
#8015 = VECTOR('',#8016,1.);
#8016 = DIRECTION('',(0.,-1.,0.));
#8017 = ORIENTED_EDGE('',*,*,#7697,.F.);
#8018 = ORIENTED_EDGE('',*,*,#7795,.F.);
#8019 = PLANE('',#8020);
#8020 = AXIS2_PLACEMENT_3D('',#8021,#8022,#8023);
#8021 = CARTESIAN_POINT('',(-95.,50.,0.));
#8022 = DIRECTION('',(1.,0.,0.));
#8023 = DIRECTION('',(0.,-1.,0.));
#8024 = ADVANCED_FACE('',(#8025,#8078,#8114,#8150,#8186),#8222,.T.);
#8025 = FACE_BOUND('',#8026,.T.);
#8026 = EDGE_LOOP('',(#8027,#8028,#8037,#8045,#8054,#8062,#8071,#8077));
#8027 = ORIENTED_EDGE('',*,*,#7737,.T.);
#8028 = ORIENTED_EDGE('',*,*,#8029,.T.);
#8029 = EDGE_CURVE('',#7730,#8030,#8032,.T.);
#8030 = VERTEX_POINT('',#8031);
#8031 = CARTESIAN_POINT('',(94.4,-46.,12.));
#8032 = CIRCLE('',#8033,3.4);
#8033 = AXIS2_PLACEMENT_3D('',#8034,#8035,#8036);
#8034 = CARTESIAN_POINT('',(91.,-46.,12.));
#8035 = DIRECTION('',(-0.,0.,1.));
#8036 = DIRECTION('',(0.,-1.,0.));
#8037 = ORIENTED_EDGE('',*,*,#8038,.T.);
#8038 = EDGE_CURVE('',#8030,#8039,#8041,.T.);
#8039 = VERTEX_POINT('',#8040);
#8040 = CARTESIAN_POINT('',(94.4,46.,12.));
#8041 = LINE('',#8042,#8043);
#8042 = CARTESIAN_POINT('',(94.4,-46.,12.));
#8043 = VECTOR('',#8044,1.);
#8044 = DIRECTION('',(0.,1.,0.));
#8045 = ORIENTED_EDGE('',*,*,#8046,.T.);
#8046 = EDGE_CURVE('',#8039,#8047,#8049,.T.);
#8047 = VERTEX_POINT('',#8048);
#8048 = CARTESIAN_POINT('',(91.,49.4,12.));
#8049 = CIRCLE('',#8050,3.4);
#8050 = AXIS2_PLACEMENT_3D('',#8051,#8052,#8053);
#8051 = CARTESIAN_POINT('',(91.,46.,12.));
#8052 = DIRECTION('',(0.,0.,1.));
#8053 = DIRECTION('',(1.,0.,0.));
#8054 = ORIENTED_EDGE('',*,*,#8055,.T.);
#8055 = EDGE_CURVE('',#8047,#8056,#8058,.T.);
#8056 = VERTEX_POINT('',#8057);
#8057 = CARTESIAN_POINT('',(-91.,49.4,12.));
#8058 = LINE('',#8059,#8060);
#8059 = CARTESIAN_POINT('',(91.,49.4,12.));
#8060 = VECTOR('',#8061,1.);
#8061 = DIRECTION('',(-1.,0.,0.));
#8062 = ORIENTED_EDGE('',*,*,#8063,.T.);
#8063 = EDGE_CURVE('',#8056,#8064,#8066,.T.);
#8064 = VERTEX_POINT('',#8065);
#8065 = CARTESIAN_POINT('',(-94.4,46.,12.));
#8066 = CIRCLE('',#8067,3.4);
#8067 = AXIS2_PLACEMENT_3D('',#8068,#8069,#8070);
#8068 = CARTESIAN_POINT('',(-91.,46.,12.));
#8069 = DIRECTION('',(0.,-0.,1.));
#8070 = DIRECTION('',(0.,1.,0.));
#8071 = ORIENTED_EDGE('',*,*,#8072,.T.);
#8072 = EDGE_CURVE('',#8064,#7980,#8073,.T.);
#8073 = LINE('',#8074,#8075);
#8074 = CARTESIAN_POINT('',(-94.4,46.,12.));
#8075 = VECTOR('',#8076,1.);
#8076 = DIRECTION('',(0.,-1.,0.));
#8077 = ORIENTED_EDGE('',*,*,#7989,.T.);
#8078 = FACE_BOUND('',#8079,.T.);
#8079 = EDGE_LOOP('',(#8080,#8091,#8099,#8108));
#8080 = ORIENTED_EDGE('',*,*,#8081,.F.);
#8081 = EDGE_CURVE('',#8082,#8084,#8086,.T.);
#8082 = VERTEX_POINT('',#8083);
#8083 = CARTESIAN_POINT('',(-82.,-38.9,12.));
#8084 = VERTEX_POINT('',#8085);
#8085 = CARTESIAN_POINT('',(-82.,-47.1,12.));
#8086 = CIRCLE('',#8087,4.1);
#8087 = AXIS2_PLACEMENT_3D('',#8088,#8089,#8090);
#8088 = CARTESIAN_POINT('',(-82.,-43.,12.));
#8089 = DIRECTION('',(0.,-0.,1.));
#8090 = DIRECTION('',(0.,1.,0.));
#8091 = ORIENTED_EDGE('',*,*,#8092,.F.);
#8092 = EDGE_CURVE('',#8093,#8082,#8095,.T.);
#8093 = VERTEX_POINT('',#8094);
#8094 = CARTESIAN_POINT('',(-72.,-38.9,12.));
#8095 = LINE('',#8096,#8097);
#8096 = CARTESIAN_POINT('',(-72.,-38.9,12.));
#8097 = VECTOR('',#8098,1.);
#8098 = DIRECTION('',(-1.,-0.,-0.));
#8099 = ORIENTED_EDGE('',*,*,#8100,.F.);
#8100 = EDGE_CURVE('',#8101,#8093,#8103,.T.);
#8101 = VERTEX_POINT('',#8102);
#8102 = CARTESIAN_POINT('',(-72.,-47.1,12.));
#8103 = CIRCLE('',#8104,4.1);
#8104 = AXIS2_PLACEMENT_3D('',#8105,#8106,#8107);
#8105 = CARTESIAN_POINT('',(-72.,-43.,12.));
#8106 = DIRECTION('',(-0.,0.,1.));
#8107 = DIRECTION('',(0.,-1.,0.));
#8108 = ORIENTED_EDGE('',*,*,#8109,.F.);
#8109 = EDGE_CURVE('',#8084,#8101,#8110,.T.);
#8110 = LINE('',#8111,#8112);
#8111 = CARTESIAN_POINT('',(-82.,-47.1,12.));
#8112 = VECTOR('',#8113,1.);
#8113 = DIRECTION('',(1.,0.,0.));
#8114 = FACE_BOUND('',#8115,.T.);
#8115 = EDGE_LOOP('',(#8116,#8127,#8135,#8144));
#8116 = ORIENTED_EDGE('',*,*,#8117,.F.);
#8117 = EDGE_CURVE('',#8118,#8120,#8122,.T.);
#8118 = VERTEX_POINT('',#8119);
#8119 = CARTESIAN_POINT('',(72.,-38.9,12.));
#8120 = VERTEX_POINT('',#8121);
#8121 = CARTESIAN_POINT('',(72.,-47.1,12.));
#8122 = CIRCLE('',#8123,4.1);
#8123 = AXIS2_PLACEMENT_3D('',#8124,#8125,#8126);
#8124 = CARTESIAN_POINT('',(72.,-43.,12.));
#8125 = DIRECTION('',(0.,-0.,1.));
#8126 = DIRECTION('',(0.,1.,0.));
#8127 = ORIENTED_EDGE('',*,*,#8128,.F.);
#8128 = EDGE_CURVE('',#8129,#8118,#8131,.T.);
#8129 = VERTEX_POINT('',#8130);
#8130 = CARTESIAN_POINT('',(82.,-38.9,12.));
#8131 = LINE('',#8132,#8133);
#8132 = CARTESIAN_POINT('',(82.,-38.9,12.));
#8133 = VECTOR('',#8134,1.);
#8134 = DIRECTION('',(-1.,-0.,-0.));
#8135 = ORIENTED_EDGE('',*,*,#8136,.F.);
#8136 = EDGE_CURVE('',#8137,#8129,#8139,.T.);
#8137 = VERTEX_POINT('',#8138);
#8138 = CARTESIAN_POINT('',(82.,-47.1,12.));
#8139 = CIRCLE('',#8140,4.1);
#8140 = AXIS2_PLACEMENT_3D('',#8141,#8142,#8143);
#8141 = CARTESIAN_POINT('',(82.,-43.,12.));
#8142 = DIRECTION('',(-0.,0.,1.));
#8143 = DIRECTION('',(0.,-1.,0.));
#8144 = ORIENTED_EDGE('',*,*,#8145,.F.);
#8145 = EDGE_CURVE('',#8120,#8137,#8146,.T.);
#8146 = LINE('',#8147,#8148);
#8147 = CARTESIAN_POINT('',(72.,-47.1,12.));
#8148 = VECTOR('',#8149,1.);
#8149 = DIRECTION('',(1.,0.,0.));
#8150 = FACE_BOUND('',#8151,.T.);
#8151 = EDGE_LOOP('',(#8152,#8163,#8171,#8180));
#8152 = ORIENTED_EDGE('',*,*,#8153,.F.);
#8153 = EDGE_CURVE('',#8154,#8156,#8158,.T.);
#8154 = VERTEX_POINT('',#8155);
#8155 = CARTESIAN_POINT('',(-82.,47.1,12.));
#8156 = VERTEX_POINT('',#8157);
#8157 = CARTESIAN_POINT('',(-82.,38.9,12.));
#8158 = CIRCLE('',#8159,4.1);
#8159 = AXIS2_PLACEMENT_3D('',#8160,#8161,#8162);
#8160 = CARTESIAN_POINT('',(-82.,43.,12.));
#8161 = DIRECTION('',(0.,-0.,1.));
#8162 = DIRECTION('',(0.,1.,0.));
#8163 = ORIENTED_EDGE('',*,*,#8164,.F.);
#8164 = EDGE_CURVE('',#8165,#8154,#8167,.T.);
#8165 = VERTEX_POINT('',#8166);
#8166 = CARTESIAN_POINT('',(-72.,47.1,12.));
#8167 = LINE('',#8168,#8169);
#8168 = CARTESIAN_POINT('',(-72.,47.1,12.));
#8169 = VECTOR('',#8170,1.);
#8170 = DIRECTION('',(-1.,-0.,-0.));
#8171 = ORIENTED_EDGE('',*,*,#8172,.F.);
#8172 = EDGE_CURVE('',#8173,#8165,#8175,.T.);
#8173 = VERTEX_POINT('',#8174);
#8174 = CARTESIAN_POINT('',(-72.,38.9,12.));
#8175 = CIRCLE('',#8176,4.1);
#8176 = AXIS2_PLACEMENT_3D('',#8177,#8178,#8179);
#8177 = CARTESIAN_POINT('',(-72.,43.,12.));
#8178 = DIRECTION('',(-0.,0.,1.));
#8179 = DIRECTION('',(0.,-1.,0.));
#8180 = ORIENTED_EDGE('',*,*,#8181,.F.);
#8181 = EDGE_CURVE('',#8156,#8173,#8182,.T.);
#8182 = LINE('',#8183,#8184);
#8183 = CARTESIAN_POINT('',(-82.,38.9,12.));
#8184 = VECTOR('',#8185,1.);
#8185 = DIRECTION('',(1.,0.,0.));
#8186 = FACE_BOUND('',#8187,.T.);
#8187 = EDGE_LOOP('',(#8188,#8199,#8207,#8216));
#8188 = ORIENTED_EDGE('',*,*,#8189,.F.);
#8189 = EDGE_CURVE('',#8190,#8192,#8194,.T.);
#8190 = VERTEX_POINT('',#8191);
#8191 = CARTESIAN_POINT('',(72.,47.1,12.));
#8192 = VERTEX_POINT('',#8193);
#8193 = CARTESIAN_POINT('',(72.,38.9,12.));
#8194 = CIRCLE('',#8195,4.1);
#8195 = AXIS2_PLACEMENT_3D('',#8196,#8197,#8198);
#8196 = CARTESIAN_POINT('',(72.,43.,12.));
#8197 = DIRECTION('',(0.,-0.,1.));
#8198 = DIRECTION('',(0.,1.,0.));
#8199 = ORIENTED_EDGE('',*,*,#8200,.F.);
#8200 = EDGE_CURVE('',#8201,#8190,#8203,.T.);
#8201 = VERTEX_POINT('',#8202);
#8202 = CARTESIAN_POINT('',(82.,47.1,12.));
#8203 = LINE('',#8204,#8205);
#8204 = CARTESIAN_POINT('',(82.,47.1,12.));
#8205 = VECTOR('',#8206,1.);
#8206 = DIRECTION('',(-1.,-0.,-0.));
#8207 = ORIENTED_EDGE('',*,*,#8208,.F.);
#8208 = EDGE_CURVE('',#8209,#8201,#8211,.T.);
#8209 = VERTEX_POINT('',#8210);
#8210 = CARTESIAN_POINT('',(82.,38.9,12.));
#8211 = CIRCLE('',#8212,4.1);
#8212 = AXIS2_PLACEMENT_3D('',#8213,#8214,#8215);
#8213 = CARTESIAN_POINT('',(82.,43.,12.));
#8214 = DIRECTION('',(-0.,0.,1.));
#8215 = DIRECTION('',(0.,-1.,0.));
#8216 = ORIENTED_EDGE('',*,*,#8217,.F.);
#8217 = EDGE_CURVE('',#8192,#8209,#8218,.T.);
#8218 = LINE('',#8219,#8220);
#8219 = CARTESIAN_POINT('',(72.,38.9,12.));
#8220 = VECTOR('',#8221,1.);
#8221 = DIRECTION('',(1.,0.,0.));
#8222 = PLANE('',#8223);
#8223 = AXIS2_PLACEMENT_3D('',#8224,#8225,#8226);
#8224 = CARTESIAN_POINT('',(0.,0.,12.));
#8225 = DIRECTION('',(0.,0.,1.));
#8226 = DIRECTION('',(1.,0.,0.));
#8227 = ADVANCED_FACE('',(#8228),#8239,.T.);
#8228 = FACE_BOUND('',#8229,.T.);
#8229 = EDGE_LOOP('',(#8230,#8231,#8232,#8238));
#8230 = ORIENTED_EDGE('',*,*,#7729,.F.);
#8231 = ORIENTED_EDGE('',*,*,#7964,.T.);
#8232 = ORIENTED_EDGE('',*,*,#8233,.T.);
#8233 = EDGE_CURVE('',#7957,#8030,#8234,.T.);
#8234 = LINE('',#8235,#8236);
#8235 = CARTESIAN_POINT('',(95.,-46.,11.4));
#8236 = VECTOR('',#8237,1.);
#8237 = DIRECTION('',(-0.707106781187,4.329780281177E-17,0.707106781187)
  );
#8238 = ORIENTED_EDGE('',*,*,#8029,.F.);
#8239 = CONICAL_SURFACE('',#8240,4.,0.785398163397);
#8240 = AXIS2_PLACEMENT_3D('',#8241,#8242,#8243);
#8241 = CARTESIAN_POINT('',(91.,-46.,11.4));
#8242 = DIRECTION('',(-0.,-0.,-1.));
#8243 = DIRECTION('',(0.,-1.,0.));
#8244 = ADVANCED_FACE('',(#8245),#8263,.F.);
#8245 = FACE_BOUND('',#8246,.F.);
#8246 = EDGE_LOOP('',(#8247,#8248,#8256,#8262));
#8247 = ORIENTED_EDGE('',*,*,#7956,.T.);
#8248 = ORIENTED_EDGE('',*,*,#8249,.T.);
#8249 = EDGE_CURVE('',#7957,#8250,#8252,.T.);
#8250 = VERTEX_POINT('',#8251);
#8251 = CARTESIAN_POINT('',(95.,46.,11.4));
#8252 = LINE('',#8253,#8254);
#8253 = CARTESIAN_POINT('',(95.,-46.,11.4));
#8254 = VECTOR('',#8255,1.);
#8255 = DIRECTION('',(0.,1.,0.));
#8256 = ORIENTED_EDGE('',*,*,#8257,.F.);
#8257 = EDGE_CURVE('',#7762,#8250,#8258,.T.);
#8258 = LINE('',#8259,#8260);
#8259 = CARTESIAN_POINT('',(95.,46.,0.));
#8260 = VECTOR('',#8261,1.);
#8261 = DIRECTION('',(0.,0.,1.));
#8262 = ORIENTED_EDGE('',*,*,#7761,.F.);
#8263 = PLANE('',#8264);
#8264 = AXIS2_PLACEMENT_3D('',#8265,#8266,#8267);
#8265 = CARTESIAN_POINT('',(95.,-50.,0.));
#8266 = DIRECTION('',(-1.,0.,0.));
#8267 = DIRECTION('',(0.,1.,0.));
#8268 = ADVANCED_FACE('',(#8269),#8288,.T.);
#8269 = FACE_BOUND('',#8270,.T.);
#8270 = EDGE_LOOP('',(#8271,#8279,#8280,#8281));
#8271 = ORIENTED_EDGE('',*,*,#8272,.F.);
#8272 = EDGE_CURVE('',#7779,#8273,#8275,.T.);
#8273 = VERTEX_POINT('',#8274);
#8274 = CARTESIAN_POINT('',(-91.,50.,11.4));
#8275 = LINE('',#8276,#8277);
#8276 = CARTESIAN_POINT('',(-91.,50.,0.));
#8277 = VECTOR('',#8278,1.);
#8278 = DIRECTION('',(0.,0.,1.));
#8279 = ORIENTED_EDGE('',*,*,#7786,.T.);
#8280 = ORIENTED_EDGE('',*,*,#8004,.T.);
#8281 = ORIENTED_EDGE('',*,*,#8282,.F.);
#8282 = EDGE_CURVE('',#8273,#8005,#8283,.T.);
#8283 = CIRCLE('',#8284,4.);
#8284 = AXIS2_PLACEMENT_3D('',#8285,#8286,#8287);
#8285 = CARTESIAN_POINT('',(-91.,46.,11.4));
#8286 = DIRECTION('',(0.,-0.,1.));
#8287 = DIRECTION('',(0.,1.,0.));
#8288 = CYLINDRICAL_SURFACE('',#8289,4.);
#8289 = AXIS2_PLACEMENT_3D('',#8290,#8291,#8292);
#8290 = CARTESIAN_POINT('',(-91.,46.,0.));
#8291 = DIRECTION('',(0.,0.,1.));
#8292 = DIRECTION('',(0.,1.,0.));
#8293 = ADVANCED_FACE('',(#8294),#8313,.T.);
#8294 = FACE_BOUND('',#8295,.T.);
#8295 = EDGE_LOOP('',(#8296,#8297,#8298,#8306));
#8296 = ORIENTED_EDGE('',*,*,#8257,.F.);
#8297 = ORIENTED_EDGE('',*,*,#7769,.T.);
#8298 = ORIENTED_EDGE('',*,*,#8299,.T.);
#8299 = EDGE_CURVE('',#7770,#8300,#8302,.T.);
#8300 = VERTEX_POINT('',#8301);
#8301 = CARTESIAN_POINT('',(91.,50.,11.4));
#8302 = LINE('',#8303,#8304);
#8303 = CARTESIAN_POINT('',(91.,50.,0.));
#8304 = VECTOR('',#8305,1.);
#8305 = DIRECTION('',(0.,0.,1.));
#8306 = ORIENTED_EDGE('',*,*,#8307,.F.);
#8307 = EDGE_CURVE('',#8250,#8300,#8308,.T.);
#8308 = CIRCLE('',#8309,4.);
#8309 = AXIS2_PLACEMENT_3D('',#8310,#8311,#8312);
#8310 = CARTESIAN_POINT('',(91.,46.,11.4));
#8311 = DIRECTION('',(0.,0.,1.));
#8312 = DIRECTION('',(1.,0.,0.));
#8313 = CYLINDRICAL_SURFACE('',#8314,4.);
#8314 = AXIS2_PLACEMENT_3D('',#8315,#8316,#8317);
#8315 = CARTESIAN_POINT('',(91.,46.,0.));
#8316 = DIRECTION('',(0.,0.,1.));
#8317 = DIRECTION('',(1.,0.,0.));
#8318 = ADVANCED_FACE('',(#8319),#8330,.F.);
#8319 = FACE_BOUND('',#8320,.F.);
#8320 = EDGE_LOOP('',(#8321,#8322,#8328,#8329));
#8321 = ORIENTED_EDGE('',*,*,#8299,.T.);
#8322 = ORIENTED_EDGE('',*,*,#8323,.T.);
#8323 = EDGE_CURVE('',#8300,#8273,#8324,.T.);
#8324 = LINE('',#8325,#8326);
#8325 = CARTESIAN_POINT('',(91.,50.,11.4));
#8326 = VECTOR('',#8327,1.);
#8327 = DIRECTION('',(-1.,0.,0.));
#8328 = ORIENTED_EDGE('',*,*,#8272,.F.);
#8329 = ORIENTED_EDGE('',*,*,#7778,.F.);
#8330 = PLANE('',#8331);
#8331 = AXIS2_PLACEMENT_3D('',#8332,#8333,#8334);
#8332 = CARTESIAN_POINT('',(95.,50.,0.));
#8333 = DIRECTION('',(0.,-1.,0.));
#8334 = DIRECTION('',(-1.,0.,0.));
#8335 = ADVANCED_FACE('',(#8336),#8362,.F.);
#8336 = FACE_BOUND('',#8337,.F.);
#8337 = EDGE_LOOP('',(#8338,#8346,#8355,#8361));
#8338 = ORIENTED_EDGE('',*,*,#8339,.F.);
#8339 = EDGE_CURVE('',#8340,#7807,#8342,.T.);
#8340 = VERTEX_POINT('',#8341);
#8341 = CARTESIAN_POINT('',(-82.,-46.5,11.4));
#8342 = LINE('',#8343,#8344);
#8343 = CARTESIAN_POINT('',(-82.,-46.5,12.));
#8344 = VECTOR('',#8345,1.);
#8345 = DIRECTION('',(-0.,-0.,-1.));
#8346 = ORIENTED_EDGE('',*,*,#8347,.F.);
#8347 = EDGE_CURVE('',#8348,#8340,#8350,.T.);
#8348 = VERTEX_POINT('',#8349);
#8349 = CARTESIAN_POINT('',(-82.,-39.5,11.4));
#8350 = CIRCLE('',#8351,3.5);
#8351 = AXIS2_PLACEMENT_3D('',#8352,#8353,#8354);
#8352 = CARTESIAN_POINT('',(-82.,-43.,11.4));
#8353 = DIRECTION('',(0.,-0.,1.));
#8354 = DIRECTION('',(0.,1.,0.));
#8355 = ORIENTED_EDGE('',*,*,#8356,.T.);
#8356 = EDGE_CURVE('',#8348,#7805,#8357,.T.);
#8357 = LINE('',#8358,#8359);
#8358 = CARTESIAN_POINT('',(-82.,-39.5,12.));
#8359 = VECTOR('',#8360,1.);
#8360 = DIRECTION('',(-0.,-0.,-1.));
#8361 = ORIENTED_EDGE('',*,*,#7804,.T.);
#8362 = CYLINDRICAL_SURFACE('',#8363,3.5);
#8363 = AXIS2_PLACEMENT_3D('',#8364,#8365,#8366);
#8364 = CARTESIAN_POINT('',(-82.,-43.,12.));
#8365 = DIRECTION('',(0.,0.,1.));
#8366 = DIRECTION('',(1.,0.,0.));
#8367 = ADVANCED_FACE('',(#8368),#8386,.T.);
#8368 = FACE_BOUND('',#8369,.T.);
#8369 = EDGE_LOOP('',(#8370,#8371,#8379,#8385));
#8370 = ORIENTED_EDGE('',*,*,#8339,.F.);
#8371 = ORIENTED_EDGE('',*,*,#8372,.T.);
#8372 = EDGE_CURVE('',#8340,#8373,#8375,.T.);
#8373 = VERTEX_POINT('',#8374);
#8374 = CARTESIAN_POINT('',(-72.,-46.5,11.4));
#8375 = LINE('',#8376,#8377);
#8376 = CARTESIAN_POINT('',(-82.,-46.5,11.4));
#8377 = VECTOR('',#8378,1.);
#8378 = DIRECTION('',(1.,0.,0.));
#8379 = ORIENTED_EDGE('',*,*,#8380,.T.);
#8380 = EDGE_CURVE('',#8373,#7824,#8381,.T.);
#8381 = LINE('',#8382,#8383);
#8382 = CARTESIAN_POINT('',(-72.,-46.5,12.));
#8383 = VECTOR('',#8384,1.);
#8384 = DIRECTION('',(-0.,-0.,-1.));
#8385 = ORIENTED_EDGE('',*,*,#7832,.T.);
#8386 = PLANE('',#8387);
#8387 = AXIS2_PLACEMENT_3D('',#8388,#8389,#8390);
#8388 = CARTESIAN_POINT('',(-72.,-46.5,12.));
#8389 = DIRECTION('',(0.,1.,0.));
#8390 = DIRECTION('',(-1.,0.,0.));
#8391 = ADVANCED_FACE('',(#8392),#8411,.F.);
#8392 = FACE_BOUND('',#8393,.F.);
#8393 = EDGE_LOOP('',(#8394,#8402,#8409,#8410));
#8394 = ORIENTED_EDGE('',*,*,#8395,.F.);
#8395 = EDGE_CURVE('',#8396,#7816,#8398,.T.);
#8396 = VERTEX_POINT('',#8397);
#8397 = CARTESIAN_POINT('',(-72.,-39.5,11.4));
#8398 = LINE('',#8399,#8400);
#8399 = CARTESIAN_POINT('',(-72.,-39.5,12.));
#8400 = VECTOR('',#8401,1.);
#8401 = DIRECTION('',(-0.,-0.,-1.));
#8402 = ORIENTED_EDGE('',*,*,#8403,.F.);
#8403 = EDGE_CURVE('',#8373,#8396,#8404,.T.);
#8404 = CIRCLE('',#8405,3.5);
#8405 = AXIS2_PLACEMENT_3D('',#8406,#8407,#8408);
#8406 = CARTESIAN_POINT('',(-72.,-43.,11.4));
#8407 = DIRECTION('',(-0.,0.,1.));
#8408 = DIRECTION('',(0.,-1.,0.));
#8409 = ORIENTED_EDGE('',*,*,#8380,.T.);
#8410 = ORIENTED_EDGE('',*,*,#7823,.T.);
#8411 = CYLINDRICAL_SURFACE('',#8412,3.5);
#8412 = AXIS2_PLACEMENT_3D('',#8413,#8414,#8415);
#8413 = CARTESIAN_POINT('',(-72.,-43.,12.));
#8414 = DIRECTION('',(0.,0.,1.));
#8415 = DIRECTION('',(1.,0.,0.));
#8416 = ADVANCED_FACE('',(#8417),#8428,.T.);
#8417 = FACE_BOUND('',#8418,.T.);
#8418 = EDGE_LOOP('',(#8419,#8420,#8426,#8427));
#8419 = ORIENTED_EDGE('',*,*,#8395,.F.);
#8420 = ORIENTED_EDGE('',*,*,#8421,.T.);
#8421 = EDGE_CURVE('',#8396,#8348,#8422,.T.);
#8422 = LINE('',#8423,#8424);
#8423 = CARTESIAN_POINT('',(-72.,-39.5,11.4));
#8424 = VECTOR('',#8425,1.);
#8425 = DIRECTION('',(-1.,-0.,-0.));
#8426 = ORIENTED_EDGE('',*,*,#8356,.T.);
#8427 = ORIENTED_EDGE('',*,*,#7815,.T.);
#8428 = PLANE('',#8429);
#8429 = AXIS2_PLACEMENT_3D('',#8430,#8431,#8432);
#8430 = CARTESIAN_POINT('',(-82.,-39.5,12.));
#8431 = DIRECTION('',(0.,-1.,0.));
#8432 = DIRECTION('',(1.,0.,0.));
#8433 = ADVANCED_FACE('',(#8434),#8460,.F.);
#8434 = FACE_BOUND('',#8435,.F.);
#8435 = EDGE_LOOP('',(#8436,#8444,#8453,#8459));
#8436 = ORIENTED_EDGE('',*,*,#8437,.F.);
#8437 = EDGE_CURVE('',#8438,#7843,#8440,.T.);
#8438 = VERTEX_POINT('',#8439);
#8439 = CARTESIAN_POINT('',(72.,-46.5,11.4));
#8440 = LINE('',#8441,#8442);
#8441 = CARTESIAN_POINT('',(72.,-46.5,12.));
#8442 = VECTOR('',#8443,1.);
#8443 = DIRECTION('',(-0.,-0.,-1.));
#8444 = ORIENTED_EDGE('',*,*,#8445,.F.);
#8445 = EDGE_CURVE('',#8446,#8438,#8448,.T.);
#8446 = VERTEX_POINT('',#8447);
#8447 = CARTESIAN_POINT('',(72.,-39.5,11.4));
#8448 = CIRCLE('',#8449,3.5);
#8449 = AXIS2_PLACEMENT_3D('',#8450,#8451,#8452);
#8450 = CARTESIAN_POINT('',(72.,-43.,11.4));
#8451 = DIRECTION('',(0.,-0.,1.));
#8452 = DIRECTION('',(0.,1.,0.));
#8453 = ORIENTED_EDGE('',*,*,#8454,.T.);
#8454 = EDGE_CURVE('',#8446,#7841,#8455,.T.);
#8455 = LINE('',#8456,#8457);
#8456 = CARTESIAN_POINT('',(72.,-39.5,12.));
#8457 = VECTOR('',#8458,1.);
#8458 = DIRECTION('',(-0.,-0.,-1.));
#8459 = ORIENTED_EDGE('',*,*,#7840,.T.);
#8460 = CYLINDRICAL_SURFACE('',#8461,3.5);
#8461 = AXIS2_PLACEMENT_3D('',#8462,#8463,#8464);
#8462 = CARTESIAN_POINT('',(72.,-43.,12.));
#8463 = DIRECTION('',(0.,0.,1.));
#8464 = DIRECTION('',(1.,0.,0.));
#8465 = ADVANCED_FACE('',(#8466),#8484,.T.);
#8466 = FACE_BOUND('',#8467,.T.);
#8467 = EDGE_LOOP('',(#8468,#8469,#8477,#8483));
#8468 = ORIENTED_EDGE('',*,*,#8437,.F.);
#8469 = ORIENTED_EDGE('',*,*,#8470,.T.);
#8470 = EDGE_CURVE('',#8438,#8471,#8473,.T.);
#8471 = VERTEX_POINT('',#8472);
#8472 = CARTESIAN_POINT('',(82.,-46.5,11.4));
#8473 = LINE('',#8474,#8475);
#8474 = CARTESIAN_POINT('',(72.,-46.5,11.4));
#8475 = VECTOR('',#8476,1.);
#8476 = DIRECTION('',(1.,0.,0.));
#8477 = ORIENTED_EDGE('',*,*,#8478,.T.);
#8478 = EDGE_CURVE('',#8471,#7860,#8479,.T.);
#8479 = LINE('',#8480,#8481);
#8480 = CARTESIAN_POINT('',(82.,-46.5,12.));
#8481 = VECTOR('',#8482,1.);
#8482 = DIRECTION('',(-0.,-0.,-1.));
#8483 = ORIENTED_EDGE('',*,*,#7868,.T.);
#8484 = PLANE('',#8485);
#8485 = AXIS2_PLACEMENT_3D('',#8486,#8487,#8488);
#8486 = CARTESIAN_POINT('',(82.,-46.5,12.));
#8487 = DIRECTION('',(0.,1.,0.));
#8488 = DIRECTION('',(-1.,0.,0.));
#8489 = ADVANCED_FACE('',(#8490),#8509,.F.);
#8490 = FACE_BOUND('',#8491,.F.);
#8491 = EDGE_LOOP('',(#8492,#8500,#8507,#8508));
#8492 = ORIENTED_EDGE('',*,*,#8493,.F.);
#8493 = EDGE_CURVE('',#8494,#7852,#8496,.T.);
#8494 = VERTEX_POINT('',#8495);
#8495 = CARTESIAN_POINT('',(82.,-39.5,11.4));
#8496 = LINE('',#8497,#8498);
#8497 = CARTESIAN_POINT('',(82.,-39.5,12.));
#8498 = VECTOR('',#8499,1.);
#8499 = DIRECTION('',(-0.,-0.,-1.));
#8500 = ORIENTED_EDGE('',*,*,#8501,.F.);
#8501 = EDGE_CURVE('',#8471,#8494,#8502,.T.);
#8502 = CIRCLE('',#8503,3.5);
#8503 = AXIS2_PLACEMENT_3D('',#8504,#8505,#8506);
#8504 = CARTESIAN_POINT('',(82.,-43.,11.4));
#8505 = DIRECTION('',(-0.,0.,1.));
#8506 = DIRECTION('',(0.,-1.,0.));
#8507 = ORIENTED_EDGE('',*,*,#8478,.T.);
#8508 = ORIENTED_EDGE('',*,*,#7859,.T.);
#8509 = CYLINDRICAL_SURFACE('',#8510,3.5);
#8510 = AXIS2_PLACEMENT_3D('',#8511,#8512,#8513);
#8511 = CARTESIAN_POINT('',(82.,-43.,12.));
#8512 = DIRECTION('',(0.,0.,1.));
#8513 = DIRECTION('',(1.,0.,0.));
#8514 = ADVANCED_FACE('',(#8515),#8526,.T.);
#8515 = FACE_BOUND('',#8516,.T.);
#8516 = EDGE_LOOP('',(#8517,#8518,#8524,#8525));
#8517 = ORIENTED_EDGE('',*,*,#8493,.F.);
#8518 = ORIENTED_EDGE('',*,*,#8519,.T.);
#8519 = EDGE_CURVE('',#8494,#8446,#8520,.T.);
#8520 = LINE('',#8521,#8522);
#8521 = CARTESIAN_POINT('',(82.,-39.5,11.4));
#8522 = VECTOR('',#8523,1.);
#8523 = DIRECTION('',(-1.,-0.,-0.));
#8524 = ORIENTED_EDGE('',*,*,#8454,.T.);
#8525 = ORIENTED_EDGE('',*,*,#7851,.T.);
#8526 = PLANE('',#8527);
#8527 = AXIS2_PLACEMENT_3D('',#8528,#8529,#8530);
#8528 = CARTESIAN_POINT('',(72.,-39.5,12.));
#8529 = DIRECTION('',(0.,-1.,0.));
#8530 = DIRECTION('',(1.,0.,0.));
#8531 = ADVANCED_FACE('',(#8532),#8558,.F.);
#8532 = FACE_BOUND('',#8533,.F.);
#8533 = EDGE_LOOP('',(#8534,#8542,#8551,#8557));
#8534 = ORIENTED_EDGE('',*,*,#8535,.F.);
#8535 = EDGE_CURVE('',#8536,#7879,#8538,.T.);
#8536 = VERTEX_POINT('',#8537);
#8537 = CARTESIAN_POINT('',(-82.,39.5,11.4));
#8538 = LINE('',#8539,#8540);
#8539 = CARTESIAN_POINT('',(-82.,39.5,12.));
#8540 = VECTOR('',#8541,1.);
#8541 = DIRECTION('',(-0.,-0.,-1.));
#8542 = ORIENTED_EDGE('',*,*,#8543,.F.);
#8543 = EDGE_CURVE('',#8544,#8536,#8546,.T.);
#8544 = VERTEX_POINT('',#8545);
#8545 = CARTESIAN_POINT('',(-82.,46.5,11.4));
#8546 = CIRCLE('',#8547,3.5);
#8547 = AXIS2_PLACEMENT_3D('',#8548,#8549,#8550);
#8548 = CARTESIAN_POINT('',(-82.,43.,11.4));
#8549 = DIRECTION('',(0.,-0.,1.));
#8550 = DIRECTION('',(0.,1.,0.));
#8551 = ORIENTED_EDGE('',*,*,#8552,.T.);
#8552 = EDGE_CURVE('',#8544,#7877,#8553,.T.);
#8553 = LINE('',#8554,#8555);
#8554 = CARTESIAN_POINT('',(-82.,46.5,12.));
#8555 = VECTOR('',#8556,1.);
#8556 = DIRECTION('',(-0.,-0.,-1.));
#8557 = ORIENTED_EDGE('',*,*,#7876,.T.);
#8558 = CYLINDRICAL_SURFACE('',#8559,3.5);
#8559 = AXIS2_PLACEMENT_3D('',#8560,#8561,#8562);
#8560 = CARTESIAN_POINT('',(-82.,43.,12.));
#8561 = DIRECTION('',(0.,0.,1.));
#8562 = DIRECTION('',(1.,0.,0.));
#8563 = ADVANCED_FACE('',(#8564),#8582,.T.);
#8564 = FACE_BOUND('',#8565,.T.);
#8565 = EDGE_LOOP('',(#8566,#8567,#8575,#8581));
#8566 = ORIENTED_EDGE('',*,*,#8535,.F.);
#8567 = ORIENTED_EDGE('',*,*,#8568,.T.);
#8568 = EDGE_CURVE('',#8536,#8569,#8571,.T.);
#8569 = VERTEX_POINT('',#8570);
#8570 = CARTESIAN_POINT('',(-72.,39.5,11.4));
#8571 = LINE('',#8572,#8573);
#8572 = CARTESIAN_POINT('',(-82.,39.5,11.4));
#8573 = VECTOR('',#8574,1.);
#8574 = DIRECTION('',(1.,0.,0.));
#8575 = ORIENTED_EDGE('',*,*,#8576,.T.);
#8576 = EDGE_CURVE('',#8569,#7896,#8577,.T.);
#8577 = LINE('',#8578,#8579);
#8578 = CARTESIAN_POINT('',(-72.,39.5,12.));
#8579 = VECTOR('',#8580,1.);
#8580 = DIRECTION('',(-0.,-0.,-1.));
#8581 = ORIENTED_EDGE('',*,*,#7904,.T.);
#8582 = PLANE('',#8583);
#8583 = AXIS2_PLACEMENT_3D('',#8584,#8585,#8586);
#8584 = CARTESIAN_POINT('',(-72.,39.5,12.));
#8585 = DIRECTION('',(0.,1.,0.));
#8586 = DIRECTION('',(-1.,0.,0.));
#8587 = ADVANCED_FACE('',(#8588),#8607,.F.);
#8588 = FACE_BOUND('',#8589,.F.);
#8589 = EDGE_LOOP('',(#8590,#8598,#8605,#8606));
#8590 = ORIENTED_EDGE('',*,*,#8591,.F.);
#8591 = EDGE_CURVE('',#8592,#7888,#8594,.T.);
#8592 = VERTEX_POINT('',#8593);
#8593 = CARTESIAN_POINT('',(-72.,46.5,11.4));
#8594 = LINE('',#8595,#8596);
#8595 = CARTESIAN_POINT('',(-72.,46.5,12.));
#8596 = VECTOR('',#8597,1.);
#8597 = DIRECTION('',(-0.,-0.,-1.));
#8598 = ORIENTED_EDGE('',*,*,#8599,.F.);
#8599 = EDGE_CURVE('',#8569,#8592,#8600,.T.);
#8600 = CIRCLE('',#8601,3.5);
#8601 = AXIS2_PLACEMENT_3D('',#8602,#8603,#8604);
#8602 = CARTESIAN_POINT('',(-72.,43.,11.4));
#8603 = DIRECTION('',(-0.,0.,1.));
#8604 = DIRECTION('',(0.,-1.,0.));
#8605 = ORIENTED_EDGE('',*,*,#8576,.T.);
#8606 = ORIENTED_EDGE('',*,*,#7895,.T.);
#8607 = CYLINDRICAL_SURFACE('',#8608,3.5);
#8608 = AXIS2_PLACEMENT_3D('',#8609,#8610,#8611);
#8609 = CARTESIAN_POINT('',(-72.,43.,12.));
#8610 = DIRECTION('',(0.,0.,1.));
#8611 = DIRECTION('',(1.,0.,0.));
#8612 = ADVANCED_FACE('',(#8613),#8624,.T.);
#8613 = FACE_BOUND('',#8614,.T.);
#8614 = EDGE_LOOP('',(#8615,#8616,#8622,#8623));
#8615 = ORIENTED_EDGE('',*,*,#8591,.F.);
#8616 = ORIENTED_EDGE('',*,*,#8617,.T.);
#8617 = EDGE_CURVE('',#8592,#8544,#8618,.T.);
#8618 = LINE('',#8619,#8620);
#8619 = CARTESIAN_POINT('',(-72.,46.5,11.4));
#8620 = VECTOR('',#8621,1.);
#8621 = DIRECTION('',(-1.,-0.,-0.));
#8622 = ORIENTED_EDGE('',*,*,#8552,.T.);
#8623 = ORIENTED_EDGE('',*,*,#7887,.T.);
#8624 = PLANE('',#8625);
#8625 = AXIS2_PLACEMENT_3D('',#8626,#8627,#8628);
#8626 = CARTESIAN_POINT('',(-82.,46.5,12.));
#8627 = DIRECTION('',(0.,-1.,0.));
#8628 = DIRECTION('',(1.,0.,0.));
#8629 = ADVANCED_FACE('',(#8630),#8656,.F.);
#8630 = FACE_BOUND('',#8631,.F.);
#8631 = EDGE_LOOP('',(#8632,#8640,#8649,#8655));
#8632 = ORIENTED_EDGE('',*,*,#8633,.F.);
#8633 = EDGE_CURVE('',#8634,#7915,#8636,.T.);
#8634 = VERTEX_POINT('',#8635);
#8635 = CARTESIAN_POINT('',(72.,39.5,11.4));
#8636 = LINE('',#8637,#8638);
#8637 = CARTESIAN_POINT('',(72.,39.5,12.));
#8638 = VECTOR('',#8639,1.);
#8639 = DIRECTION('',(-0.,-0.,-1.));
#8640 = ORIENTED_EDGE('',*,*,#8641,.F.);
#8641 = EDGE_CURVE('',#8642,#8634,#8644,.T.);
#8642 = VERTEX_POINT('',#8643);
#8643 = CARTESIAN_POINT('',(72.,46.5,11.4));
#8644 = CIRCLE('',#8645,3.5);
#8645 = AXIS2_PLACEMENT_3D('',#8646,#8647,#8648);
#8646 = CARTESIAN_POINT('',(72.,43.,11.4));
#8647 = DIRECTION('',(0.,-0.,1.));
#8648 = DIRECTION('',(0.,1.,0.));
#8649 = ORIENTED_EDGE('',*,*,#8650,.T.);
#8650 = EDGE_CURVE('',#8642,#7913,#8651,.T.);
#8651 = LINE('',#8652,#8653);
#8652 = CARTESIAN_POINT('',(72.,46.5,12.));
#8653 = VECTOR('',#8654,1.);
#8654 = DIRECTION('',(-0.,-0.,-1.));
#8655 = ORIENTED_EDGE('',*,*,#7912,.T.);
#8656 = CYLINDRICAL_SURFACE('',#8657,3.5);
#8657 = AXIS2_PLACEMENT_3D('',#8658,#8659,#8660);
#8658 = CARTESIAN_POINT('',(72.,43.,12.));
#8659 = DIRECTION('',(0.,0.,1.));
#8660 = DIRECTION('',(1.,0.,0.));
#8661 = ADVANCED_FACE('',(#8662),#8680,.T.);
#8662 = FACE_BOUND('',#8663,.T.);
#8663 = EDGE_LOOP('',(#8664,#8665,#8673,#8679));
#8664 = ORIENTED_EDGE('',*,*,#8633,.F.);
#8665 = ORIENTED_EDGE('',*,*,#8666,.T.);
#8666 = EDGE_CURVE('',#8634,#8667,#8669,.T.);
#8667 = VERTEX_POINT('',#8668);
#8668 = CARTESIAN_POINT('',(82.,39.5,11.4));
#8669 = LINE('',#8670,#8671);
#8670 = CARTESIAN_POINT('',(72.,39.5,11.4));
#8671 = VECTOR('',#8672,1.);
#8672 = DIRECTION('',(1.,0.,0.));
#8673 = ORIENTED_EDGE('',*,*,#8674,.T.);
#8674 = EDGE_CURVE('',#8667,#7932,#8675,.T.);
#8675 = LINE('',#8676,#8677);
#8676 = CARTESIAN_POINT('',(82.,39.5,12.));
#8677 = VECTOR('',#8678,1.);
#8678 = DIRECTION('',(-0.,-0.,-1.));
#8679 = ORIENTED_EDGE('',*,*,#7940,.T.);
#8680 = PLANE('',#8681);
#8681 = AXIS2_PLACEMENT_3D('',#8682,#8683,#8684);
#8682 = CARTESIAN_POINT('',(82.,39.5,12.));
#8683 = DIRECTION('',(0.,1.,0.));
#8684 = DIRECTION('',(-1.,0.,0.));
#8685 = ADVANCED_FACE('',(#8686),#8705,.F.);
#8686 = FACE_BOUND('',#8687,.F.);
#8687 = EDGE_LOOP('',(#8688,#8696,#8703,#8704));
#8688 = ORIENTED_EDGE('',*,*,#8689,.F.);
#8689 = EDGE_CURVE('',#8690,#7924,#8692,.T.);
#8690 = VERTEX_POINT('',#8691);
#8691 = CARTESIAN_POINT('',(82.,46.5,11.4));
#8692 = LINE('',#8693,#8694);
#8693 = CARTESIAN_POINT('',(82.,46.5,12.));
#8694 = VECTOR('',#8695,1.);
#8695 = DIRECTION('',(-0.,-0.,-1.));
#8696 = ORIENTED_EDGE('',*,*,#8697,.F.);
#8697 = EDGE_CURVE('',#8667,#8690,#8698,.T.);
#8698 = CIRCLE('',#8699,3.5);
#8699 = AXIS2_PLACEMENT_3D('',#8700,#8701,#8702);
#8700 = CARTESIAN_POINT('',(82.,43.,11.4));
#8701 = DIRECTION('',(-0.,0.,1.));
#8702 = DIRECTION('',(0.,-1.,0.));
#8703 = ORIENTED_EDGE('',*,*,#8674,.T.);
#8704 = ORIENTED_EDGE('',*,*,#7931,.T.);
#8705 = CYLINDRICAL_SURFACE('',#8706,3.5);
#8706 = AXIS2_PLACEMENT_3D('',#8707,#8708,#8709);
#8707 = CARTESIAN_POINT('',(82.,43.,12.));
#8708 = DIRECTION('',(0.,0.,1.));
#8709 = DIRECTION('',(1.,0.,0.));
#8710 = ADVANCED_FACE('',(#8711),#8722,.T.);
#8711 = FACE_BOUND('',#8712,.T.);
#8712 = EDGE_LOOP('',(#8713,#8714,#8720,#8721));
#8713 = ORIENTED_EDGE('',*,*,#8689,.F.);
#8714 = ORIENTED_EDGE('',*,*,#8715,.T.);
#8715 = EDGE_CURVE('',#8690,#8642,#8716,.T.);
#8716 = LINE('',#8717,#8718);
#8717 = CARTESIAN_POINT('',(82.,46.5,11.4));
#8718 = VECTOR('',#8719,1.);
#8719 = DIRECTION('',(-1.,-0.,-0.));
#8720 = ORIENTED_EDGE('',*,*,#8650,.T.);
#8721 = ORIENTED_EDGE('',*,*,#7923,.T.);
#8722 = PLANE('',#8723);
#8723 = AXIS2_PLACEMENT_3D('',#8724,#8725,#8726);
#8724 = CARTESIAN_POINT('',(72.,46.5,12.));
#8725 = DIRECTION('',(0.,-1.,0.));
#8726 = DIRECTION('',(1.,0.,0.));
#8727 = ADVANCED_FACE('',(#8728),#8739,.F.);
#8728 = FACE_BOUND('',#8729,.T.);
#8729 = EDGE_LOOP('',(#8730,#8736,#8737,#8738));
#8730 = ORIENTED_EDGE('',*,*,#8731,.F.);
#8731 = EDGE_CURVE('',#8005,#8064,#8732,.T.);
#8732 = LINE('',#8733,#8734);
#8733 = CARTESIAN_POINT('',(-95.,46.,11.4));
#8734 = VECTOR('',#8735,1.);
#8735 = DIRECTION('',(0.707106781187,-4.329780281177E-17,0.707106781187)
  );
#8736 = ORIENTED_EDGE('',*,*,#8012,.T.);
#8737 = ORIENTED_EDGE('',*,*,#7979,.T.);
#8738 = ORIENTED_EDGE('',*,*,#8072,.F.);
#8739 = PLANE('',#8740);
#8740 = AXIS2_PLACEMENT_3D('',#8741,#8742,#8743);
#8741 = CARTESIAN_POINT('',(-94.7,46.,11.7));
#8742 = DIRECTION('',(0.707106781187,6.963829119075E-18,-0.707106781187)
  );
#8743 = DIRECTION('',(-4.924170793122E-18,1.,4.924170793122E-18));
#8744 = ADVANCED_FACE('',(#8745),#8756,.F.);
#8745 = FACE_BOUND('',#8746,.T.);
#8746 = EDGE_LOOP('',(#8747,#8748,#8749,#8755));
#8747 = ORIENTED_EDGE('',*,*,#8233,.F.);
#8748 = ORIENTED_EDGE('',*,*,#8249,.T.);
#8749 = ORIENTED_EDGE('',*,*,#8750,.T.);
#8750 = EDGE_CURVE('',#8250,#8039,#8751,.T.);
#8751 = LINE('',#8752,#8753);
#8752 = CARTESIAN_POINT('',(94.7,46.,11.7));
#8753 = VECTOR('',#8754,1.);
#8754 = DIRECTION('',(-0.707106781187,0.,0.707106781187));
#8755 = ORIENTED_EDGE('',*,*,#8038,.F.);
#8756 = PLANE('',#8757);
#8757 = AXIS2_PLACEMENT_3D('',#8758,#8759,#8760);
#8758 = CARTESIAN_POINT('',(94.7,-46.,11.7));
#8759 = DIRECTION('',(-0.707106781187,-6.963829119075E-18,
    -0.707106781187));
#8760 = DIRECTION('',(4.924170793122E-18,-1.,4.924170793122E-18));
#8761 = ADVANCED_FACE('',(#8762),#8773,.T.);
#8762 = FACE_BOUND('',#8763,.T.);
#8763 = EDGE_LOOP('',(#8764,#8770,#8771,#8772));
#8764 = ORIENTED_EDGE('',*,*,#8765,.F.);
#8765 = EDGE_CURVE('',#8273,#8056,#8766,.T.);
#8766 = LINE('',#8767,#8768);
#8767 = CARTESIAN_POINT('',(-91.,49.7,11.7));
#8768 = VECTOR('',#8769,1.);
#8769 = DIRECTION('',(0.,-0.707106781187,0.707106781187));
#8770 = ORIENTED_EDGE('',*,*,#8282,.T.);
#8771 = ORIENTED_EDGE('',*,*,#8731,.T.);
#8772 = ORIENTED_EDGE('',*,*,#8063,.F.);
#8773 = CONICAL_SURFACE('',#8774,4.,0.785398163397);
#8774 = AXIS2_PLACEMENT_3D('',#8775,#8776,#8777);
#8775 = CARTESIAN_POINT('',(-91.,46.,11.4));
#8776 = DIRECTION('',(-0.,-0.,-1.));
#8777 = DIRECTION('',(0.,1.,0.));
#8778 = ADVANCED_FACE('',(#8779),#8790,.T.);
#8779 = FACE_BOUND('',#8780,.T.);
#8780 = EDGE_LOOP('',(#8781,#8782,#8783,#8789));
#8781 = ORIENTED_EDGE('',*,*,#8750,.F.);
#8782 = ORIENTED_EDGE('',*,*,#8307,.T.);
#8783 = ORIENTED_EDGE('',*,*,#8784,.T.);
#8784 = EDGE_CURVE('',#8300,#8047,#8785,.T.);
#8785 = LINE('',#8786,#8787);
#8786 = CARTESIAN_POINT('',(91.,50.,11.4));
#8787 = VECTOR('',#8788,1.);
#8788 = DIRECTION('',(-4.329780281177E-17,-0.707106781187,0.707106781187
    ));
#8789 = ORIENTED_EDGE('',*,*,#8046,.F.);
#8790 = CONICAL_SURFACE('',#8791,4.,0.785398163397);
#8791 = AXIS2_PLACEMENT_3D('',#8792,#8793,#8794);
#8792 = CARTESIAN_POINT('',(91.,46.,11.4));
#8793 = DIRECTION('',(-0.,-0.,-1.));
#8794 = DIRECTION('',(1.,0.,0.));
#8795 = ADVANCED_FACE('',(#8796),#8802,.F.);
#8796 = FACE_BOUND('',#8797,.T.);
#8797 = EDGE_LOOP('',(#8798,#8799,#8800,#8801));
#8798 = ORIENTED_EDGE('',*,*,#8784,.F.);
#8799 = ORIENTED_EDGE('',*,*,#8323,.T.);
#8800 = ORIENTED_EDGE('',*,*,#8765,.T.);
#8801 = ORIENTED_EDGE('',*,*,#8055,.F.);
#8802 = PLANE('',#8803);
#8803 = AXIS2_PLACEMENT_3D('',#8804,#8805,#8806);
#8804 = CARTESIAN_POINT('',(91.,49.7,11.7));
#8805 = DIRECTION('',(0.,-0.707106781187,-0.707106781187));
#8806 = DIRECTION('',(1.,-0.,-0.));
#8807 = ADVANCED_FACE('',(#8808),#8824,.F.);
#8808 = FACE_BOUND('',#8809,.T.);
#8809 = EDGE_LOOP('',(#8810,#8816,#8817,#8823));
#8810 = ORIENTED_EDGE('',*,*,#8811,.F.);
#8811 = EDGE_CURVE('',#8082,#8348,#8812,.T.);
#8812 = LINE('',#8813,#8814);
#8813 = CARTESIAN_POINT('',(-82.,-39.5,11.4));
#8814 = VECTOR('',#8815,1.);
#8815 = DIRECTION('',(0.,-0.707106781187,-0.707106781187));
#8816 = ORIENTED_EDGE('',*,*,#8081,.T.);
#8817 = ORIENTED_EDGE('',*,*,#8818,.T.);
#8818 = EDGE_CURVE('',#8084,#8340,#8819,.T.);
#8819 = LINE('',#8820,#8821);
#8820 = CARTESIAN_POINT('',(-82.,-46.5,11.4));
#8821 = VECTOR('',#8822,1.);
#8822 = DIRECTION('',(8.659560562355E-17,0.707106781187,-0.707106781187)
  );
#8823 = ORIENTED_EDGE('',*,*,#8347,.F.);
#8824 = CONICAL_SURFACE('',#8825,3.5,0.785398163397);
#8825 = AXIS2_PLACEMENT_3D('',#8826,#8827,#8828);
#8826 = CARTESIAN_POINT('',(-82.,-43.,11.4));
#8827 = DIRECTION('',(0.,0.,1.));
#8828 = DIRECTION('',(0.,1.,0.));
#8829 = ADVANCED_FACE('',(#8830),#8841,.T.);
#8830 = FACE_BOUND('',#8831,.T.);
#8831 = EDGE_LOOP('',(#8832,#8838,#8839,#8840));
#8832 = ORIENTED_EDGE('',*,*,#8833,.F.);
#8833 = EDGE_CURVE('',#8093,#8396,#8834,.T.);
#8834 = LINE('',#8835,#8836);
#8835 = CARTESIAN_POINT('',(-72.,-39.5,11.4));
#8836 = VECTOR('',#8837,1.);
#8837 = DIRECTION('',(-8.659560562355E-17,-0.707106781187,
    -0.707106781187));
#8838 = ORIENTED_EDGE('',*,*,#8092,.T.);
#8839 = ORIENTED_EDGE('',*,*,#8811,.T.);
#8840 = ORIENTED_EDGE('',*,*,#8421,.F.);
#8841 = PLANE('',#8842);
#8842 = AXIS2_PLACEMENT_3D('',#8843,#8844,#8845);
#8843 = CARTESIAN_POINT('',(-72.,-39.2,11.7));
#8844 = DIRECTION('',(0.,-0.707106781187,0.707106781187));
#8845 = DIRECTION('',(-1.,0.,0.));
#8846 = ADVANCED_FACE('',(#8847),#8858,.T.);
#8847 = FACE_BOUND('',#8848,.T.);
#8848 = EDGE_LOOP('',(#8849,#8850,#8851,#8857));
#8849 = ORIENTED_EDGE('',*,*,#8818,.F.);
#8850 = ORIENTED_EDGE('',*,*,#8109,.T.);
#8851 = ORIENTED_EDGE('',*,*,#8852,.T.);
#8852 = EDGE_CURVE('',#8101,#8373,#8853,.T.);
#8853 = LINE('',#8854,#8855);
#8854 = CARTESIAN_POINT('',(-72.,-46.8,11.7));
#8855 = VECTOR('',#8856,1.);
#8856 = DIRECTION('',(0.,0.707106781187,-0.707106781187));
#8857 = ORIENTED_EDGE('',*,*,#8372,.F.);
#8858 = PLANE('',#8859);
#8859 = AXIS2_PLACEMENT_3D('',#8860,#8861,#8862);
#8860 = CARTESIAN_POINT('',(-82.,-46.8,11.7));
#8861 = DIRECTION('',(0.,0.707106781187,0.707106781187));
#8862 = DIRECTION('',(1.,0.,0.));
#8863 = ADVANCED_FACE('',(#8864),#8870,.F.);
#8864 = FACE_BOUND('',#8865,.T.);
#8865 = EDGE_LOOP('',(#8866,#8867,#8868,#8869));
#8866 = ORIENTED_EDGE('',*,*,#8852,.F.);
#8867 = ORIENTED_EDGE('',*,*,#8100,.T.);
#8868 = ORIENTED_EDGE('',*,*,#8833,.T.);
#8869 = ORIENTED_EDGE('',*,*,#8403,.F.);
#8870 = CONICAL_SURFACE('',#8871,3.5,0.785398163397);
#8871 = AXIS2_PLACEMENT_3D('',#8872,#8873,#8874);
#8872 = CARTESIAN_POINT('',(-72.,-43.,11.4));
#8873 = DIRECTION('',(0.,0.,1.));
#8874 = DIRECTION('',(0.,-1.,0.));
#8875 = ADVANCED_FACE('',(#8876),#8892,.F.);
#8876 = FACE_BOUND('',#8877,.T.);
#8877 = EDGE_LOOP('',(#8878,#8884,#8885,#8891));
#8878 = ORIENTED_EDGE('',*,*,#8879,.F.);
#8879 = EDGE_CURVE('',#8118,#8446,#8880,.T.);
#8880 = LINE('',#8881,#8882);
#8881 = CARTESIAN_POINT('',(72.,-39.5,11.4));
#8882 = VECTOR('',#8883,1.);
#8883 = DIRECTION('',(0.,-0.707106781187,-0.707106781187));
#8884 = ORIENTED_EDGE('',*,*,#8117,.T.);
#8885 = ORIENTED_EDGE('',*,*,#8886,.T.);
#8886 = EDGE_CURVE('',#8120,#8438,#8887,.T.);
#8887 = LINE('',#8888,#8889);
#8888 = CARTESIAN_POINT('',(72.,-46.5,11.4));
#8889 = VECTOR('',#8890,1.);
#8890 = DIRECTION('',(8.659560562355E-17,0.707106781187,-0.707106781187)
  );
#8891 = ORIENTED_EDGE('',*,*,#8445,.F.);
#8892 = CONICAL_SURFACE('',#8893,3.5,0.785398163397);
#8893 = AXIS2_PLACEMENT_3D('',#8894,#8895,#8896);
#8894 = CARTESIAN_POINT('',(72.,-43.,11.4));
#8895 = DIRECTION('',(0.,0.,1.));
#8896 = DIRECTION('',(0.,1.,0.));
#8897 = ADVANCED_FACE('',(#8898),#8909,.T.);
#8898 = FACE_BOUND('',#8899,.T.);
#8899 = EDGE_LOOP('',(#8900,#8906,#8907,#8908));
#8900 = ORIENTED_EDGE('',*,*,#8901,.F.);
#8901 = EDGE_CURVE('',#8129,#8494,#8902,.T.);
#8902 = LINE('',#8903,#8904);
#8903 = CARTESIAN_POINT('',(82.,-39.5,11.4));
#8904 = VECTOR('',#8905,1.);
#8905 = DIRECTION('',(-8.659560562355E-17,-0.707106781187,
    -0.707106781187));
#8906 = ORIENTED_EDGE('',*,*,#8128,.T.);
#8907 = ORIENTED_EDGE('',*,*,#8879,.T.);
#8908 = ORIENTED_EDGE('',*,*,#8519,.F.);
#8909 = PLANE('',#8910);
#8910 = AXIS2_PLACEMENT_3D('',#8911,#8912,#8913);
#8911 = CARTESIAN_POINT('',(82.,-39.2,11.7));
#8912 = DIRECTION('',(0.,-0.707106781187,0.707106781187));
#8913 = DIRECTION('',(-1.,0.,0.));
#8914 = ADVANCED_FACE('',(#8915),#8926,.T.);
#8915 = FACE_BOUND('',#8916,.T.);
#8916 = EDGE_LOOP('',(#8917,#8918,#8919,#8925));
#8917 = ORIENTED_EDGE('',*,*,#8886,.F.);
#8918 = ORIENTED_EDGE('',*,*,#8145,.T.);
#8919 = ORIENTED_EDGE('',*,*,#8920,.T.);
#8920 = EDGE_CURVE('',#8137,#8471,#8921,.T.);
#8921 = LINE('',#8922,#8923);
#8922 = CARTESIAN_POINT('',(82.,-46.8,11.7));
#8923 = VECTOR('',#8924,1.);
#8924 = DIRECTION('',(0.,0.707106781187,-0.707106781187));
#8925 = ORIENTED_EDGE('',*,*,#8470,.F.);
#8926 = PLANE('',#8927);
#8927 = AXIS2_PLACEMENT_3D('',#8928,#8929,#8930);
#8928 = CARTESIAN_POINT('',(72.,-46.8,11.7));
#8929 = DIRECTION('',(0.,0.707106781187,0.707106781187));
#8930 = DIRECTION('',(1.,0.,0.));
#8931 = ADVANCED_FACE('',(#8932),#8938,.F.);
#8932 = FACE_BOUND('',#8933,.T.);
#8933 = EDGE_LOOP('',(#8934,#8935,#8936,#8937));
#8934 = ORIENTED_EDGE('',*,*,#8920,.F.);
#8935 = ORIENTED_EDGE('',*,*,#8136,.T.);
#8936 = ORIENTED_EDGE('',*,*,#8901,.T.);
#8937 = ORIENTED_EDGE('',*,*,#8501,.F.);
#8938 = CONICAL_SURFACE('',#8939,3.5,0.785398163397);
#8939 = AXIS2_PLACEMENT_3D('',#8940,#8941,#8942);
#8940 = CARTESIAN_POINT('',(82.,-43.,11.4));
#8941 = DIRECTION('',(0.,0.,1.));
#8942 = DIRECTION('',(0.,-1.,0.));
#8943 = ADVANCED_FACE('',(#8944),#8960,.F.);
#8944 = FACE_BOUND('',#8945,.T.);
#8945 = EDGE_LOOP('',(#8946,#8952,#8953,#8959));
#8946 = ORIENTED_EDGE('',*,*,#8947,.F.);
#8947 = EDGE_CURVE('',#8154,#8544,#8948,.T.);
#8948 = LINE('',#8949,#8950);
#8949 = CARTESIAN_POINT('',(-82.,46.5,11.4));
#8950 = VECTOR('',#8951,1.);
#8951 = DIRECTION('',(0.,-0.707106781187,-0.707106781187));
#8952 = ORIENTED_EDGE('',*,*,#8153,.T.);
#8953 = ORIENTED_EDGE('',*,*,#8954,.T.);
#8954 = EDGE_CURVE('',#8156,#8536,#8955,.T.);
#8955 = LINE('',#8956,#8957);
#8956 = CARTESIAN_POINT('',(-82.,39.5,11.4));
#8957 = VECTOR('',#8958,1.);
#8958 = DIRECTION('',(8.659560562355E-17,0.707106781187,-0.707106781187)
  );
#8959 = ORIENTED_EDGE('',*,*,#8543,.F.);
#8960 = CONICAL_SURFACE('',#8961,3.5,0.785398163397);
#8961 = AXIS2_PLACEMENT_3D('',#8962,#8963,#8964);
#8962 = CARTESIAN_POINT('',(-82.,43.,11.4));
#8963 = DIRECTION('',(0.,0.,1.));
#8964 = DIRECTION('',(0.,1.,0.));
#8965 = ADVANCED_FACE('',(#8966),#8977,.T.);
#8966 = FACE_BOUND('',#8967,.T.);
#8967 = EDGE_LOOP('',(#8968,#8974,#8975,#8976));
#8968 = ORIENTED_EDGE('',*,*,#8969,.F.);
#8969 = EDGE_CURVE('',#8165,#8592,#8970,.T.);
#8970 = LINE('',#8971,#8972);
#8971 = CARTESIAN_POINT('',(-72.,46.5,11.4));
#8972 = VECTOR('',#8973,1.);
#8973 = DIRECTION('',(-8.659560562355E-17,-0.707106781187,
    -0.707106781187));
#8974 = ORIENTED_EDGE('',*,*,#8164,.T.);
#8975 = ORIENTED_EDGE('',*,*,#8947,.T.);
#8976 = ORIENTED_EDGE('',*,*,#8617,.F.);
#8977 = PLANE('',#8978);
#8978 = AXIS2_PLACEMENT_3D('',#8979,#8980,#8981);
#8979 = CARTESIAN_POINT('',(-72.,46.8,11.7));
#8980 = DIRECTION('',(0.,-0.707106781187,0.707106781187));
#8981 = DIRECTION('',(-1.,0.,0.));
#8982 = ADVANCED_FACE('',(#8983),#8994,.T.);
#8983 = FACE_BOUND('',#8984,.T.);
#8984 = EDGE_LOOP('',(#8985,#8986,#8987,#8993));
#8985 = ORIENTED_EDGE('',*,*,#8954,.F.);
#8986 = ORIENTED_EDGE('',*,*,#8181,.T.);
#8987 = ORIENTED_EDGE('',*,*,#8988,.T.);
#8988 = EDGE_CURVE('',#8173,#8569,#8989,.T.);
#8989 = LINE('',#8990,#8991);
#8990 = CARTESIAN_POINT('',(-72.,39.2,11.7));
#8991 = VECTOR('',#8992,1.);
#8992 = DIRECTION('',(0.,0.707106781187,-0.707106781187));
#8993 = ORIENTED_EDGE('',*,*,#8568,.F.);
#8994 = PLANE('',#8995);
#8995 = AXIS2_PLACEMENT_3D('',#8996,#8997,#8998);
#8996 = CARTESIAN_POINT('',(-82.,39.2,11.7));
#8997 = DIRECTION('',(0.,0.707106781187,0.707106781187));
#8998 = DIRECTION('',(1.,0.,0.));
#8999 = ADVANCED_FACE('',(#9000),#9006,.F.);
#9000 = FACE_BOUND('',#9001,.T.);
#9001 = EDGE_LOOP('',(#9002,#9003,#9004,#9005));
#9002 = ORIENTED_EDGE('',*,*,#8988,.F.);
#9003 = ORIENTED_EDGE('',*,*,#8172,.T.);
#9004 = ORIENTED_EDGE('',*,*,#8969,.T.);
#9005 = ORIENTED_EDGE('',*,*,#8599,.F.);
#9006 = CONICAL_SURFACE('',#9007,3.5,0.785398163397);
#9007 = AXIS2_PLACEMENT_3D('',#9008,#9009,#9010);
#9008 = CARTESIAN_POINT('',(-72.,43.,11.4));
#9009 = DIRECTION('',(0.,0.,1.));
#9010 = DIRECTION('',(0.,-1.,0.));
#9011 = ADVANCED_FACE('',(#9012),#9028,.F.);
#9012 = FACE_BOUND('',#9013,.T.);
#9013 = EDGE_LOOP('',(#9014,#9020,#9021,#9027));
#9014 = ORIENTED_EDGE('',*,*,#9015,.F.);
#9015 = EDGE_CURVE('',#8190,#8642,#9016,.T.);
#9016 = LINE('',#9017,#9018);
#9017 = CARTESIAN_POINT('',(72.,46.5,11.4));
#9018 = VECTOR('',#9019,1.);
#9019 = DIRECTION('',(0.,-0.707106781187,-0.707106781187));
#9020 = ORIENTED_EDGE('',*,*,#8189,.T.);
#9021 = ORIENTED_EDGE('',*,*,#9022,.T.);
#9022 = EDGE_CURVE('',#8192,#8634,#9023,.T.);
#9023 = LINE('',#9024,#9025);
#9024 = CARTESIAN_POINT('',(72.,39.5,11.4));
#9025 = VECTOR('',#9026,1.);
#9026 = DIRECTION('',(8.659560562355E-17,0.707106781187,-0.707106781187)
  );
#9027 = ORIENTED_EDGE('',*,*,#8641,.F.);
#9028 = CONICAL_SURFACE('',#9029,3.5,0.785398163397);
#9029 = AXIS2_PLACEMENT_3D('',#9030,#9031,#9032);
#9030 = CARTESIAN_POINT('',(72.,43.,11.4));
#9031 = DIRECTION('',(0.,0.,1.));
#9032 = DIRECTION('',(0.,1.,0.));
#9033 = ADVANCED_FACE('',(#9034),#9045,.T.);
#9034 = FACE_BOUND('',#9035,.T.);
#9035 = EDGE_LOOP('',(#9036,#9042,#9043,#9044));
#9036 = ORIENTED_EDGE('',*,*,#9037,.F.);
#9037 = EDGE_CURVE('',#8201,#8690,#9038,.T.);
#9038 = LINE('',#9039,#9040);
#9039 = CARTESIAN_POINT('',(82.,46.5,11.4));
#9040 = VECTOR('',#9041,1.);
#9041 = DIRECTION('',(-8.659560562355E-17,-0.707106781187,
    -0.707106781187));
#9042 = ORIENTED_EDGE('',*,*,#8200,.T.);
#9043 = ORIENTED_EDGE('',*,*,#9015,.T.);
#9044 = ORIENTED_EDGE('',*,*,#8715,.F.);
#9045 = PLANE('',#9046);
#9046 = AXIS2_PLACEMENT_3D('',#9047,#9048,#9049);
#9047 = CARTESIAN_POINT('',(82.,46.8,11.7));
#9048 = DIRECTION('',(0.,-0.707106781187,0.707106781187));
#9049 = DIRECTION('',(-1.,0.,0.));
#9050 = ADVANCED_FACE('',(#9051),#9062,.T.);
#9051 = FACE_BOUND('',#9052,.T.);
#9052 = EDGE_LOOP('',(#9053,#9054,#9055,#9061));
#9053 = ORIENTED_EDGE('',*,*,#9022,.F.);
#9054 = ORIENTED_EDGE('',*,*,#8217,.T.);
#9055 = ORIENTED_EDGE('',*,*,#9056,.T.);
#9056 = EDGE_CURVE('',#8209,#8667,#9057,.T.);
#9057 = LINE('',#9058,#9059);
#9058 = CARTESIAN_POINT('',(82.,39.2,11.7));
#9059 = VECTOR('',#9060,1.);
#9060 = DIRECTION('',(0.,0.707106781187,-0.707106781187));
#9061 = ORIENTED_EDGE('',*,*,#8666,.F.);
#9062 = PLANE('',#9063);
#9063 = AXIS2_PLACEMENT_3D('',#9064,#9065,#9066);
#9064 = CARTESIAN_POINT('',(72.,39.2,11.7));
#9065 = DIRECTION('',(0.,0.707106781187,0.707106781187));
#9066 = DIRECTION('',(1.,0.,0.));
#9067 = ADVANCED_FACE('',(#9068),#9074,.F.);
#9068 = FACE_BOUND('',#9069,.T.);
#9069 = EDGE_LOOP('',(#9070,#9071,#9072,#9073));
#9070 = ORIENTED_EDGE('',*,*,#9056,.F.);
#9071 = ORIENTED_EDGE('',*,*,#8208,.T.);
#9072 = ORIENTED_EDGE('',*,*,#9037,.T.);
#9073 = ORIENTED_EDGE('',*,*,#8697,.F.);
#9074 = CONICAL_SURFACE('',#9075,3.5,0.785398163397);
#9075 = AXIS2_PLACEMENT_3D('',#9076,#9077,#9078);
#9076 = CARTESIAN_POINT('',(82.,43.,11.4));
#9077 = DIRECTION('',(0.,0.,1.));
#9078 = DIRECTION('',(0.,-1.,0.));
#9079 = ( GEOMETRIC_REPRESENTATION_CONTEXT(3) 
GLOBAL_UNCERTAINTY_ASSIGNED_CONTEXT((#9083)) 
GLOBAL_UNIT_ASSIGNED_CONTEXT((#9080,#9081,#9082)) REPRESENTATION_CONTEXT
('Context #1','3D Context with UNIT and UNCERTAINTY') );
#9080 = ( LENGTH_UNIT() NAMED_UNIT(*) SI_UNIT(.MILLI.,.METRE.) );
#9081 = ( NAMED_UNIT(*) PLANE_ANGLE_UNIT() SI_UNIT($,.RADIAN.) );
#9082 = ( NAMED_UNIT(*) SI_UNIT($,.STERADIAN.) SOLID_ANGLE_UNIT() );
#9083 = UNCERTAINTY_MEASURE_WITH_UNIT(LENGTH_MEASURE(5.E-05),#9080,
  'distance_accuracy_value','confusion accuracy');
#9084 = CONTEXT_DEPENDENT_SHAPE_REPRESENTATION(#9085,#9087);
#9085 = ( REPRESENTATION_RELATIONSHIP('','',#7640,#10) 
REPRESENTATION_RELATIONSHIP_WITH_TRANSFORMATION(#9086) 
SHAPE_REPRESENTATION_RELATIONSHIP() );
#9086 = ITEM_DEFINED_TRANSFORMATION('','',#11,#23);
#9087 = PRODUCT_DEFINITION_SHAPE('Placement','Placement of an item',
  #9088);
#9088 = NEXT_ASSEMBLY_USAGE_OCCURRENCE('14',
  '01 | Grundplatte mit vier Spannlangloechern','',#5,#7635,$);
#9089 = PRODUCT_RELATED_PRODUCT_CATEGORY('part',$,(#7637));
#9090 = SHAPE_DEFINITION_REPRESENTATION(#9091,#9097);
#9091 = PRODUCT_DEFINITION_SHAPE('','',#9092);
#9092 = PRODUCT_DEFINITION('design','',#9093,#9096);
#9093 = PRODUCT_DEFINITION_FORMATION('','',#9094);
#9094 = PRODUCT('02 | Feste Backe','02 | Feste Backe','',(#9095));
#9095 = PRODUCT_CONTEXT('',#2,'mechanical');
#9096 = PRODUCT_DEFINITION_CONTEXT('part definition',#2,'design');
#9097 = ADVANCED_BREP_SHAPE_REPRESENTATION('',(#11,#9098),#9690);
#9098 = MANIFOLD_SOLID_BREP('',#9099);
#9099 = CLOSED_SHELL('',(#9100,#9192,#9223,#9279,#9303,#9379,#9403,#9479
    ,#9503,#9552,#9585,#9602,#9633,#9650,#9666,#9678));
#9100 = ADVANCED_FACE('',(#9101),#9187,.F.);
#9101 = FACE_BOUND('',#9102,.F.);
#9102 = EDGE_LOOP('',(#9103,#9113,#9121,#9129,#9138,#9147,#9155,#9164,
    #9173,#9181));
#9103 = ORIENTED_EDGE('',*,*,#9104,.F.);
#9104 = EDGE_CURVE('',#9105,#9107,#9109,.T.);
#9105 = VERTEX_POINT('',#9106);
#9106 = CARTESIAN_POINT('',(-40.,-39.,12.));
#9107 = VERTEX_POINT('',#9108);
#9108 = CARTESIAN_POINT('',(-40.,39.,12.));
#9109 = LINE('',#9110,#9111);
#9110 = CARTESIAN_POINT('',(-40.,-39.,12.));
#9111 = VECTOR('',#9112,1.);
#9112 = DIRECTION('',(0.,1.,0.));
#9113 = ORIENTED_EDGE('',*,*,#9114,.T.);
#9114 = EDGE_CURVE('',#9105,#9115,#9117,.T.);
#9115 = VERTEX_POINT('',#9116);
#9116 = CARTESIAN_POINT('',(-40.,-39.,28.));
#9117 = LINE('',#9118,#9119);
#9118 = CARTESIAN_POINT('',(-40.,-39.,12.));
#9119 = VECTOR('',#9120,1.);
#9120 = DIRECTION('',(0.,0.,1.));
#9121 = ORIENTED_EDGE('',*,*,#9122,.T.);
#9122 = EDGE_CURVE('',#9115,#9123,#9125,.T.);
#9123 = VERTEX_POINT('',#9124);
#9124 = CARTESIAN_POINT('',(-40.,-27.31662479035,28.));
#9125 = LINE('',#9126,#9127);
#9126 = CARTESIAN_POINT('',(-40.,-39.,28.));
#9127 = VECTOR('',#9128,1.);
#9128 = DIRECTION('',(0.,1.,0.));
#9129 = ORIENTED_EDGE('',*,*,#9130,.T.);
#9130 = EDGE_CURVE('',#9123,#9131,#9133,.T.);
#9131 = VERTEX_POINT('',#9132);
#9132 = CARTESIAN_POINT('',(-40.,-24.,17.));
#9133 = CIRCLE('',#9134,6.);
#9134 = AXIS2_PLACEMENT_3D('',#9135,#9136,#9137);
#9135 = CARTESIAN_POINT('',(-40.,-24.,23.));
#9136 = DIRECTION('',(1.,0.,-2.22044604925E-16));
#9137 = DIRECTION('',(-2.22044604925E-16,0.,-1.));
#9138 = ORIENTED_EDGE('',*,*,#9139,.T.);
#9139 = EDGE_CURVE('',#9131,#9140,#9142,.T.);
#9140 = VERTEX_POINT('',#9141);
#9141 = CARTESIAN_POINT('',(-40.,-20.68337520964,28.));
#9142 = CIRCLE('',#9143,6.);
#9143 = AXIS2_PLACEMENT_3D('',#9144,#9145,#9146);
#9144 = CARTESIAN_POINT('',(-40.,-24.,23.));
#9145 = DIRECTION('',(1.,0.,-2.22044604925E-16));
#9146 = DIRECTION('',(-2.22044604925E-16,0.,-1.));
#9147 = ORIENTED_EDGE('',*,*,#9148,.T.);
#9148 = EDGE_CURVE('',#9140,#9149,#9151,.T.);
#9149 = VERTEX_POINT('',#9150);
#9150 = CARTESIAN_POINT('',(-40.,20.683375209644,28.));
#9151 = LINE('',#9152,#9153);
#9152 = CARTESIAN_POINT('',(-40.,-39.,28.));
#9153 = VECTOR('',#9154,1.);
#9154 = DIRECTION('',(0.,1.,0.));
#9155 = ORIENTED_EDGE('',*,*,#9156,.T.);
#9156 = EDGE_CURVE('',#9149,#9157,#9159,.T.);
#9157 = VERTEX_POINT('',#9158);
#9158 = CARTESIAN_POINT('',(-40.,24.,17.));
#9159 = CIRCLE('',#9160,6.);
#9160 = AXIS2_PLACEMENT_3D('',#9161,#9162,#9163);
#9161 = CARTESIAN_POINT('',(-40.,24.,23.));
#9162 = DIRECTION('',(1.,0.,-2.22044604925E-16));
#9163 = DIRECTION('',(-2.22044604925E-16,0.,-1.));
#9164 = ORIENTED_EDGE('',*,*,#9165,.T.);
#9165 = EDGE_CURVE('',#9157,#9166,#9168,.T.);
#9166 = VERTEX_POINT('',#9167);
#9167 = CARTESIAN_POINT('',(-40.,27.316624790356,28.));
#9168 = CIRCLE('',#9169,6.);
#9169 = AXIS2_PLACEMENT_3D('',#9170,#9171,#9172);
#9170 = CARTESIAN_POINT('',(-40.,24.,23.));
#9171 = DIRECTION('',(1.,0.,-2.22044604925E-16));
#9172 = DIRECTION('',(-2.22044604925E-16,0.,-1.));
#9173 = ORIENTED_EDGE('',*,*,#9174,.T.);
#9174 = EDGE_CURVE('',#9166,#9175,#9177,.T.);
#9175 = VERTEX_POINT('',#9176);
#9176 = CARTESIAN_POINT('',(-40.,39.,28.));
#9177 = LINE('',#9178,#9179);
#9178 = CARTESIAN_POINT('',(-40.,-39.,28.));
#9179 = VECTOR('',#9180,1.);
#9180 = DIRECTION('',(0.,1.,0.));
#9181 = ORIENTED_EDGE('',*,*,#9182,.F.);
#9182 = EDGE_CURVE('',#9107,#9175,#9183,.T.);
#9183 = LINE('',#9184,#9185);
#9184 = CARTESIAN_POINT('',(-40.,39.,12.));
#9185 = VECTOR('',#9186,1.);
#9186 = DIRECTION('',(0.,0.,1.));
#9187 = PLANE('',#9188);
#9188 = AXIS2_PLACEMENT_3D('',#9189,#9190,#9191);
#9189 = CARTESIAN_POINT('',(-40.,-39.,12.));
#9190 = DIRECTION('',(-1.,0.,0.));
#9191 = DIRECTION('',(0.,1.,0.));
#9192 = ADVANCED_FACE('',(#9193),#9218,.F.);
#9193 = FACE_BOUND('',#9194,.F.);
#9194 = EDGE_LOOP('',(#9195,#9203,#9204,#9212));
#9195 = ORIENTED_EDGE('',*,*,#9196,.T.);
#9196 = EDGE_CURVE('',#9197,#9105,#9199,.T.);
#9197 = VERTEX_POINT('',#9198);
#9198 = CARTESIAN_POINT('',(-76.,-39.,12.));
#9199 = LINE('',#9200,#9201);
#9200 = CARTESIAN_POINT('',(-76.,-39.,12.));
#9201 = VECTOR('',#9202,1.);
#9202 = DIRECTION('',(1.,0.,0.));
#9203 = ORIENTED_EDGE('',*,*,#9104,.T.);
#9204 = ORIENTED_EDGE('',*,*,#9205,.T.);
#9205 = EDGE_CURVE('',#9107,#9206,#9208,.T.);
#9206 = VERTEX_POINT('',#9207);
#9207 = CARTESIAN_POINT('',(-76.,39.,12.));
#9208 = LINE('',#9209,#9210);
#9209 = CARTESIAN_POINT('',(-40.,39.,12.));
#9210 = VECTOR('',#9211,1.);
#9211 = DIRECTION('',(-1.,0.,0.));
#9212 = ORIENTED_EDGE('',*,*,#9213,.T.);
#9213 = EDGE_CURVE('',#9206,#9197,#9214,.T.);
#9214 = LINE('',#9215,#9216);
#9215 = CARTESIAN_POINT('',(-76.,39.,12.));
#9216 = VECTOR('',#9217,1.);
#9217 = DIRECTION('',(0.,-1.,0.));
#9218 = PLANE('',#9219);
#9219 = AXIS2_PLACEMENT_3D('',#9220,#9221,#9222);
#9220 = CARTESIAN_POINT('',(-58.,0.,12.));
#9221 = DIRECTION('',(0.,0.,1.));
#9222 = DIRECTION('',(1.,0.,0.));
#9223 = ADVANCED_FACE('',(#9224),#9274,.T.);
#9224 = FACE_BOUND('',#9225,.T.);
#9225 = EDGE_LOOP('',(#9226,#9227,#9228,#9236,#9244,#9252,#9260,#9268));
#9226 = ORIENTED_EDGE('',*,*,#9182,.F.);
#9227 = ORIENTED_EDGE('',*,*,#9205,.T.);
#9228 = ORIENTED_EDGE('',*,*,#9229,.T.);
#9229 = EDGE_CURVE('',#9206,#9230,#9232,.T.);
#9230 = VERTEX_POINT('',#9231);
#9231 = CARTESIAN_POINT('',(-76.,39.,28.));
#9232 = LINE('',#9233,#9234);
#9233 = CARTESIAN_POINT('',(-76.,39.,12.));
#9234 = VECTOR('',#9235,1.);
#9235 = DIRECTION('',(0.,0.,1.));
#9236 = ORIENTED_EDGE('',*,*,#9237,.F.);
#9237 = EDGE_CURVE('',#9238,#9230,#9240,.T.);
#9238 = VERTEX_POINT('',#9239);
#9239 = CARTESIAN_POINT('',(-74.,39.,28.));
#9240 = LINE('',#9241,#9242);
#9241 = CARTESIAN_POINT('',(-40.,39.,28.));
#9242 = VECTOR('',#9243,1.);
#9243 = DIRECTION('',(-1.,0.,0.));
#9244 = ORIENTED_EDGE('',*,*,#9245,.T.);
#9245 = EDGE_CURVE('',#9238,#9246,#9248,.T.);
#9246 = VERTEX_POINT('',#9247);
#9247 = CARTESIAN_POINT('',(-74.,39.,66.));
#9248 = LINE('',#9249,#9250);
#9249 = CARTESIAN_POINT('',(-74.,39.,28.));
#9250 = VECTOR('',#9251,1.);
#9251 = DIRECTION('',(0.,0.,1.));
#9252 = ORIENTED_EDGE('',*,*,#9253,.F.);
#9253 = EDGE_CURVE('',#9254,#9246,#9256,.T.);
#9254 = VERTEX_POINT('',#9255);
#9255 = CARTESIAN_POINT('',(-50.,39.,66.));
#9256 = LINE('',#9257,#9258);
#9257 = CARTESIAN_POINT('',(-50.,39.,66.));
#9258 = VECTOR('',#9259,1.);
#9259 = DIRECTION('',(-1.,0.,0.));
#9260 = ORIENTED_EDGE('',*,*,#9261,.F.);
#9261 = EDGE_CURVE('',#9262,#9254,#9264,.T.);
#9262 = VERTEX_POINT('',#9263);
#9263 = CARTESIAN_POINT('',(-50.,39.,28.));
#9264 = LINE('',#9265,#9266);
#9265 = CARTESIAN_POINT('',(-50.,39.,28.));
#9266 = VECTOR('',#9267,1.);
#9267 = DIRECTION('',(0.,0.,1.));
#9268 = ORIENTED_EDGE('',*,*,#9269,.F.);
#9269 = EDGE_CURVE('',#9175,#9262,#9270,.T.);
#9270 = LINE('',#9271,#9272);
#9271 = CARTESIAN_POINT('',(-40.,39.,28.));
#9272 = VECTOR('',#9273,1.);
#9273 = DIRECTION('',(-1.,0.,0.));
#9274 = PLANE('',#9275);
#9275 = AXIS2_PLACEMENT_3D('',#9276,#9277,#9278);
#9276 = CARTESIAN_POINT('',(-59.68888888888,39.,36.466666666667));
#9277 = DIRECTION('',(0.,1.,0.));
#9278 = DIRECTION('',(0.,0.,1.));
#9279 = ADVANCED_FACE('',(#9280),#9298,.T.);
#9280 = FACE_BOUND('',#9281,.T.);
#9281 = EDGE_LOOP('',(#9282,#9290,#9296,#9297));
#9282 = ORIENTED_EDGE('',*,*,#9283,.F.);
#9283 = EDGE_CURVE('',#9284,#9262,#9286,.T.);
#9284 = VERTEX_POINT('',#9285);
#9285 = CARTESIAN_POINT('',(-50.,27.316624790355,28.));
#9286 = LINE('',#9287,#9288);
#9287 = CARTESIAN_POINT('',(-50.,-39.,28.));
#9288 = VECTOR('',#9289,1.);
#9289 = DIRECTION('',(0.,1.,0.));
#9290 = ORIENTED_EDGE('',*,*,#9291,.T.);
#9291 = EDGE_CURVE('',#9284,#9166,#9292,.T.);
#9292 = LINE('',#9293,#9294);
#9293 = CARTESIAN_POINT('',(-40.,27.316624790355,28.));
#9294 = VECTOR('',#9295,1.);
#9295 = DIRECTION('',(1.,0.,-2.22044604925E-16));
#9296 = ORIENTED_EDGE('',*,*,#9174,.T.);
#9297 = ORIENTED_EDGE('',*,*,#9269,.T.);
#9298 = PLANE('',#9299);
#9299 = AXIS2_PLACEMENT_3D('',#9300,#9301,#9302);
#9300 = CARTESIAN_POINT('',(-58.,0.,28.));
#9301 = DIRECTION('',(0.,0.,1.));
#9302 = DIRECTION('',(1.,0.,0.));
#9303 = ADVANCED_FACE('',(#9304),#9374,.F.);
#9304 = FACE_BOUND('',#9305,.F.);
#9305 = EDGE_LOOP('',(#9306,#9307,#9315,#9324,#9332,#9341,#9349,#9356,
    #9357,#9358,#9366,#9373));
#9306 = ORIENTED_EDGE('',*,*,#9165,.F.);
#9307 = ORIENTED_EDGE('',*,*,#9308,.T.);
#9308 = EDGE_CURVE('',#9157,#9309,#9311,.T.);
#9309 = VERTEX_POINT('',#9310);
#9310 = CARTESIAN_POINT('',(-76.,24.,17.));
#9311 = LINE('',#9312,#9313);
#9312 = CARTESIAN_POINT('',(-40.,24.,17.));
#9313 = VECTOR('',#9314,1.);
#9314 = DIRECTION('',(-1.,-0.,-0.));
#9315 = ORIENTED_EDGE('',*,*,#9316,.T.);
#9316 = EDGE_CURVE('',#9309,#9317,#9319,.T.);
#9317 = VERTEX_POINT('',#9318);
#9318 = CARTESIAN_POINT('',(-76.,27.316624790356,28.));
#9319 = CIRCLE('',#9320,6.);
#9320 = AXIS2_PLACEMENT_3D('',#9321,#9322,#9323);
#9321 = CARTESIAN_POINT('',(-76.,24.,23.));
#9322 = DIRECTION('',(1.,0.,-2.22044604925E-16));
#9323 = DIRECTION('',(-2.22044604925E-16,0.,-1.));
#9324 = ORIENTED_EDGE('',*,*,#9325,.T.);
#9325 = EDGE_CURVE('',#9317,#9326,#9328,.T.);
#9326 = VERTEX_POINT('',#9327);
#9327 = CARTESIAN_POINT('',(-74.,27.316624790355,28.));
#9328 = LINE('',#9329,#9330);
#9329 = CARTESIAN_POINT('',(-40.,27.316624790355,28.));
#9330 = VECTOR('',#9331,1.);
#9331 = DIRECTION('',(1.,0.,-2.22044604925E-16));
#9332 = ORIENTED_EDGE('',*,*,#9333,.T.);
#9333 = EDGE_CURVE('',#9326,#9334,#9336,.T.);
#9334 = VERTEX_POINT('',#9335);
#9335 = CARTESIAN_POINT('',(-74.,20.683375209645,28.));
#9336 = CIRCLE('',#9337,6.);
#9337 = AXIS2_PLACEMENT_3D('',#9338,#9339,#9340);
#9338 = CARTESIAN_POINT('',(-74.,24.,23.));
#9339 = DIRECTION('',(1.,0.,-2.22044604925E-16));
#9340 = DIRECTION('',(-2.22044604925E-16,0.,-1.));
#9341 = ORIENTED_EDGE('',*,*,#9342,.F.);
#9342 = EDGE_CURVE('',#9343,#9334,#9345,.T.);
#9343 = VERTEX_POINT('',#9344);
#9344 = CARTESIAN_POINT('',(-76.,20.683375209644,28.));
#9345 = LINE('',#9346,#9347);
#9346 = CARTESIAN_POINT('',(-40.,20.683375209645,28.));
#9347 = VECTOR('',#9348,1.);
#9348 = DIRECTION('',(1.,0.,-2.22044604925E-16));
#9349 = ORIENTED_EDGE('',*,*,#9350,.T.);
#9350 = EDGE_CURVE('',#9343,#9309,#9351,.T.);
#9351 = CIRCLE('',#9352,6.);
#9352 = AXIS2_PLACEMENT_3D('',#9353,#9354,#9355);
#9353 = CARTESIAN_POINT('',(-76.,24.,23.));
#9354 = DIRECTION('',(1.,0.,-2.22044604925E-16));
#9355 = DIRECTION('',(-2.22044604925E-16,0.,-1.));
#9356 = ORIENTED_EDGE('',*,*,#9308,.F.);
#9357 = ORIENTED_EDGE('',*,*,#9156,.F.);
#9358 = ORIENTED_EDGE('',*,*,#9359,.F.);
#9359 = EDGE_CURVE('',#9360,#9149,#9362,.T.);
#9360 = VERTEX_POINT('',#9361);
#9361 = CARTESIAN_POINT('',(-50.,20.683375209645,28.));
#9362 = LINE('',#9363,#9364);
#9363 = CARTESIAN_POINT('',(-40.,20.683375209645,28.));
#9364 = VECTOR('',#9365,1.);
#9365 = DIRECTION('',(1.,0.,-2.22044604925E-16));
#9366 = ORIENTED_EDGE('',*,*,#9367,.F.);
#9367 = EDGE_CURVE('',#9284,#9360,#9368,.T.);
#9368 = CIRCLE('',#9369,6.);
#9369 = AXIS2_PLACEMENT_3D('',#9370,#9371,#9372);
#9370 = CARTESIAN_POINT('',(-50.,24.,23.));
#9371 = DIRECTION('',(1.,0.,-2.22044604925E-16));
#9372 = DIRECTION('',(-2.22044604925E-16,0.,-1.));
#9373 = ORIENTED_EDGE('',*,*,#9291,.T.);
#9374 = CYLINDRICAL_SURFACE('',#9375,6.);
#9375 = AXIS2_PLACEMENT_3D('',#9376,#9377,#9378);
#9376 = CARTESIAN_POINT('',(-40.,24.,23.));
#9377 = DIRECTION('',(1.,0.,-2.22044604925E-16));
#9378 = DIRECTION('',(-2.22044604925E-16,0.,-1.));
#9379 = ADVANCED_FACE('',(#9380),#9398,.T.);
#9380 = FACE_BOUND('',#9381,.T.);
#9381 = EDGE_LOOP('',(#9382,#9390,#9396,#9397));
#9382 = ORIENTED_EDGE('',*,*,#9383,.F.);
#9383 = EDGE_CURVE('',#9384,#9360,#9386,.T.);
#9384 = VERTEX_POINT('',#9385);
#9385 = CARTESIAN_POINT('',(-50.,-20.68337520964,28.));
#9386 = LINE('',#9387,#9388);
#9387 = CARTESIAN_POINT('',(-50.,-39.,28.));
#9388 = VECTOR('',#9389,1.);
#9389 = DIRECTION('',(0.,1.,0.));
#9390 = ORIENTED_EDGE('',*,*,#9391,.T.);
#9391 = EDGE_CURVE('',#9384,#9140,#9392,.T.);
#9392 = LINE('',#9393,#9394);
#9393 = CARTESIAN_POINT('',(-40.,-20.68337520964,28.));
#9394 = VECTOR('',#9395,1.);
#9395 = DIRECTION('',(1.,0.,-2.22044604925E-16));
#9396 = ORIENTED_EDGE('',*,*,#9148,.T.);
#9397 = ORIENTED_EDGE('',*,*,#9359,.F.);
#9398 = PLANE('',#9399);
#9399 = AXIS2_PLACEMENT_3D('',#9400,#9401,#9402);
#9400 = CARTESIAN_POINT('',(-58.,0.,28.));
#9401 = DIRECTION('',(0.,0.,1.));
#9402 = DIRECTION('',(1.,0.,0.));
#9403 = ADVANCED_FACE('',(#9404),#9474,.F.);
#9404 = FACE_BOUND('',#9405,.F.);
#9405 = EDGE_LOOP('',(#9406,#9407,#9415,#9424,#9432,#9441,#9449,#9456,
    #9457,#9458,#9466,#9473));
#9406 = ORIENTED_EDGE('',*,*,#9139,.F.);
#9407 = ORIENTED_EDGE('',*,*,#9408,.T.);
#9408 = EDGE_CURVE('',#9131,#9409,#9411,.T.);
#9409 = VERTEX_POINT('',#9410);
#9410 = CARTESIAN_POINT('',(-76.,-24.,17.));
#9411 = LINE('',#9412,#9413);
#9412 = CARTESIAN_POINT('',(-40.,-24.,17.));
#9413 = VECTOR('',#9414,1.);
#9414 = DIRECTION('',(-1.,-0.,-0.));
#9415 = ORIENTED_EDGE('',*,*,#9416,.T.);
#9416 = EDGE_CURVE('',#9409,#9417,#9419,.T.);
#9417 = VERTEX_POINT('',#9418);
#9418 = CARTESIAN_POINT('',(-76.,-20.68337520964,28.));
#9419 = CIRCLE('',#9420,6.);
#9420 = AXIS2_PLACEMENT_3D('',#9421,#9422,#9423);
#9421 = CARTESIAN_POINT('',(-76.,-24.,23.));
#9422 = DIRECTION('',(1.,0.,-2.22044604925E-16));
#9423 = DIRECTION('',(-2.22044604925E-16,0.,-1.));
#9424 = ORIENTED_EDGE('',*,*,#9425,.T.);
#9425 = EDGE_CURVE('',#9417,#9426,#9428,.T.);
#9426 = VERTEX_POINT('',#9427);
#9427 = CARTESIAN_POINT('',(-74.,-20.68337520964,28.));
#9428 = LINE('',#9429,#9430);
#9429 = CARTESIAN_POINT('',(-40.,-20.68337520964,28.));
#9430 = VECTOR('',#9431,1.);
#9431 = DIRECTION('',(1.,0.,-2.22044604925E-16));
#9432 = ORIENTED_EDGE('',*,*,#9433,.T.);
#9433 = EDGE_CURVE('',#9426,#9434,#9436,.T.);
#9434 = VERTEX_POINT('',#9435);
#9435 = CARTESIAN_POINT('',(-74.,-27.31662479035,28.));
#9436 = CIRCLE('',#9437,6.);
#9437 = AXIS2_PLACEMENT_3D('',#9438,#9439,#9440);
#9438 = CARTESIAN_POINT('',(-74.,-24.,23.));
#9439 = DIRECTION('',(1.,0.,-2.22044604925E-16));
#9440 = DIRECTION('',(-2.22044604925E-16,0.,-1.));
#9441 = ORIENTED_EDGE('',*,*,#9442,.F.);
#9442 = EDGE_CURVE('',#9443,#9434,#9445,.T.);
#9443 = VERTEX_POINT('',#9444);
#9444 = CARTESIAN_POINT('',(-76.,-27.31662479035,28.));
#9445 = LINE('',#9446,#9447);
#9446 = CARTESIAN_POINT('',(-40.,-27.31662479035,28.));
#9447 = VECTOR('',#9448,1.);
#9448 = DIRECTION('',(1.,0.,-2.22044604925E-16));
#9449 = ORIENTED_EDGE('',*,*,#9450,.T.);
#9450 = EDGE_CURVE('',#9443,#9409,#9451,.T.);
#9451 = CIRCLE('',#9452,6.);
#9452 = AXIS2_PLACEMENT_3D('',#9453,#9454,#9455);
#9453 = CARTESIAN_POINT('',(-76.,-24.,23.));
#9454 = DIRECTION('',(1.,0.,-2.22044604925E-16));
#9455 = DIRECTION('',(-2.22044604925E-16,0.,-1.));
#9456 = ORIENTED_EDGE('',*,*,#9408,.F.);
#9457 = ORIENTED_EDGE('',*,*,#9130,.F.);
#9458 = ORIENTED_EDGE('',*,*,#9459,.F.);
#9459 = EDGE_CURVE('',#9460,#9123,#9462,.T.);
#9460 = VERTEX_POINT('',#9461);
#9461 = CARTESIAN_POINT('',(-50.,-27.31662479035,28.));
#9462 = LINE('',#9463,#9464);
#9463 = CARTESIAN_POINT('',(-40.,-27.31662479035,28.));
#9464 = VECTOR('',#9465,1.);
#9465 = DIRECTION('',(1.,0.,-2.22044604925E-16));
#9466 = ORIENTED_EDGE('',*,*,#9467,.F.);
#9467 = EDGE_CURVE('',#9384,#9460,#9468,.T.);
#9468 = CIRCLE('',#9469,6.);
#9469 = AXIS2_PLACEMENT_3D('',#9470,#9471,#9472);
#9470 = CARTESIAN_POINT('',(-50.,-24.,23.));
#9471 = DIRECTION('',(1.,0.,-2.22044604925E-16));
#9472 = DIRECTION('',(-2.22044604925E-16,0.,-1.));
#9473 = ORIENTED_EDGE('',*,*,#9391,.T.);
#9474 = CYLINDRICAL_SURFACE('',#9475,6.);
#9475 = AXIS2_PLACEMENT_3D('',#9476,#9477,#9478);
#9476 = CARTESIAN_POINT('',(-40.,-24.,23.));
#9477 = DIRECTION('',(1.,0.,-2.22044604925E-16));
#9478 = DIRECTION('',(-2.22044604925E-16,0.,-1.));
#9479 = ADVANCED_FACE('',(#9480),#9498,.T.);
#9480 = FACE_BOUND('',#9481,.T.);
#9481 = EDGE_LOOP('',(#9482,#9490,#9496,#9497));
#9482 = ORIENTED_EDGE('',*,*,#9483,.F.);
#9483 = EDGE_CURVE('',#9484,#9460,#9486,.T.);
#9484 = VERTEX_POINT('',#9485);
#9485 = CARTESIAN_POINT('',(-50.,-39.,28.));
#9486 = LINE('',#9487,#9488);
#9487 = CARTESIAN_POINT('',(-50.,-39.,28.));
#9488 = VECTOR('',#9489,1.);
#9489 = DIRECTION('',(0.,1.,0.));
#9490 = ORIENTED_EDGE('',*,*,#9491,.T.);
#9491 = EDGE_CURVE('',#9484,#9115,#9492,.T.);
#9492 = LINE('',#9493,#9494);
#9493 = CARTESIAN_POINT('',(-76.,-39.,28.));
#9494 = VECTOR('',#9495,1.);
#9495 = DIRECTION('',(1.,0.,0.));
#9496 = ORIENTED_EDGE('',*,*,#9122,.T.);
#9497 = ORIENTED_EDGE('',*,*,#9459,.F.);
#9498 = PLANE('',#9499);
#9499 = AXIS2_PLACEMENT_3D('',#9500,#9501,#9502);
#9500 = CARTESIAN_POINT('',(-58.,0.,28.));
#9501 = DIRECTION('',(0.,0.,1.));
#9502 = DIRECTION('',(1.,0.,0.));
#9503 = ADVANCED_FACE('',(#9504),#9547,.T.);
#9504 = FACE_BOUND('',#9505,.T.);
#9505 = EDGE_LOOP('',(#9506,#9514,#9515,#9516,#9517,#9525,#9533,#9541));
#9506 = ORIENTED_EDGE('',*,*,#9507,.F.);
#9507 = EDGE_CURVE('',#9197,#9508,#9510,.T.);
#9508 = VERTEX_POINT('',#9509);
#9509 = CARTESIAN_POINT('',(-76.,-39.,28.));
#9510 = LINE('',#9511,#9512);
#9511 = CARTESIAN_POINT('',(-76.,-39.,12.));
#9512 = VECTOR('',#9513,1.);
#9513 = DIRECTION('',(0.,0.,1.));
#9514 = ORIENTED_EDGE('',*,*,#9196,.T.);
#9515 = ORIENTED_EDGE('',*,*,#9114,.T.);
#9516 = ORIENTED_EDGE('',*,*,#9491,.F.);
#9517 = ORIENTED_EDGE('',*,*,#9518,.T.);
#9518 = EDGE_CURVE('',#9484,#9519,#9521,.T.);
#9519 = VERTEX_POINT('',#9520);
#9520 = CARTESIAN_POINT('',(-50.,-39.,66.));
#9521 = LINE('',#9522,#9523);
#9522 = CARTESIAN_POINT('',(-50.,-39.,28.));
#9523 = VECTOR('',#9524,1.);
#9524 = DIRECTION('',(0.,0.,1.));
#9525 = ORIENTED_EDGE('',*,*,#9526,.F.);
#9526 = EDGE_CURVE('',#9527,#9519,#9529,.T.);
#9527 = VERTEX_POINT('',#9528);
#9528 = CARTESIAN_POINT('',(-74.,-39.,66.));
#9529 = LINE('',#9530,#9531);
#9530 = CARTESIAN_POINT('',(-74.,-39.,66.));
#9531 = VECTOR('',#9532,1.);
#9532 = DIRECTION('',(1.,0.,0.));
#9533 = ORIENTED_EDGE('',*,*,#9534,.F.);
#9534 = EDGE_CURVE('',#9535,#9527,#9537,.T.);
#9535 = VERTEX_POINT('',#9536);
#9536 = CARTESIAN_POINT('',(-74.,-39.,28.));
#9537 = LINE('',#9538,#9539);
#9538 = CARTESIAN_POINT('',(-74.,-39.,28.));
#9539 = VECTOR('',#9540,1.);
#9540 = DIRECTION('',(0.,0.,1.));
#9541 = ORIENTED_EDGE('',*,*,#9542,.F.);
#9542 = EDGE_CURVE('',#9508,#9535,#9543,.T.);
#9543 = LINE('',#9544,#9545);
#9544 = CARTESIAN_POINT('',(-76.,-39.,28.));
#9545 = VECTOR('',#9546,1.);
#9546 = DIRECTION('',(1.,0.,0.));
#9547 = PLANE('',#9548);
#9548 = AXIS2_PLACEMENT_3D('',#9549,#9550,#9551);
#9549 = CARTESIAN_POINT('',(-59.68888888888,-39.,36.466666666667));
#9550 = DIRECTION('',(-0.,-1.,-0.));
#9551 = DIRECTION('',(0.,0.,-1.));
#9552 = ADVANCED_FACE('',(#9553),#9580,.F.);
#9553 = FACE_BOUND('',#9554,.F.);
#9554 = EDGE_LOOP('',(#9555,#9556,#9557,#9563,#9564,#9565,#9571,#9572,
    #9573,#9579));
#9555 = ORIENTED_EDGE('',*,*,#9213,.F.);
#9556 = ORIENTED_EDGE('',*,*,#9229,.T.);
#9557 = ORIENTED_EDGE('',*,*,#9558,.T.);
#9558 = EDGE_CURVE('',#9230,#9317,#9559,.T.);
#9559 = LINE('',#9560,#9561);
#9560 = CARTESIAN_POINT('',(-76.,39.,28.));
#9561 = VECTOR('',#9562,1.);
#9562 = DIRECTION('',(0.,-1.,0.));
#9563 = ORIENTED_EDGE('',*,*,#9316,.F.);
#9564 = ORIENTED_EDGE('',*,*,#9350,.F.);
#9565 = ORIENTED_EDGE('',*,*,#9566,.T.);
#9566 = EDGE_CURVE('',#9343,#9417,#9567,.T.);
#9567 = LINE('',#9568,#9569);
#9568 = CARTESIAN_POINT('',(-76.,39.,28.));
#9569 = VECTOR('',#9570,1.);
#9570 = DIRECTION('',(0.,-1.,0.));
#9571 = ORIENTED_EDGE('',*,*,#9416,.F.);
#9572 = ORIENTED_EDGE('',*,*,#9450,.F.);
#9573 = ORIENTED_EDGE('',*,*,#9574,.T.);
#9574 = EDGE_CURVE('',#9443,#9508,#9575,.T.);
#9575 = LINE('',#9576,#9577);
#9576 = CARTESIAN_POINT('',(-76.,39.,28.));
#9577 = VECTOR('',#9578,1.);
#9578 = DIRECTION('',(0.,-1.,0.));
#9579 = ORIENTED_EDGE('',*,*,#9507,.F.);
#9580 = PLANE('',#9581);
#9581 = AXIS2_PLACEMENT_3D('',#9582,#9583,#9584);
#9582 = CARTESIAN_POINT('',(-76.,39.,12.));
#9583 = DIRECTION('',(1.,0.,0.));
#9584 = DIRECTION('',(0.,-1.,0.));
#9585 = ADVANCED_FACE('',(#9586),#9597,.T.);
#9586 = FACE_BOUND('',#9587,.T.);
#9587 = EDGE_LOOP('',(#9588,#9589,#9590,#9591));
#9588 = ORIENTED_EDGE('',*,*,#9237,.T.);
#9589 = ORIENTED_EDGE('',*,*,#9558,.T.);
#9590 = ORIENTED_EDGE('',*,*,#9325,.T.);
#9591 = ORIENTED_EDGE('',*,*,#9592,.F.);
#9592 = EDGE_CURVE('',#9238,#9326,#9593,.T.);
#9593 = LINE('',#9594,#9595);
#9594 = CARTESIAN_POINT('',(-74.,39.,28.));
#9595 = VECTOR('',#9596,1.);
#9596 = DIRECTION('',(0.,-1.,0.));
#9597 = PLANE('',#9598);
#9598 = AXIS2_PLACEMENT_3D('',#9599,#9600,#9601);
#9599 = CARTESIAN_POINT('',(-58.,0.,28.));
#9600 = DIRECTION('',(0.,0.,1.));
#9601 = DIRECTION('',(1.,0.,0.));
#9602 = ADVANCED_FACE('',(#9603),#9628,.F.);
#9603 = FACE_BOUND('',#9604,.F.);
#9604 = EDGE_LOOP('',(#9605,#9606,#9607,#9613,#9614,#9620,#9621,#9627));
#9605 = ORIENTED_EDGE('',*,*,#9592,.F.);
#9606 = ORIENTED_EDGE('',*,*,#9245,.T.);
#9607 = ORIENTED_EDGE('',*,*,#9608,.T.);
#9608 = EDGE_CURVE('',#9246,#9527,#9609,.T.);
#9609 = LINE('',#9610,#9611);
#9610 = CARTESIAN_POINT('',(-74.,39.,66.));
#9611 = VECTOR('',#9612,1.);
#9612 = DIRECTION('',(0.,-1.,0.));
#9613 = ORIENTED_EDGE('',*,*,#9534,.F.);
#9614 = ORIENTED_EDGE('',*,*,#9615,.F.);
#9615 = EDGE_CURVE('',#9434,#9535,#9616,.T.);
#9616 = LINE('',#9617,#9618);
#9617 = CARTESIAN_POINT('',(-74.,39.,28.));
#9618 = VECTOR('',#9619,1.);
#9619 = DIRECTION('',(0.,-1.,0.));
#9620 = ORIENTED_EDGE('',*,*,#9433,.F.);
#9621 = ORIENTED_EDGE('',*,*,#9622,.F.);
#9622 = EDGE_CURVE('',#9334,#9426,#9623,.T.);
#9623 = LINE('',#9624,#9625);
#9624 = CARTESIAN_POINT('',(-74.,39.,28.));
#9625 = VECTOR('',#9626,1.);
#9626 = DIRECTION('',(0.,-1.,0.));
#9627 = ORIENTED_EDGE('',*,*,#9333,.F.);
#9628 = PLANE('',#9629);
#9629 = AXIS2_PLACEMENT_3D('',#9630,#9631,#9632);
#9630 = CARTESIAN_POINT('',(-74.,39.,28.));
#9631 = DIRECTION('',(1.,0.,0.));
#9632 = DIRECTION('',(0.,-1.,0.));
#9633 = ADVANCED_FACE('',(#9634),#9645,.T.);
#9634 = FACE_BOUND('',#9635,.T.);
#9635 = EDGE_LOOP('',(#9636,#9637,#9643,#9644));
#9636 = ORIENTED_EDGE('',*,*,#9526,.T.);
#9637 = ORIENTED_EDGE('',*,*,#9638,.T.);
#9638 = EDGE_CURVE('',#9519,#9254,#9639,.T.);
#9639 = LINE('',#9640,#9641);
#9640 = CARTESIAN_POINT('',(-50.,-39.,66.));
#9641 = VECTOR('',#9642,1.);
#9642 = DIRECTION('',(0.,1.,0.));
#9643 = ORIENTED_EDGE('',*,*,#9253,.T.);
#9644 = ORIENTED_EDGE('',*,*,#9608,.T.);
#9645 = PLANE('',#9646);
#9646 = AXIS2_PLACEMENT_3D('',#9647,#9648,#9649);
#9647 = CARTESIAN_POINT('',(-62.,0.,66.));
#9648 = DIRECTION('',(0.,0.,1.));
#9649 = DIRECTION('',(1.,0.,0.));
#9650 = ADVANCED_FACE('',(#9651),#9661,.F.);
#9651 = FACE_BOUND('',#9652,.F.);
#9652 = EDGE_LOOP('',(#9653,#9654,#9655,#9656,#9657,#9658,#9659,#9660));
#9653 = ORIENTED_EDGE('',*,*,#9483,.F.);
#9654 = ORIENTED_EDGE('',*,*,#9518,.T.);
#9655 = ORIENTED_EDGE('',*,*,#9638,.T.);
#9656 = ORIENTED_EDGE('',*,*,#9261,.F.);
#9657 = ORIENTED_EDGE('',*,*,#9283,.F.);
#9658 = ORIENTED_EDGE('',*,*,#9367,.T.);
#9659 = ORIENTED_EDGE('',*,*,#9383,.F.);
#9660 = ORIENTED_EDGE('',*,*,#9467,.T.);
#9661 = PLANE('',#9662);
#9662 = AXIS2_PLACEMENT_3D('',#9663,#9664,#9665);
#9663 = CARTESIAN_POINT('',(-50.,-39.,28.));
#9664 = DIRECTION('',(-1.,0.,0.));
#9665 = DIRECTION('',(0.,1.,0.));
#9666 = ADVANCED_FACE('',(#9667),#9673,.T.);
#9667 = FACE_BOUND('',#9668,.T.);
#9668 = EDGE_LOOP('',(#9669,#9670,#9671,#9672));
#9669 = ORIENTED_EDGE('',*,*,#9342,.F.);
#9670 = ORIENTED_EDGE('',*,*,#9566,.T.);
#9671 = ORIENTED_EDGE('',*,*,#9425,.T.);
#9672 = ORIENTED_EDGE('',*,*,#9622,.F.);
#9673 = PLANE('',#9674);
#9674 = AXIS2_PLACEMENT_3D('',#9675,#9676,#9677);
#9675 = CARTESIAN_POINT('',(-58.,0.,28.));
#9676 = DIRECTION('',(0.,0.,1.));
#9677 = DIRECTION('',(1.,0.,0.));
#9678 = ADVANCED_FACE('',(#9679),#9685,.T.);
#9679 = FACE_BOUND('',#9680,.T.);
#9680 = EDGE_LOOP('',(#9681,#9682,#9683,#9684));
#9681 = ORIENTED_EDGE('',*,*,#9442,.F.);
#9682 = ORIENTED_EDGE('',*,*,#9574,.T.);
#9683 = ORIENTED_EDGE('',*,*,#9542,.T.);
#9684 = ORIENTED_EDGE('',*,*,#9615,.F.);
#9685 = PLANE('',#9686);
#9686 = AXIS2_PLACEMENT_3D('',#9687,#9688,#9689);
#9687 = CARTESIAN_POINT('',(-58.,0.,28.));
#9688 = DIRECTION('',(0.,0.,1.));
#9689 = DIRECTION('',(1.,0.,0.));
#9690 = ( GEOMETRIC_REPRESENTATION_CONTEXT(3) 
GLOBAL_UNCERTAINTY_ASSIGNED_CONTEXT((#9694)) 
GLOBAL_UNIT_ASSIGNED_CONTEXT((#9691,#9692,#9693)) REPRESENTATION_CONTEXT
('Context #1','3D Context with UNIT and UNCERTAINTY') );
#9691 = ( LENGTH_UNIT() NAMED_UNIT(*) SI_UNIT(.MILLI.,.METRE.) );
#9692 = ( NAMED_UNIT(*) PLANE_ANGLE_UNIT() SI_UNIT($,.RADIAN.) );
#9693 = ( NAMED_UNIT(*) SI_UNIT($,.STERADIAN.) SOLID_ANGLE_UNIT() );
#9694 = UNCERTAINTY_MEASURE_WITH_UNIT(LENGTH_MEASURE(1.E-07),#9691,
  'distance_accuracy_value','confusion accuracy');
#9695 = CONTEXT_DEPENDENT_SHAPE_REPRESENTATION(#9696,#9698);
#9696 = ( REPRESENTATION_RELATIONSHIP('','',#9097,#10) 
REPRESENTATION_RELATIONSHIP_WITH_TRANSFORMATION(#9697) 
SHAPE_REPRESENTATION_RELATIONSHIP() );
#9697 = ITEM_DEFINED_TRANSFORMATION('','',#11,#27);
#9698 = PRODUCT_DEFINITION_SHAPE('Placement','Placement of an item',
  #9699);
#9699 = NEXT_ASSEMBLY_USAGE_OCCURRENCE('15','02 | Feste Backe','',#5,
  #9092,$);
#9700 = PRODUCT_RELATED_PRODUCT_CATEGORY('part',$,(#9094));
#9701 = SHAPE_DEFINITION_REPRESENTATION(#9702,#9708);
#9702 = PRODUCT_DEFINITION_SHAPE('','',#9703);
#9703 = PRODUCT_DEFINITION('design','',#9704,#9707);
#9704 = PRODUCT_DEFINITION_FORMATION('','',#9705);
#9705 = PRODUCT('03 | Bewegliche Backe und Schlitten',
  '03 | Bewegliche Backe und Schlitten','',(#9706));
#9706 = PRODUCT_CONTEXT('',#2,'mechanical');
#9707 = PRODUCT_DEFINITION_CONTEXT('part definition',#2,'design');
#9708 = ADVANCED_BREP_SHAPE_REPRESENTATION('',(#11,#9709),#10100);
#9709 = MANIFOLD_SOLID_BREP('',#9710);
#9710 = CLOSED_SHELL('',(#9711,#9799,#9830,#9870,#9894,#9936,#9960,#9993
    ,#10018,#10043,#10069,#10086));
#9711 = ADVANCED_FACE('',(#9712,#9772,#9783),#9794,.F.);
#9712 = FACE_BOUND('',#9713,.F.);
#9713 = EDGE_LOOP('',(#9714,#9724,#9732,#9740,#9749,#9758,#9766));
#9714 = ORIENTED_EDGE('',*,*,#9715,.F.);
#9715 = EDGE_CURVE('',#9716,#9718,#9720,.T.);
#9716 = VERTEX_POINT('',#9717);
#9717 = CARTESIAN_POINT('',(49.,-39.,12.));
#9718 = VERTEX_POINT('',#9719);
#9719 = CARTESIAN_POINT('',(49.,39.,12.));
#9720 = LINE('',#9721,#9722);
#9721 = CARTESIAN_POINT('',(49.,-39.,12.));
#9722 = VECTOR('',#9723,1.);
#9723 = DIRECTION('',(0.,1.,0.));
#9724 = ORIENTED_EDGE('',*,*,#9725,.T.);
#9725 = EDGE_CURVE('',#9716,#9726,#9728,.T.);
#9726 = VERTEX_POINT('',#9727);
#9727 = CARTESIAN_POINT('',(49.,-39.,36.));
#9728 = LINE('',#9729,#9730);
#9729 = CARTESIAN_POINT('',(49.,-39.,12.));
#9730 = VECTOR('',#9731,1.);
#9731 = DIRECTION('',(0.,0.,1.));
#9732 = ORIENTED_EDGE('',*,*,#9733,.T.);
#9733 = EDGE_CURVE('',#9726,#9734,#9736,.T.);
#9734 = VERTEX_POINT('',#9735);
#9735 = CARTESIAN_POINT('',(49.,-1.268857754045,36.));
#9736 = LINE('',#9737,#9738);
#9737 = CARTESIAN_POINT('',(49.,-39.,36.));
#9738 = VECTOR('',#9739,1.);
#9739 = DIRECTION('',(0.,1.,0.));
#9740 = ORIENTED_EDGE('',*,*,#9741,.T.);
#9741 = EDGE_CURVE('',#9734,#9742,#9744,.T.);
#9742 = VERTEX_POINT('',#9743);
#9743 = CARTESIAN_POINT('',(49.,0.,19.9));
#9744 = CIRCLE('',#9745,8.1);
#9745 = AXIS2_PLACEMENT_3D('',#9746,#9747,#9748);
#9746 = CARTESIAN_POINT('',(49.,0.,28.));
#9747 = DIRECTION('',(1.,0.,-2.22044604925E-16));
#9748 = DIRECTION('',(-2.22044604925E-16,0.,-1.));
#9749 = ORIENTED_EDGE('',*,*,#9750,.T.);
#9750 = EDGE_CURVE('',#9742,#9751,#9753,.T.);
#9751 = VERTEX_POINT('',#9752);
#9752 = CARTESIAN_POINT('',(49.,1.268857754045,36.));
#9753 = CIRCLE('',#9754,8.1);
#9754 = AXIS2_PLACEMENT_3D('',#9755,#9756,#9757);
#9755 = CARTESIAN_POINT('',(49.,0.,28.));
#9756 = DIRECTION('',(1.,0.,-2.22044604925E-16));
#9757 = DIRECTION('',(-2.22044604925E-16,0.,-1.));
#9758 = ORIENTED_EDGE('',*,*,#9759,.T.);
#9759 = EDGE_CURVE('',#9751,#9760,#9762,.T.);
#9760 = VERTEX_POINT('',#9761);
#9761 = CARTESIAN_POINT('',(49.,39.,36.));
#9762 = LINE('',#9763,#9764);
#9763 = CARTESIAN_POINT('',(49.,-39.,36.));
#9764 = VECTOR('',#9765,1.);
#9765 = DIRECTION('',(0.,1.,0.));
#9766 = ORIENTED_EDGE('',*,*,#9767,.F.);
#9767 = EDGE_CURVE('',#9718,#9760,#9768,.T.);
#9768 = LINE('',#9769,#9770);
#9769 = CARTESIAN_POINT('',(49.,39.,12.));
#9770 = VECTOR('',#9771,1.);
#9771 = DIRECTION('',(0.,0.,1.));
#9772 = FACE_BOUND('',#9773,.F.);
#9773 = EDGE_LOOP('',(#9774));
#9774 = ORIENTED_EDGE('',*,*,#9775,.T.);
#9775 = EDGE_CURVE('',#9776,#9776,#9778,.T.);
#9776 = VERTEX_POINT('',#9777);
#9777 = CARTESIAN_POINT('',(49.,-24.,16.85));
#9778 = CIRCLE('',#9779,6.15);
#9779 = AXIS2_PLACEMENT_3D('',#9780,#9781,#9782);
#9780 = CARTESIAN_POINT('',(49.,-24.,23.));
#9781 = DIRECTION('',(1.,0.,-2.22044604925E-16));
#9782 = DIRECTION('',(-2.22044604925E-16,0.,-1.));
#9783 = FACE_BOUND('',#9784,.F.);
#9784 = EDGE_LOOP('',(#9785));
#9785 = ORIENTED_EDGE('',*,*,#9786,.T.);
#9786 = EDGE_CURVE('',#9787,#9787,#9789,.T.);
#9787 = VERTEX_POINT('',#9788);
#9788 = CARTESIAN_POINT('',(49.,24.,16.85));
#9789 = CIRCLE('',#9790,6.15);
#9790 = AXIS2_PLACEMENT_3D('',#9791,#9792,#9793);
#9791 = CARTESIAN_POINT('',(49.,24.,23.));
#9792 = DIRECTION('',(1.,0.,-2.22044604925E-16));
#9793 = DIRECTION('',(-2.22044604925E-16,0.,-1.));
#9794 = PLANE('',#9795);
#9795 = AXIS2_PLACEMENT_3D('',#9796,#9797,#9798);
#9796 = CARTESIAN_POINT('',(49.,-39.,12.));
#9797 = DIRECTION('',(-1.,0.,0.));
#9798 = DIRECTION('',(0.,1.,0.));
#9799 = ADVANCED_FACE('',(#9800),#9825,.F.);
#9800 = FACE_BOUND('',#9801,.F.);
#9801 = EDGE_LOOP('',(#9802,#9810,#9811,#9819));
#9802 = ORIENTED_EDGE('',*,*,#9803,.T.);
#9803 = EDGE_CURVE('',#9804,#9716,#9806,.T.);
#9804 = VERTEX_POINT('',#9805);
#9805 = CARTESIAN_POINT('',(16.,-39.,12.));
#9806 = LINE('',#9807,#9808);
#9807 = CARTESIAN_POINT('',(16.,-39.,12.));
#9808 = VECTOR('',#9809,1.);
#9809 = DIRECTION('',(1.,0.,0.));
#9810 = ORIENTED_EDGE('',*,*,#9715,.T.);
#9811 = ORIENTED_EDGE('',*,*,#9812,.T.);
#9812 = EDGE_CURVE('',#9718,#9813,#9815,.T.);
#9813 = VERTEX_POINT('',#9814);
#9814 = CARTESIAN_POINT('',(16.,39.,12.));
#9815 = LINE('',#9816,#9817);
#9816 = CARTESIAN_POINT('',(49.,39.,12.));
#9817 = VECTOR('',#9818,1.);
#9818 = DIRECTION('',(-1.,0.,0.));
#9819 = ORIENTED_EDGE('',*,*,#9820,.T.);
#9820 = EDGE_CURVE('',#9813,#9804,#9821,.T.);
#9821 = LINE('',#9822,#9823);
#9822 = CARTESIAN_POINT('',(16.,39.,12.));
#9823 = VECTOR('',#9824,1.);
#9824 = DIRECTION('',(0.,-1.,0.));
#9825 = PLANE('',#9826);
#9826 = AXIS2_PLACEMENT_3D('',#9827,#9828,#9829);
#9827 = CARTESIAN_POINT('',(32.5,0.,12.));
#9828 = DIRECTION('',(0.,0.,1.));
#9829 = DIRECTION('',(1.,0.,0.));
#9830 = ADVANCED_FACE('',(#9831),#9865,.T.);
#9831 = FACE_BOUND('',#9832,.T.);
#9832 = EDGE_LOOP('',(#9833,#9834,#9835,#9843,#9851,#9859));
#9833 = ORIENTED_EDGE('',*,*,#9767,.F.);
#9834 = ORIENTED_EDGE('',*,*,#9812,.T.);
#9835 = ORIENTED_EDGE('',*,*,#9836,.T.);
#9836 = EDGE_CURVE('',#9813,#9837,#9839,.T.);
#9837 = VERTEX_POINT('',#9838);
#9838 = CARTESIAN_POINT('',(16.,39.,66.));
#9839 = LINE('',#9840,#9841);
#9840 = CARTESIAN_POINT('',(16.,39.,36.));
#9841 = VECTOR('',#9842,1.);
#9842 = DIRECTION('',(0.,0.,1.));
#9843 = ORIENTED_EDGE('',*,*,#9844,.F.);
#9844 = EDGE_CURVE('',#9845,#9837,#9847,.T.);
#9845 = VERTEX_POINT('',#9846);
#9846 = CARTESIAN_POINT('',(37.,39.,66.));
#9847 = LINE('',#9848,#9849);
#9848 = CARTESIAN_POINT('',(37.,39.,66.));
#9849 = VECTOR('',#9850,1.);
#9850 = DIRECTION('',(-1.,0.,0.));
#9851 = ORIENTED_EDGE('',*,*,#9852,.F.);
#9852 = EDGE_CURVE('',#9853,#9845,#9855,.T.);
#9853 = VERTEX_POINT('',#9854);
#9854 = CARTESIAN_POINT('',(37.,39.,36.));
#9855 = LINE('',#9856,#9857);
#9856 = CARTESIAN_POINT('',(37.,39.,36.));
#9857 = VECTOR('',#9858,1.);
#9858 = DIRECTION('',(0.,0.,1.));
#9859 = ORIENTED_EDGE('',*,*,#9860,.F.);
#9860 = EDGE_CURVE('',#9760,#9853,#9861,.T.);
#9861 = LINE('',#9862,#9863);
#9862 = CARTESIAN_POINT('',(49.,39.,36.));
#9863 = VECTOR('',#9864,1.);
#9864 = DIRECTION('',(-1.,0.,0.));
#9865 = PLANE('',#9866);
#9866 = AXIS2_PLACEMENT_3D('',#9867,#9868,#9869);
#9867 = CARTESIAN_POINT('',(30.431034482759,39.,36.931034482759));
#9868 = DIRECTION('',(0.,1.,0.));
#9869 = DIRECTION('',(0.,0.,1.));
#9870 = ADVANCED_FACE('',(#9871),#9889,.T.);
#9871 = FACE_BOUND('',#9872,.T.);
#9872 = EDGE_LOOP('',(#9873,#9881,#9887,#9888));
#9873 = ORIENTED_EDGE('',*,*,#9874,.F.);
#9874 = EDGE_CURVE('',#9875,#9853,#9877,.T.);
#9875 = VERTEX_POINT('',#9876);
#9876 = CARTESIAN_POINT('',(37.,1.268857754045,36.));
#9877 = LINE('',#9878,#9879);
#9878 = CARTESIAN_POINT('',(37.,-39.,36.));
#9879 = VECTOR('',#9880,1.);
#9880 = DIRECTION('',(0.,1.,0.));
#9881 = ORIENTED_EDGE('',*,*,#9882,.T.);
#9882 = EDGE_CURVE('',#9875,#9751,#9883,.T.);
#9883 = LINE('',#9884,#9885);
#9884 = CARTESIAN_POINT('',(49.,1.268857754045,36.));
#9885 = VECTOR('',#9886,1.);
#9886 = DIRECTION('',(1.,0.,-2.22044604925E-16));
#9887 = ORIENTED_EDGE('',*,*,#9759,.T.);
#9888 = ORIENTED_EDGE('',*,*,#9860,.T.);
#9889 = PLANE('',#9890);
#9890 = AXIS2_PLACEMENT_3D('',#9891,#9892,#9893);
#9891 = CARTESIAN_POINT('',(32.5,0.,36.));
#9892 = DIRECTION('',(0.,0.,1.));
#9893 = DIRECTION('',(1.,0.,0.));
#9894 = ADVANCED_FACE('',(#9895),#9931,.F.);
#9895 = FACE_BOUND('',#9896,.F.);
#9896 = EDGE_LOOP('',(#9897,#9898,#9906,#9913,#9914,#9915,#9923,#9930));
#9897 = ORIENTED_EDGE('',*,*,#9750,.F.);
#9898 = ORIENTED_EDGE('',*,*,#9899,.T.);
#9899 = EDGE_CURVE('',#9742,#9900,#9902,.T.);
#9900 = VERTEX_POINT('',#9901);
#9901 = CARTESIAN_POINT('',(16.,0.,19.9));
#9902 = LINE('',#9903,#9904);
#9903 = CARTESIAN_POINT('',(49.,0.,19.9));
#9904 = VECTOR('',#9905,1.);
#9905 = DIRECTION('',(-1.,-0.,-0.));
#9906 = ORIENTED_EDGE('',*,*,#9907,.T.);
#9907 = EDGE_CURVE('',#9900,#9900,#9908,.T.);
#9908 = CIRCLE('',#9909,8.1);
#9909 = AXIS2_PLACEMENT_3D('',#9910,#9911,#9912);
#9910 = CARTESIAN_POINT('',(16.,0.,28.));
#9911 = DIRECTION('',(1.,0.,-2.22044604925E-16));
#9912 = DIRECTION('',(-2.22044604925E-16,0.,-1.));
#9913 = ORIENTED_EDGE('',*,*,#9899,.F.);
#9914 = ORIENTED_EDGE('',*,*,#9741,.F.);
#9915 = ORIENTED_EDGE('',*,*,#9916,.F.);
#9916 = EDGE_CURVE('',#9917,#9734,#9919,.T.);
#9917 = VERTEX_POINT('',#9918);
#9918 = CARTESIAN_POINT('',(37.,-1.268857754045,36.));
#9919 = LINE('',#9920,#9921);
#9920 = CARTESIAN_POINT('',(49.,-1.268857754045,36.));
#9921 = VECTOR('',#9922,1.);
#9922 = DIRECTION('',(1.,0.,-2.22044604925E-16));
#9923 = ORIENTED_EDGE('',*,*,#9924,.F.);
#9924 = EDGE_CURVE('',#9875,#9917,#9925,.T.);
#9925 = CIRCLE('',#9926,8.1);
#9926 = AXIS2_PLACEMENT_3D('',#9927,#9928,#9929);
#9927 = CARTESIAN_POINT('',(37.,0.,28.));
#9928 = DIRECTION('',(1.,0.,-2.22044604925E-16));
#9929 = DIRECTION('',(-2.22044604925E-16,0.,-1.));
#9930 = ORIENTED_EDGE('',*,*,#9882,.T.);
#9931 = CYLINDRICAL_SURFACE('',#9932,8.1);
#9932 = AXIS2_PLACEMENT_3D('',#9933,#9934,#9935);
#9933 = CARTESIAN_POINT('',(49.,0.,28.));
#9934 = DIRECTION('',(1.,0.,-2.22044604925E-16));
#9935 = DIRECTION('',(-2.22044604925E-16,0.,-1.));
#9936 = ADVANCED_FACE('',(#9937),#9955,.T.);
#9937 = FACE_BOUND('',#9938,.T.);
#9938 = EDGE_LOOP('',(#9939,#9947,#9953,#9954));
#9939 = ORIENTED_EDGE('',*,*,#9940,.F.);
#9940 = EDGE_CURVE('',#9941,#9917,#9943,.T.);
#9941 = VERTEX_POINT('',#9942);
#9942 = CARTESIAN_POINT('',(37.,-39.,36.));
#9943 = LINE('',#9944,#9945);
#9944 = CARTESIAN_POINT('',(37.,-39.,36.));
#9945 = VECTOR('',#9946,1.);
#9946 = DIRECTION('',(0.,1.,0.));
#9947 = ORIENTED_EDGE('',*,*,#9948,.T.);
#9948 = EDGE_CURVE('',#9941,#9726,#9949,.T.);
#9949 = LINE('',#9950,#9951);
#9950 = CARTESIAN_POINT('',(16.,-39.,36.));
#9951 = VECTOR('',#9952,1.);
#9952 = DIRECTION('',(1.,0.,0.));
#9953 = ORIENTED_EDGE('',*,*,#9733,.T.);
#9954 = ORIENTED_EDGE('',*,*,#9916,.F.);
#9955 = PLANE('',#9956);
#9956 = AXIS2_PLACEMENT_3D('',#9957,#9958,#9959);
#9957 = CARTESIAN_POINT('',(32.5,0.,36.));
#9958 = DIRECTION('',(0.,0.,1.));
#9959 = DIRECTION('',(1.,0.,0.));
#9960 = ADVANCED_FACE('',(#9961),#9988,.T.);
#9961 = FACE_BOUND('',#9962,.T.);
#9962 = EDGE_LOOP('',(#9963,#9964,#9965,#9966,#9974,#9982));
#9963 = ORIENTED_EDGE('',*,*,#9803,.T.);
#9964 = ORIENTED_EDGE('',*,*,#9725,.T.);
#9965 = ORIENTED_EDGE('',*,*,#9948,.F.);
#9966 = ORIENTED_EDGE('',*,*,#9967,.T.);
#9967 = EDGE_CURVE('',#9941,#9968,#9970,.T.);
#9968 = VERTEX_POINT('',#9969);
#9969 = CARTESIAN_POINT('',(37.,-39.,66.));
#9970 = LINE('',#9971,#9972);
#9971 = CARTESIAN_POINT('',(37.,-39.,36.));
#9972 = VECTOR('',#9973,1.);
#9973 = DIRECTION('',(0.,0.,1.));
#9974 = ORIENTED_EDGE('',*,*,#9975,.F.);
#9975 = EDGE_CURVE('',#9976,#9968,#9978,.T.);
#9976 = VERTEX_POINT('',#9977);
#9977 = CARTESIAN_POINT('',(16.,-39.,66.));
#9978 = LINE('',#9979,#9980);
#9979 = CARTESIAN_POINT('',(16.,-39.,66.));
#9980 = VECTOR('',#9981,1.);
#9981 = DIRECTION('',(1.,0.,0.));
#9982 = ORIENTED_EDGE('',*,*,#9983,.F.);
#9983 = EDGE_CURVE('',#9804,#9976,#9984,.T.);
#9984 = LINE('',#9985,#9986);
#9985 = CARTESIAN_POINT('',(16.,-39.,36.));
#9986 = VECTOR('',#9987,1.);
#9987 = DIRECTION('',(0.,0.,1.));
#9988 = PLANE('',#9989);
#9989 = AXIS2_PLACEMENT_3D('',#9990,#9991,#9992);
#9990 = CARTESIAN_POINT('',(30.431034482759,-39.,36.931034482759));
#9991 = DIRECTION('',(-0.,-1.,-0.));
#9992 = DIRECTION('',(0.,0.,-1.));
#9993 = ADVANCED_FACE('',(#9994),#10013,.F.);
#9994 = FACE_BOUND('',#9995,.F.);
#9995 = EDGE_LOOP('',(#9996,#10004,#10011,#10012));
#9996 = ORIENTED_EDGE('',*,*,#9997,.T.);
#9997 = EDGE_CURVE('',#9776,#9998,#10000,.T.);
#9998 = VERTEX_POINT('',#9999);
#9999 = CARTESIAN_POINT('',(16.,-24.,16.85));
#10000 = LINE('',#10001,#10002);
#10001 = CARTESIAN_POINT('',(49.,-24.,16.85));
#10002 = VECTOR('',#10003,1.);
#10003 = DIRECTION('',(-1.,-0.,-0.));
#10004 = ORIENTED_EDGE('',*,*,#10005,.T.);
#10005 = EDGE_CURVE('',#9998,#9998,#10006,.T.);
#10006 = CIRCLE('',#10007,6.15);
#10007 = AXIS2_PLACEMENT_3D('',#10008,#10009,#10010);
#10008 = CARTESIAN_POINT('',(16.,-24.,23.));
#10009 = DIRECTION('',(1.,0.,-2.22044604925E-16));
#10010 = DIRECTION('',(-2.22044604925E-16,0.,-1.));
#10011 = ORIENTED_EDGE('',*,*,#9997,.F.);
#10012 = ORIENTED_EDGE('',*,*,#9775,.F.);
#10013 = CYLINDRICAL_SURFACE('',#10014,6.15);
#10014 = AXIS2_PLACEMENT_3D('',#10015,#10016,#10017);
#10015 = CARTESIAN_POINT('',(49.,-24.,23.));
#10016 = DIRECTION('',(1.,0.,-2.22044604925E-16));
#10017 = DIRECTION('',(-2.22044604925E-16,0.,-1.));
#10018 = ADVANCED_FACE('',(#10019),#10038,.F.);
#10019 = FACE_BOUND('',#10020,.F.);
#10020 = EDGE_LOOP('',(#10021,#10029,#10036,#10037));
#10021 = ORIENTED_EDGE('',*,*,#10022,.T.);
#10022 = EDGE_CURVE('',#9787,#10023,#10025,.T.);
#10023 = VERTEX_POINT('',#10024);
#10024 = CARTESIAN_POINT('',(16.,24.,16.85));
#10025 = LINE('',#10026,#10027);
#10026 = CARTESIAN_POINT('',(49.,24.,16.85));
#10027 = VECTOR('',#10028,1.);
#10028 = DIRECTION('',(-1.,-0.,-0.));
#10029 = ORIENTED_EDGE('',*,*,#10030,.T.);
#10030 = EDGE_CURVE('',#10023,#10023,#10031,.T.);
#10031 = CIRCLE('',#10032,6.15);
#10032 = AXIS2_PLACEMENT_3D('',#10033,#10034,#10035);
#10033 = CARTESIAN_POINT('',(16.,24.,23.));
#10034 = DIRECTION('',(1.,0.,-2.22044604925E-16));
#10035 = DIRECTION('',(-2.22044604925E-16,0.,-1.));
#10036 = ORIENTED_EDGE('',*,*,#10022,.F.);
#10037 = ORIENTED_EDGE('',*,*,#9786,.F.);
#10038 = CYLINDRICAL_SURFACE('',#10039,6.15);
#10039 = AXIS2_PLACEMENT_3D('',#10040,#10041,#10042);
#10040 = CARTESIAN_POINT('',(49.,24.,23.));
#10041 = DIRECTION('',(1.,0.,-2.22044604925E-16));
#10042 = DIRECTION('',(-2.22044604925E-16,0.,-1.));
#10043 = ADVANCED_FACE('',(#10044,#10055,#10058,#10061),#10064,.T.);
#10044 = FACE_BOUND('',#10045,.T.);
#10045 = EDGE_LOOP('',(#10046,#10047,#10048,#10054));
#10046 = ORIENTED_EDGE('',*,*,#9820,.T.);
#10047 = ORIENTED_EDGE('',*,*,#9983,.T.);
#10048 = ORIENTED_EDGE('',*,*,#10049,.F.);
#10049 = EDGE_CURVE('',#9837,#9976,#10050,.T.);
#10050 = LINE('',#10051,#10052);
#10051 = CARTESIAN_POINT('',(16.,39.,66.));
#10052 = VECTOR('',#10053,1.);
#10053 = DIRECTION('',(0.,-1.,0.));
#10054 = ORIENTED_EDGE('',*,*,#9836,.F.);
#10055 = FACE_BOUND('',#10056,.T.);
#10056 = EDGE_LOOP('',(#10057));
#10057 = ORIENTED_EDGE('',*,*,#9907,.T.);
#10058 = FACE_BOUND('',#10059,.T.);
#10059 = EDGE_LOOP('',(#10060));
#10060 = ORIENTED_EDGE('',*,*,#10030,.T.);
#10061 = FACE_BOUND('',#10062,.T.);
#10062 = EDGE_LOOP('',(#10063));
#10063 = ORIENTED_EDGE('',*,*,#10005,.T.);
#10064 = PLANE('',#10065);
#10065 = AXIS2_PLACEMENT_3D('',#10066,#10067,#10068);
#10066 = CARTESIAN_POINT('',(16.,0.,39.));
#10067 = DIRECTION('',(-1.,-0.,-0.));
#10068 = DIRECTION('',(0.,0.,-1.));
#10069 = ADVANCED_FACE('',(#10070),#10081,.T.);
#10070 = FACE_BOUND('',#10071,.T.);
#10071 = EDGE_LOOP('',(#10072,#10073,#10079,#10080));
#10072 = ORIENTED_EDGE('',*,*,#9975,.T.);
#10073 = ORIENTED_EDGE('',*,*,#10074,.T.);
#10074 = EDGE_CURVE('',#9968,#9845,#10075,.T.);
#10075 = LINE('',#10076,#10077);
#10076 = CARTESIAN_POINT('',(37.,-39.,66.));
#10077 = VECTOR('',#10078,1.);
#10078 = DIRECTION('',(0.,1.,0.));
#10079 = ORIENTED_EDGE('',*,*,#9844,.T.);
#10080 = ORIENTED_EDGE('',*,*,#10049,.T.);
#10081 = PLANE('',#10082);
#10082 = AXIS2_PLACEMENT_3D('',#10083,#10084,#10085);
#10083 = CARTESIAN_POINT('',(26.5,0.,66.));
#10084 = DIRECTION('',(0.,0.,1.));
#10085 = DIRECTION('',(1.,0.,0.));
#10086 = ADVANCED_FACE('',(#10087),#10095,.F.);
#10087 = FACE_BOUND('',#10088,.F.);
#10088 = EDGE_LOOP('',(#10089,#10090,#10091,#10092,#10093,#10094));
#10089 = ORIENTED_EDGE('',*,*,#9940,.F.);
#10090 = ORIENTED_EDGE('',*,*,#9967,.T.);
#10091 = ORIENTED_EDGE('',*,*,#10074,.T.);
#10092 = ORIENTED_EDGE('',*,*,#9852,.F.);
#10093 = ORIENTED_EDGE('',*,*,#9874,.F.);
#10094 = ORIENTED_EDGE('',*,*,#9924,.T.);
#10095 = PLANE('',#10096);
#10096 = AXIS2_PLACEMENT_3D('',#10097,#10098,#10099);
#10097 = CARTESIAN_POINT('',(37.,-39.,36.));
#10098 = DIRECTION('',(-1.,0.,0.));
#10099 = DIRECTION('',(0.,1.,0.));
#10100 = ( GEOMETRIC_REPRESENTATION_CONTEXT(3) 
GLOBAL_UNCERTAINTY_ASSIGNED_CONTEXT((#10104)) 
GLOBAL_UNIT_ASSIGNED_CONTEXT((#10101,#10102,#10103)) 
REPRESENTATION_CONTEXT('Context #1',
  '3D Context with UNIT and UNCERTAINTY') );
#10101 = ( LENGTH_UNIT() NAMED_UNIT(*) SI_UNIT(.MILLI.,.METRE.) );
#10102 = ( NAMED_UNIT(*) PLANE_ANGLE_UNIT() SI_UNIT($,.RADIAN.) );
#10103 = ( NAMED_UNIT(*) SI_UNIT($,.STERADIAN.) SOLID_ANGLE_UNIT() );
#10104 = UNCERTAINTY_MEASURE_WITH_UNIT(LENGTH_MEASURE(1.E-07),#10101,
  'distance_accuracy_value','confusion accuracy');
#10105 = CONTEXT_DEPENDENT_SHAPE_REPRESENTATION(#10106,#10108);
#10106 = ( REPRESENTATION_RELATIONSHIP('','',#9708,#10) 
REPRESENTATION_RELATIONSHIP_WITH_TRANSFORMATION(#10107) 
SHAPE_REPRESENTATION_RELATIONSHIP() );
#10107 = ITEM_DEFINED_TRANSFORMATION('','',#11,#31);
#10108 = PRODUCT_DEFINITION_SHAPE('Placement','Placement of an item',
  #10109);
#10109 = NEXT_ASSEMBLY_USAGE_OCCURRENCE('16',
  '03 | Bewegliche Backe und Schlitten','',#5,#9703,$);
#10110 = PRODUCT_RELATED_PRODUCT_CATEGORY('part',$,(#9705));
#10111 = SHAPE_DEFINITION_REPRESENTATION(#10112,#10118);
#10112 = PRODUCT_DEFINITION_SHAPE('','',#10113);
#10113 = PRODUCT_DEFINITION('design','',#10114,#10117);
#10114 = PRODUCT_DEFINITION_FORMATION('','',#10115);
#10115 = PRODUCT('04 | Spindel-Lagerbock','04 | Spindel-Lagerbock','',(
    #10116));
#10116 = PRODUCT_CONTEXT('',#2,'mechanical');
#10117 = PRODUCT_DEFINITION_CONTEXT('part definition',#2,'design');
#10118 = ADVANCED_BREP_SHAPE_REPRESENTATION('',(#11,#10119),#10386);
#10119 = MANIFOLD_SOLID_BREP('',#10120);
#10120 = CLOSED_SHELL('',(#10121,#10161,#10225,#10289,#10306,#10323,
    #10335,#10352,#10369));
#10121 = ADVANCED_FACE('',(#10122),#10156,.F.);
#10122 = FACE_BOUND('',#10123,.F.);
#10123 = EDGE_LOOP('',(#10124,#10134,#10142,#10150));
#10124 = ORIENTED_EDGE('',*,*,#10125,.T.);
#10125 = EDGE_CURVE('',#10126,#10128,#10130,.T.);
#10126 = VERTEX_POINT('',#10127);
#10127 = CARTESIAN_POINT('',(67.,-39.,12.));
#10128 = VERTEX_POINT('',#10129);
#10129 = CARTESIAN_POINT('',(67.,-39.,43.));
#10130 = LINE('',#10131,#10132);
#10131 = CARTESIAN_POINT('',(67.,-39.,12.));
#10132 = VECTOR('',#10133,1.);
#10133 = DIRECTION('',(0.,0.,1.));
#10134 = ORIENTED_EDGE('',*,*,#10135,.T.);
#10135 = EDGE_CURVE('',#10128,#10136,#10138,.T.);
#10136 = VERTEX_POINT('',#10137);
#10137 = CARTESIAN_POINT('',(83.,-39.,43.));
#10138 = LINE('',#10139,#10140);
#10139 = CARTESIAN_POINT('',(67.,-39.,43.));
#10140 = VECTOR('',#10141,1.);
#10141 = DIRECTION('',(1.,0.,0.));
#10142 = ORIENTED_EDGE('',*,*,#10143,.F.);
#10143 = EDGE_CURVE('',#10144,#10136,#10146,.T.);
#10144 = VERTEX_POINT('',#10145);
#10145 = CARTESIAN_POINT('',(83.,-39.,12.));
#10146 = LINE('',#10147,#10148);
#10147 = CARTESIAN_POINT('',(83.,-39.,12.));
#10148 = VECTOR('',#10149,1.);
#10149 = DIRECTION('',(0.,0.,1.));
#10150 = ORIENTED_EDGE('',*,*,#10151,.F.);
#10151 = EDGE_CURVE('',#10126,#10144,#10152,.T.);
#10152 = LINE('',#10153,#10154);
#10153 = CARTESIAN_POINT('',(67.,-39.,12.));
#10154 = VECTOR('',#10155,1.);
#10155 = DIRECTION('',(1.,0.,0.));
#10156 = PLANE('',#10157);
#10157 = AXIS2_PLACEMENT_3D('',#10158,#10159,#10160);
#10158 = CARTESIAN_POINT('',(67.,-39.,12.));
#10159 = DIRECTION('',(0.,1.,0.));
#10160 = DIRECTION('',(1.,0.,0.));
#10161 = ADVANCED_FACE('',(#10162,#10187,#10198,#10209),#10220,.F.);
#10162 = FACE_BOUND('',#10163,.F.);
#10163 = EDGE_LOOP('',(#10164,#10174,#10180,#10181));
#10164 = ORIENTED_EDGE('',*,*,#10165,.T.);
#10165 = EDGE_CURVE('',#10166,#10168,#10170,.T.);
#10166 = VERTEX_POINT('',#10167);
#10167 = CARTESIAN_POINT('',(67.,39.,12.));
#10168 = VERTEX_POINT('',#10169);
#10169 = CARTESIAN_POINT('',(67.,39.,43.));
#10170 = LINE('',#10171,#10172);
#10171 = CARTESIAN_POINT('',(67.,39.,12.));
#10172 = VECTOR('',#10173,1.);
#10173 = DIRECTION('',(0.,0.,1.));
#10174 = ORIENTED_EDGE('',*,*,#10175,.T.);
#10175 = EDGE_CURVE('',#10168,#10128,#10176,.T.);
#10176 = LINE('',#10177,#10178);
#10177 = CARTESIAN_POINT('',(67.,39.,43.));
#10178 = VECTOR('',#10179,1.);
#10179 = DIRECTION('',(0.,-1.,0.));
#10180 = ORIENTED_EDGE('',*,*,#10125,.F.);
#10181 = ORIENTED_EDGE('',*,*,#10182,.F.);
#10182 = EDGE_CURVE('',#10166,#10126,#10183,.T.);
#10183 = LINE('',#10184,#10185);
#10184 = CARTESIAN_POINT('',(67.,39.,12.));
#10185 = VECTOR('',#10186,1.);
#10186 = DIRECTION('',(0.,-1.,0.));
#10187 = FACE_BOUND('',#10188,.F.);
#10188 = EDGE_LOOP('',(#10189));
#10189 = ORIENTED_EDGE('',*,*,#10190,.F.);
#10190 = EDGE_CURVE('',#10191,#10191,#10193,.T.);
#10191 = VERTEX_POINT('',#10192);
#10192 = CARTESIAN_POINT('',(67.,0.,21.4));
#10193 = CIRCLE('',#10194,6.6);
#10194 = AXIS2_PLACEMENT_3D('',#10195,#10196,#10197);
#10195 = CARTESIAN_POINT('',(67.,0.,28.));
#10196 = DIRECTION('',(1.,0.,-2.22044604925E-16));
#10197 = DIRECTION('',(-2.22044604925E-16,0.,-1.));
#10198 = FACE_BOUND('',#10199,.F.);
#10199 = EDGE_LOOP('',(#10200));
#10200 = ORIENTED_EDGE('',*,*,#10201,.F.);
#10201 = EDGE_CURVE('',#10202,#10202,#10204,.T.);
#10202 = VERTEX_POINT('',#10203);
#10203 = CARTESIAN_POINT('',(67.,24.,17.));
#10204 = CIRCLE('',#10205,6.);
#10205 = AXIS2_PLACEMENT_3D('',#10206,#10207,#10208);
#10206 = CARTESIAN_POINT('',(67.,24.,23.));
#10207 = DIRECTION('',(1.,0.,-2.22044604925E-16));
#10208 = DIRECTION('',(-2.22044604925E-16,0.,-1.));
#10209 = FACE_BOUND('',#10210,.F.);
#10210 = EDGE_LOOP('',(#10211));
#10211 = ORIENTED_EDGE('',*,*,#10212,.F.);
#10212 = EDGE_CURVE('',#10213,#10213,#10215,.T.);
#10213 = VERTEX_POINT('',#10214);
#10214 = CARTESIAN_POINT('',(67.,-24.,17.));
#10215 = CIRCLE('',#10216,6.);
#10216 = AXIS2_PLACEMENT_3D('',#10217,#10218,#10219);
#10217 = CARTESIAN_POINT('',(67.,-24.,23.));
#10218 = DIRECTION('',(1.,0.,-2.22044604925E-16));
#10219 = DIRECTION('',(-2.22044604925E-16,0.,-1.));
#10220 = PLANE('',#10221);
#10221 = AXIS2_PLACEMENT_3D('',#10222,#10223,#10224);
#10222 = CARTESIAN_POINT('',(67.,39.,12.));
#10223 = DIRECTION('',(1.,0.,0.));
#10224 = DIRECTION('',(0.,-1.,0.));
#10225 = ADVANCED_FACE('',(#10226,#10251,#10262,#10273),#10284,.F.);
#10226 = FACE_BOUND('',#10227,.F.);
#10227 = EDGE_LOOP('',(#10228,#10229,#10237,#10245));
#10228 = ORIENTED_EDGE('',*,*,#10143,.T.);
#10229 = ORIENTED_EDGE('',*,*,#10230,.T.);
#10230 = EDGE_CURVE('',#10136,#10231,#10233,.T.);
#10231 = VERTEX_POINT('',#10232);
#10232 = CARTESIAN_POINT('',(83.,39.,43.));
#10233 = LINE('',#10234,#10235);
#10234 = CARTESIAN_POINT('',(83.,-39.,43.));
#10235 = VECTOR('',#10236,1.);
#10236 = DIRECTION('',(0.,1.,0.));
#10237 = ORIENTED_EDGE('',*,*,#10238,.F.);
#10238 = EDGE_CURVE('',#10239,#10231,#10241,.T.);
#10239 = VERTEX_POINT('',#10240);
#10240 = CARTESIAN_POINT('',(83.,39.,12.));
#10241 = LINE('',#10242,#10243);
#10242 = CARTESIAN_POINT('',(83.,39.,12.));
#10243 = VECTOR('',#10244,1.);
#10244 = DIRECTION('',(0.,0.,1.));
#10245 = ORIENTED_EDGE('',*,*,#10246,.F.);
#10246 = EDGE_CURVE('',#10144,#10239,#10247,.T.);
#10247 = LINE('',#10248,#10249);
#10248 = CARTESIAN_POINT('',(83.,-39.,12.));
#10249 = VECTOR('',#10250,1.);
#10250 = DIRECTION('',(0.,1.,0.));
#10251 = FACE_BOUND('',#10252,.F.);
#10252 = EDGE_LOOP('',(#10253));
#10253 = ORIENTED_EDGE('',*,*,#10254,.T.);
#10254 = EDGE_CURVE('',#10255,#10255,#10257,.T.);
#10255 = VERTEX_POINT('',#10256);
#10256 = CARTESIAN_POINT('',(83.,0.,21.4));
#10257 = CIRCLE('',#10258,6.6);
#10258 = AXIS2_PLACEMENT_3D('',#10259,#10260,#10261);
#10259 = CARTESIAN_POINT('',(83.,0.,28.));
#10260 = DIRECTION('',(1.,0.,-2.22044604925E-16));
#10261 = DIRECTION('',(-2.22044604925E-16,0.,-1.));
#10262 = FACE_BOUND('',#10263,.F.);
#10263 = EDGE_LOOP('',(#10264));
#10264 = ORIENTED_EDGE('',*,*,#10265,.T.);
#10265 = EDGE_CURVE('',#10266,#10266,#10268,.T.);
#10266 = VERTEX_POINT('',#10267);
#10267 = CARTESIAN_POINT('',(83.,-24.,17.));
#10268 = CIRCLE('',#10269,6.);
#10269 = AXIS2_PLACEMENT_3D('',#10270,#10271,#10272);
#10270 = CARTESIAN_POINT('',(83.,-24.,23.));
#10271 = DIRECTION('',(1.,0.,-2.22044604925E-16));
#10272 = DIRECTION('',(-2.22044604925E-16,0.,-1.));
#10273 = FACE_BOUND('',#10274,.F.);
#10274 = EDGE_LOOP('',(#10275));
#10275 = ORIENTED_EDGE('',*,*,#10276,.T.);
#10276 = EDGE_CURVE('',#10277,#10277,#10279,.T.);
#10277 = VERTEX_POINT('',#10278);
#10278 = CARTESIAN_POINT('',(83.,24.,17.));
#10279 = CIRCLE('',#10280,6.);
#10280 = AXIS2_PLACEMENT_3D('',#10281,#10282,#10283);
#10281 = CARTESIAN_POINT('',(83.,24.,23.));
#10282 = DIRECTION('',(1.,0.,-2.22044604925E-16));
#10283 = DIRECTION('',(-2.22044604925E-16,0.,-1.));
#10284 = PLANE('',#10285);
#10285 = AXIS2_PLACEMENT_3D('',#10286,#10287,#10288);
#10286 = CARTESIAN_POINT('',(83.,-39.,12.));
#10287 = DIRECTION('',(-1.,0.,0.));
#10288 = DIRECTION('',(0.,1.,0.));
#10289 = ADVANCED_FACE('',(#10290),#10301,.F.);
#10290 = FACE_BOUND('',#10291,.F.);
#10291 = EDGE_LOOP('',(#10292,#10293,#10294,#10300));
#10292 = ORIENTED_EDGE('',*,*,#10151,.T.);
#10293 = ORIENTED_EDGE('',*,*,#10246,.T.);
#10294 = ORIENTED_EDGE('',*,*,#10295,.T.);
#10295 = EDGE_CURVE('',#10239,#10166,#10296,.T.);
#10296 = LINE('',#10297,#10298);
#10297 = CARTESIAN_POINT('',(83.,39.,12.));
#10298 = VECTOR('',#10299,1.);
#10299 = DIRECTION('',(-1.,0.,0.));
#10300 = ORIENTED_EDGE('',*,*,#10182,.T.);
#10301 = PLANE('',#10302);
#10302 = AXIS2_PLACEMENT_3D('',#10303,#10304,#10305);
#10303 = CARTESIAN_POINT('',(75.,0.,12.));
#10304 = DIRECTION('',(0.,0.,1.));
#10305 = DIRECTION('',(1.,0.,0.));
#10306 = ADVANCED_FACE('',(#10307),#10318,.T.);
#10307 = FACE_BOUND('',#10308,.T.);
#10308 = EDGE_LOOP('',(#10309,#10310,#10311,#10317));
#10309 = ORIENTED_EDGE('',*,*,#10135,.T.);
#10310 = ORIENTED_EDGE('',*,*,#10230,.T.);
#10311 = ORIENTED_EDGE('',*,*,#10312,.T.);
#10312 = EDGE_CURVE('',#10231,#10168,#10313,.T.);
#10313 = LINE('',#10314,#10315);
#10314 = CARTESIAN_POINT('',(83.,39.,43.));
#10315 = VECTOR('',#10316,1.);
#10316 = DIRECTION('',(-1.,0.,0.));
#10317 = ORIENTED_EDGE('',*,*,#10175,.T.);
#10318 = PLANE('',#10319);
#10319 = AXIS2_PLACEMENT_3D('',#10320,#10321,#10322);
#10320 = CARTESIAN_POINT('',(75.,0.,43.));
#10321 = DIRECTION('',(0.,0.,1.));
#10322 = DIRECTION('',(1.,0.,0.));
#10323 = ADVANCED_FACE('',(#10324),#10330,.F.);
#10324 = FACE_BOUND('',#10325,.F.);
#10325 = EDGE_LOOP('',(#10326,#10327,#10328,#10329));
#10326 = ORIENTED_EDGE('',*,*,#10238,.T.);
#10327 = ORIENTED_EDGE('',*,*,#10312,.T.);
#10328 = ORIENTED_EDGE('',*,*,#10165,.F.);
#10329 = ORIENTED_EDGE('',*,*,#10295,.F.);
#10330 = PLANE('',#10331);
#10331 = AXIS2_PLACEMENT_3D('',#10332,#10333,#10334);
#10332 = CARTESIAN_POINT('',(83.,39.,12.));
#10333 = DIRECTION('',(0.,-1.,0.));
#10334 = DIRECTION('',(-1.,0.,0.));
#10335 = ADVANCED_FACE('',(#10336),#10347,.F.);
#10336 = FACE_BOUND('',#10337,.F.);
#10337 = EDGE_LOOP('',(#10338,#10344,#10345,#10346));
#10338 = ORIENTED_EDGE('',*,*,#10339,.T.);
#10339 = EDGE_CURVE('',#10255,#10191,#10340,.T.);
#10340 = LINE('',#10341,#10342);
#10341 = CARTESIAN_POINT('',(83.,0.,21.4));
#10342 = VECTOR('',#10343,1.);
#10343 = DIRECTION('',(-1.,-0.,-0.));
#10344 = ORIENTED_EDGE('',*,*,#10190,.T.);
#10345 = ORIENTED_EDGE('',*,*,#10339,.F.);
#10346 = ORIENTED_EDGE('',*,*,#10254,.F.);
#10347 = CYLINDRICAL_SURFACE('',#10348,6.6);
#10348 = AXIS2_PLACEMENT_3D('',#10349,#10350,#10351);
#10349 = CARTESIAN_POINT('',(83.,0.,28.));
#10350 = DIRECTION('',(1.,0.,-2.22044604925E-16));
#10351 = DIRECTION('',(-2.22044604925E-16,0.,-1.));
#10352 = ADVANCED_FACE('',(#10353),#10364,.F.);
#10353 = FACE_BOUND('',#10354,.F.);
#10354 = EDGE_LOOP('',(#10355,#10361,#10362,#10363));
#10355 = ORIENTED_EDGE('',*,*,#10356,.T.);
#10356 = EDGE_CURVE('',#10277,#10202,#10357,.T.);
#10357 = LINE('',#10358,#10359);
#10358 = CARTESIAN_POINT('',(83.,24.,17.));
#10359 = VECTOR('',#10360,1.);
#10360 = DIRECTION('',(-1.,-0.,-0.));
#10361 = ORIENTED_EDGE('',*,*,#10201,.T.);
#10362 = ORIENTED_EDGE('',*,*,#10356,.F.);
#10363 = ORIENTED_EDGE('',*,*,#10276,.F.);
#10364 = CYLINDRICAL_SURFACE('',#10365,6.);
#10365 = AXIS2_PLACEMENT_3D('',#10366,#10367,#10368);
#10366 = CARTESIAN_POINT('',(83.,24.,23.));
#10367 = DIRECTION('',(1.,0.,-2.22044604925E-16));
#10368 = DIRECTION('',(-2.22044604925E-16,0.,-1.));
#10369 = ADVANCED_FACE('',(#10370),#10381,.F.);
#10370 = FACE_BOUND('',#10371,.F.);
#10371 = EDGE_LOOP('',(#10372,#10378,#10379,#10380));
#10372 = ORIENTED_EDGE('',*,*,#10373,.T.);
#10373 = EDGE_CURVE('',#10266,#10213,#10374,.T.);
#10374 = LINE('',#10375,#10376);
#10375 = CARTESIAN_POINT('',(83.,-24.,17.));
#10376 = VECTOR('',#10377,1.);
#10377 = DIRECTION('',(-1.,-0.,-0.));
#10378 = ORIENTED_EDGE('',*,*,#10212,.T.);
#10379 = ORIENTED_EDGE('',*,*,#10373,.F.);
#10380 = ORIENTED_EDGE('',*,*,#10265,.F.);
#10381 = CYLINDRICAL_SURFACE('',#10382,6.);
#10382 = AXIS2_PLACEMENT_3D('',#10383,#10384,#10385);
#10383 = CARTESIAN_POINT('',(83.,-24.,23.));
#10384 = DIRECTION('',(1.,0.,-2.22044604925E-16));
#10385 = DIRECTION('',(-2.22044604925E-16,0.,-1.));
#10386 = ( GEOMETRIC_REPRESENTATION_CONTEXT(3) 
GLOBAL_UNCERTAINTY_ASSIGNED_CONTEXT((#10390)) 
GLOBAL_UNIT_ASSIGNED_CONTEXT((#10387,#10388,#10389)) 
REPRESENTATION_CONTEXT('Context #1',
  '3D Context with UNIT and UNCERTAINTY') );
#10387 = ( LENGTH_UNIT() NAMED_UNIT(*) SI_UNIT(.MILLI.,.METRE.) );
#10388 = ( NAMED_UNIT(*) PLANE_ANGLE_UNIT() SI_UNIT($,.RADIAN.) );
#10389 = ( NAMED_UNIT(*) SI_UNIT($,.STERADIAN.) SOLID_ANGLE_UNIT() );
#10390 = UNCERTAINTY_MEASURE_WITH_UNIT(LENGTH_MEASURE(1.E-07),#10387,
  'distance_accuracy_value','confusion accuracy');
#10391 = CONTEXT_DEPENDENT_SHAPE_REPRESENTATION(#10392,#10394);
#10392 = ( REPRESENTATION_RELATIONSHIP('','',#10118,#10) 
REPRESENTATION_RELATIONSHIP_WITH_TRANSFORMATION(#10393) 
SHAPE_REPRESENTATION_RELATIONSHIP() );
#10393 = ITEM_DEFINED_TRANSFORMATION('','',#11,#35);
#10394 = PRODUCT_DEFINITION_SHAPE('Placement','Placement of an item',
  #10395);
#10395 = NEXT_ASSEMBLY_USAGE_OCCURRENCE('17','04 | Spindel-Lagerbock',''
  ,#5,#10113,$);
#10396 = PRODUCT_RELATED_PRODUCT_CATEGORY('part',$,(#10115));
#10397 = SHAPE_DEFINITION_REPRESENTATION(#10398,#10404);
#10398 = PRODUCT_DEFINITION_SHAPE('','',#10399);
#10399 = PRODUCT_DEFINITION('design','',#10400,#10403);
#10400 = PRODUCT_DEFINITION_FORMATION('','',#10401);
#10401 = PRODUCT('05 | Gehaertete feste Spannbacke',
  '05 | Gehaertete feste Spannbacke','',(#10402));
#10402 = PRODUCT_CONTEXT('',#2,'mechanical');
#10403 = PRODUCT_DEFINITION_CONTEXT('part definition',#2,'design');
#10404 = ADVANCED_BREP_SHAPE_REPRESENTATION('',(#11,#10405),#12955);
#10405 = MANIFOLD_SOLID_BREP('',#10406);
#10406 = CLOSED_SHELL('',(#10407,#10447,#10958,#11469,#11508,#11525,
    #11542,#11559,#11576,#11593,#11610,#11627,#11644,#11678,#11702,
    #11727,#11751,#11783,#11800,#11817,#11834,#11851,#11868,#11885,
    #11902,#11919,#11936,#11953,#11970,#11987,#12004,#12021,#12038,
    #12055,#12072,#12089,#12106,#12123,#12140,#12157,#12174,#12191,
    #12208,#12225,#12242,#12259,#12276,#12293,#12310,#12327,#12344,
    #12361,#12378,#12412,#12436,#12461,#12485,#12517,#12534,#12551,
    #12568,#12585,#12602,#12619,#12636,#12653,#12665,#12689,#12723,
    #12740,#12764,#12798,#12815,#12840,#12865,#12898,#12931,#12943));
#10407 = ADVANCED_FACE('',(#10408),#10442,.F.);
#10408 = FACE_BOUND('',#10409,.F.);
#10409 = EDGE_LOOP('',(#10410,#10420,#10428,#10436));
#10410 = ORIENTED_EDGE('',*,*,#10411,.T.);
#10411 = EDGE_CURVE('',#10412,#10414,#10416,.T.);
#10412 = VERTEX_POINT('',#10413);
#10413 = CARTESIAN_POINT('',(-50.,-39.,65.));
#10414 = VERTEX_POINT('',#10415);
#10415 = CARTESIAN_POINT('',(-46.,-39.,65.));
#10416 = LINE('',#10417,#10418);
#10417 = CARTESIAN_POINT('',(-50.,-39.,65.));
#10418 = VECTOR('',#10419,1.);
#10419 = DIRECTION('',(1.,0.,-1.33226762955E-15));
#10420 = ORIENTED_EDGE('',*,*,#10421,.T.);
#10421 = EDGE_CURVE('',#10414,#10422,#10424,.T.);
#10422 = VERTEX_POINT('',#10423);
#10423 = CARTESIAN_POINT('',(-46.,-39.,44.));
#10424 = LINE('',#10425,#10426);
#10425 = CARTESIAN_POINT('',(-46.,-39.,65.));
#10426 = VECTOR('',#10427,1.);
#10427 = DIRECTION('',(-1.554312234475E-15,0.,-1.));
#10428 = ORIENTED_EDGE('',*,*,#10429,.F.);
#10429 = EDGE_CURVE('',#10430,#10422,#10432,.T.);
#10430 = VERTEX_POINT('',#10431);
#10431 = CARTESIAN_POINT('',(-50.,-39.,44.));
#10432 = LINE('',#10433,#10434);
#10433 = CARTESIAN_POINT('',(-50.,-39.,44.));
#10434 = VECTOR('',#10435,1.);
#10435 = DIRECTION('',(1.,0.,-1.33226762955E-15));
#10436 = ORIENTED_EDGE('',*,*,#10437,.F.);
#10437 = EDGE_CURVE('',#10412,#10430,#10438,.T.);
#10438 = LINE('',#10439,#10440);
#10439 = CARTESIAN_POINT('',(-50.,-39.,65.));
#10440 = VECTOR('',#10441,1.);
#10441 = DIRECTION('',(-1.554312234475E-15,0.,-1.));
#10442 = PLANE('',#10443);
#10443 = AXIS2_PLACEMENT_3D('',#10444,#10445,#10446);
#10444 = CARTESIAN_POINT('',(-50.,-39.,65.));
#10445 = DIRECTION('',(0.,1.,0.));
#10446 = DIRECTION('',(-1.554312234475E-15,0.,-1.));
#10447 = ADVANCED_FACE('',(#10448),#10953,.F.);
#10448 = FACE_BOUND('',#10449,.F.);
#10449 = EDGE_LOOP('',(#10450,#10458,#10466,#10474,#10482,#10490,#10498,
    #10506,#10514,#10522,#10530,#10538,#10546,#10554,#10562,#10570,
    #10578,#10586,#10594,#10602,#10610,#10618,#10626,#10634,#10642,
    #10650,#10658,#10666,#10674,#10682,#10690,#10698,#10706,#10714,
    #10722,#10730,#10738,#10746,#10754,#10762,#10770,#10778,#10786,
    #10794,#10802,#10810,#10818,#10826,#10834,#10842,#10850,#10858,
    #10866,#10874,#10882,#10890,#10898,#10906,#10914,#10922,#10930,
    #10938,#10946,#10952));
#10450 = ORIENTED_EDGE('',*,*,#10451,.F.);
#10451 = EDGE_CURVE('',#10452,#10412,#10454,.T.);
#10452 = VERTEX_POINT('',#10453);
#10453 = CARTESIAN_POINT('',(-50.,39.,65.));
#10454 = LINE('',#10455,#10456);
#10455 = CARTESIAN_POINT('',(-50.,39.,65.));
#10456 = VECTOR('',#10457,1.);
#10457 = DIRECTION('',(0.,-1.,-0.));
#10458 = ORIENTED_EDGE('',*,*,#10459,.T.);
#10459 = EDGE_CURVE('',#10452,#10460,#10462,.T.);
#10460 = VERTEX_POINT('',#10461);
#10461 = CARTESIAN_POINT('',(-46.,39.,65.));
#10462 = LINE('',#10463,#10464);
#10463 = CARTESIAN_POINT('',(-50.,39.,65.));
#10464 = VECTOR('',#10465,1.);
#10465 = DIRECTION('',(1.,0.,-1.33226762955E-15));
#10466 = ORIENTED_EDGE('',*,*,#10467,.T.);
#10467 = EDGE_CURVE('',#10460,#10468,#10470,.T.);
#10468 = VERTEX_POINT('',#10469);
#10469 = CARTESIAN_POINT('',(-46.,35.4,65.));
#10470 = LINE('',#10471,#10472);
#10471 = CARTESIAN_POINT('',(-46.,39.,65.));
#10472 = VECTOR('',#10473,1.);
#10473 = DIRECTION('',(0.,-1.,-0.));
#10474 = ORIENTED_EDGE('',*,*,#10475,.T.);
#10475 = EDGE_CURVE('',#10468,#10476,#10478,.T.);
#10476 = VERTEX_POINT('',#10477);
#10477 = CARTESIAN_POINT('',(-46.8,35.4,65.));
#10478 = LINE('',#10479,#10480);
#10479 = CARTESIAN_POINT('',(-45.9,35.4,65.));
#10480 = VECTOR('',#10481,1.);
#10481 = DIRECTION('',(-1.,0.,6.661338147751E-16));
#10482 = ORIENTED_EDGE('',*,*,#10483,.T.);
#10483 = EDGE_CURVE('',#10476,#10484,#10486,.T.);
#10484 = VERTEX_POINT('',#10485);
#10485 = CARTESIAN_POINT('',(-46.8,34.6,65.));
#10486 = LINE('',#10487,#10488);
#10487 = CARTESIAN_POINT('',(-46.8,35.4,65.));
#10488 = VECTOR('',#10489,1.);
#10489 = DIRECTION('',(0.,-1.,0.));
#10490 = ORIENTED_EDGE('',*,*,#10491,.T.);
#10491 = EDGE_CURVE('',#10484,#10492,#10494,.T.);
#10492 = VERTEX_POINT('',#10493);
#10493 = CARTESIAN_POINT('',(-46.,34.6,65.));
#10494 = LINE('',#10495,#10496);
#10495 = CARTESIAN_POINT('',(-46.8,34.6,65.));
#10496 = VECTOR('',#10497,1.);
#10497 = DIRECTION('',(1.,0.,-6.661338147751E-16));
#10498 = ORIENTED_EDGE('',*,*,#10499,.T.);
#10499 = EDGE_CURVE('',#10492,#10500,#10502,.T.);
#10500 = VERTEX_POINT('',#10501);
#10501 = CARTESIAN_POINT('',(-46.,30.4,65.));
#10502 = LINE('',#10503,#10504);
#10503 = CARTESIAN_POINT('',(-46.,39.,65.));
#10504 = VECTOR('',#10505,1.);
#10505 = DIRECTION('',(0.,-1.,-0.));
#10506 = ORIENTED_EDGE('',*,*,#10507,.T.);
#10507 = EDGE_CURVE('',#10500,#10508,#10510,.T.);
#10508 = VERTEX_POINT('',#10509);
#10509 = CARTESIAN_POINT('',(-46.8,30.4,65.));
#10510 = LINE('',#10511,#10512);
#10511 = CARTESIAN_POINT('',(-45.9,30.4,65.));
#10512 = VECTOR('',#10513,1.);
#10513 = DIRECTION('',(-1.,0.,6.661338147751E-16));
#10514 = ORIENTED_EDGE('',*,*,#10515,.T.);
#10515 = EDGE_CURVE('',#10508,#10516,#10518,.T.);
#10516 = VERTEX_POINT('',#10517);
#10517 = CARTESIAN_POINT('',(-46.8,29.6,65.));
#10518 = LINE('',#10519,#10520);
#10519 = CARTESIAN_POINT('',(-46.8,30.4,65.));
#10520 = VECTOR('',#10521,1.);
#10521 = DIRECTION('',(0.,-1.,0.));
#10522 = ORIENTED_EDGE('',*,*,#10523,.T.);
#10523 = EDGE_CURVE('',#10516,#10524,#10526,.T.);
#10524 = VERTEX_POINT('',#10525);
#10525 = CARTESIAN_POINT('',(-46.,29.6,65.));
#10526 = LINE('',#10527,#10528);
#10527 = CARTESIAN_POINT('',(-46.8,29.6,65.));
#10528 = VECTOR('',#10529,1.);
#10529 = DIRECTION('',(1.,0.,-6.661338147751E-16));
#10530 = ORIENTED_EDGE('',*,*,#10531,.T.);
#10531 = EDGE_CURVE('',#10524,#10532,#10534,.T.);
#10532 = VERTEX_POINT('',#10533);
#10533 = CARTESIAN_POINT('',(-46.,25.4,65.));
#10534 = LINE('',#10535,#10536);
#10535 = CARTESIAN_POINT('',(-46.,39.,65.));
#10536 = VECTOR('',#10537,1.);
#10537 = DIRECTION('',(0.,-1.,-0.));
#10538 = ORIENTED_EDGE('',*,*,#10539,.T.);
#10539 = EDGE_CURVE('',#10532,#10540,#10542,.T.);
#10540 = VERTEX_POINT('',#10541);
#10541 = CARTESIAN_POINT('',(-46.8,25.4,65.));
#10542 = LINE('',#10543,#10544);
#10543 = CARTESIAN_POINT('',(-45.9,25.4,65.));
#10544 = VECTOR('',#10545,1.);
#10545 = DIRECTION('',(-1.,0.,6.661338147751E-16));
#10546 = ORIENTED_EDGE('',*,*,#10547,.T.);
#10547 = EDGE_CURVE('',#10540,#10548,#10550,.T.);
#10548 = VERTEX_POINT('',#10549);
#10549 = CARTESIAN_POINT('',(-46.8,24.6,65.));
#10550 = LINE('',#10551,#10552);
#10551 = CARTESIAN_POINT('',(-46.8,25.4,65.));
#10552 = VECTOR('',#10553,1.);
#10553 = DIRECTION('',(0.,-1.,0.));
#10554 = ORIENTED_EDGE('',*,*,#10555,.T.);
#10555 = EDGE_CURVE('',#10548,#10556,#10558,.T.);
#10556 = VERTEX_POINT('',#10557);
#10557 = CARTESIAN_POINT('',(-46.,24.6,65.));
#10558 = LINE('',#10559,#10560);
#10559 = CARTESIAN_POINT('',(-46.8,24.6,65.));
#10560 = VECTOR('',#10561,1.);
#10561 = DIRECTION('',(1.,0.,-6.661338147751E-16));
#10562 = ORIENTED_EDGE('',*,*,#10563,.T.);
#10563 = EDGE_CURVE('',#10556,#10564,#10566,.T.);
#10564 = VERTEX_POINT('',#10565);
#10565 = CARTESIAN_POINT('',(-46.,20.4,65.));
#10566 = LINE('',#10567,#10568);
#10567 = CARTESIAN_POINT('',(-46.,39.,65.));
#10568 = VECTOR('',#10569,1.);
#10569 = DIRECTION('',(0.,-1.,-0.));
#10570 = ORIENTED_EDGE('',*,*,#10571,.T.);
#10571 = EDGE_CURVE('',#10564,#10572,#10574,.T.);
#10572 = VERTEX_POINT('',#10573);
#10573 = CARTESIAN_POINT('',(-46.8,20.4,65.));
#10574 = LINE('',#10575,#10576);
#10575 = CARTESIAN_POINT('',(-45.9,20.4,65.));
#10576 = VECTOR('',#10577,1.);
#10577 = DIRECTION('',(-1.,0.,6.661338147751E-16));
#10578 = ORIENTED_EDGE('',*,*,#10579,.T.);
#10579 = EDGE_CURVE('',#10572,#10580,#10582,.T.);
#10580 = VERTEX_POINT('',#10581);
#10581 = CARTESIAN_POINT('',(-46.8,19.6,65.));
#10582 = LINE('',#10583,#10584);
#10583 = CARTESIAN_POINT('',(-46.8,20.4,65.));
#10584 = VECTOR('',#10585,1.);
#10585 = DIRECTION('',(0.,-1.,0.));
#10586 = ORIENTED_EDGE('',*,*,#10587,.T.);
#10587 = EDGE_CURVE('',#10580,#10588,#10590,.T.);
#10588 = VERTEX_POINT('',#10589);
#10589 = CARTESIAN_POINT('',(-46.,19.6,65.));
#10590 = LINE('',#10591,#10592);
#10591 = CARTESIAN_POINT('',(-46.8,19.6,65.));
#10592 = VECTOR('',#10593,1.);
#10593 = DIRECTION('',(1.,0.,-6.661338147751E-16));
#10594 = ORIENTED_EDGE('',*,*,#10595,.T.);
#10595 = EDGE_CURVE('',#10588,#10596,#10598,.T.);
#10596 = VERTEX_POINT('',#10597);
#10597 = CARTESIAN_POINT('',(-46.,15.4,65.));
#10598 = LINE('',#10599,#10600);
#10599 = CARTESIAN_POINT('',(-46.,39.,65.));
#10600 = VECTOR('',#10601,1.);
#10601 = DIRECTION('',(0.,-1.,-0.));
#10602 = ORIENTED_EDGE('',*,*,#10603,.T.);
#10603 = EDGE_CURVE('',#10596,#10604,#10606,.T.);
#10604 = VERTEX_POINT('',#10605);
#10605 = CARTESIAN_POINT('',(-46.8,15.4,65.));
#10606 = LINE('',#10607,#10608);
#10607 = CARTESIAN_POINT('',(-45.9,15.4,65.));
#10608 = VECTOR('',#10609,1.);
#10609 = DIRECTION('',(-1.,0.,6.661338147751E-16));
#10610 = ORIENTED_EDGE('',*,*,#10611,.T.);
#10611 = EDGE_CURVE('',#10604,#10612,#10614,.T.);
#10612 = VERTEX_POINT('',#10613);
#10613 = CARTESIAN_POINT('',(-46.8,14.6,65.));
#10614 = LINE('',#10615,#10616);
#10615 = CARTESIAN_POINT('',(-46.8,15.4,65.));
#10616 = VECTOR('',#10617,1.);
#10617 = DIRECTION('',(0.,-1.,0.));
#10618 = ORIENTED_EDGE('',*,*,#10619,.T.);
#10619 = EDGE_CURVE('',#10612,#10620,#10622,.T.);
#10620 = VERTEX_POINT('',#10621);
#10621 = CARTESIAN_POINT('',(-46.,14.6,65.));
#10622 = LINE('',#10623,#10624);
#10623 = CARTESIAN_POINT('',(-46.8,14.6,65.));
#10624 = VECTOR('',#10625,1.);
#10625 = DIRECTION('',(1.,0.,-6.661338147751E-16));
#10626 = ORIENTED_EDGE('',*,*,#10627,.T.);
#10627 = EDGE_CURVE('',#10620,#10628,#10630,.T.);
#10628 = VERTEX_POINT('',#10629);
#10629 = CARTESIAN_POINT('',(-46.,10.4,65.));
#10630 = LINE('',#10631,#10632);
#10631 = CARTESIAN_POINT('',(-46.,39.,65.));
#10632 = VECTOR('',#10633,1.);
#10633 = DIRECTION('',(0.,-1.,-0.));
#10634 = ORIENTED_EDGE('',*,*,#10635,.T.);
#10635 = EDGE_CURVE('',#10628,#10636,#10638,.T.);
#10636 = VERTEX_POINT('',#10637);
#10637 = CARTESIAN_POINT('',(-46.8,10.4,65.));
#10638 = LINE('',#10639,#10640);
#10639 = CARTESIAN_POINT('',(-45.9,10.4,65.));
#10640 = VECTOR('',#10641,1.);
#10641 = DIRECTION('',(-1.,0.,6.661338147751E-16));
#10642 = ORIENTED_EDGE('',*,*,#10643,.T.);
#10643 = EDGE_CURVE('',#10636,#10644,#10646,.T.);
#10644 = VERTEX_POINT('',#10645);
#10645 = CARTESIAN_POINT('',(-46.8,9.6,65.));
#10646 = LINE('',#10647,#10648);
#10647 = CARTESIAN_POINT('',(-46.8,10.4,65.));
#10648 = VECTOR('',#10649,1.);
#10649 = DIRECTION('',(0.,-1.,0.));
#10650 = ORIENTED_EDGE('',*,*,#10651,.T.);
#10651 = EDGE_CURVE('',#10644,#10652,#10654,.T.);
#10652 = VERTEX_POINT('',#10653);
#10653 = CARTESIAN_POINT('',(-46.,9.6,65.));
#10654 = LINE('',#10655,#10656);
#10655 = CARTESIAN_POINT('',(-46.8,9.6,65.));
#10656 = VECTOR('',#10657,1.);
#10657 = DIRECTION('',(1.,0.,-6.661338147751E-16));
#10658 = ORIENTED_EDGE('',*,*,#10659,.T.);
#10659 = EDGE_CURVE('',#10652,#10660,#10662,.T.);
#10660 = VERTEX_POINT('',#10661);
#10661 = CARTESIAN_POINT('',(-46.,5.4,65.));
#10662 = LINE('',#10663,#10664);
#10663 = CARTESIAN_POINT('',(-46.,39.,65.));
#10664 = VECTOR('',#10665,1.);
#10665 = DIRECTION('',(0.,-1.,-0.));
#10666 = ORIENTED_EDGE('',*,*,#10667,.T.);
#10667 = EDGE_CURVE('',#10660,#10668,#10670,.T.);
#10668 = VERTEX_POINT('',#10669);
#10669 = CARTESIAN_POINT('',(-46.8,5.4,65.));
#10670 = LINE('',#10671,#10672);
#10671 = CARTESIAN_POINT('',(-45.9,5.4,65.));
#10672 = VECTOR('',#10673,1.);
#10673 = DIRECTION('',(-1.,0.,6.661338147751E-16));
#10674 = ORIENTED_EDGE('',*,*,#10675,.T.);
#10675 = EDGE_CURVE('',#10668,#10676,#10678,.T.);
#10676 = VERTEX_POINT('',#10677);
#10677 = CARTESIAN_POINT('',(-46.8,4.6,65.));
#10678 = LINE('',#10679,#10680);
#10679 = CARTESIAN_POINT('',(-46.8,5.4,65.));
#10680 = VECTOR('',#10681,1.);
#10681 = DIRECTION('',(0.,-1.,0.));
#10682 = ORIENTED_EDGE('',*,*,#10683,.T.);
#10683 = EDGE_CURVE('',#10676,#10684,#10686,.T.);
#10684 = VERTEX_POINT('',#10685);
#10685 = CARTESIAN_POINT('',(-46.,4.6,65.));
#10686 = LINE('',#10687,#10688);
#10687 = CARTESIAN_POINT('',(-46.8,4.6,65.));
#10688 = VECTOR('',#10689,1.);
#10689 = DIRECTION('',(1.,0.,-6.661338147751E-16));
#10690 = ORIENTED_EDGE('',*,*,#10691,.T.);
#10691 = EDGE_CURVE('',#10684,#10692,#10694,.T.);
#10692 = VERTEX_POINT('',#10693);
#10693 = CARTESIAN_POINT('',(-46.,0.4,65.));
#10694 = LINE('',#10695,#10696);
#10695 = CARTESIAN_POINT('',(-46.,39.,65.));
#10696 = VECTOR('',#10697,1.);
#10697 = DIRECTION('',(0.,-1.,-0.));
#10698 = ORIENTED_EDGE('',*,*,#10699,.T.);
#10699 = EDGE_CURVE('',#10692,#10700,#10702,.T.);
#10700 = VERTEX_POINT('',#10701);
#10701 = CARTESIAN_POINT('',(-46.8,0.4,65.));
#10702 = LINE('',#10703,#10704);
#10703 = CARTESIAN_POINT('',(-45.9,0.4,65.));
#10704 = VECTOR('',#10705,1.);
#10705 = DIRECTION('',(-1.,0.,6.661338147751E-16));
#10706 = ORIENTED_EDGE('',*,*,#10707,.T.);
#10707 = EDGE_CURVE('',#10700,#10708,#10710,.T.);
#10708 = VERTEX_POINT('',#10709);
#10709 = CARTESIAN_POINT('',(-46.8,-0.4,65.));
#10710 = LINE('',#10711,#10712);
#10711 = CARTESIAN_POINT('',(-46.8,0.4,65.));
#10712 = VECTOR('',#10713,1.);
#10713 = DIRECTION('',(0.,-1.,0.));
#10714 = ORIENTED_EDGE('',*,*,#10715,.T.);
#10715 = EDGE_CURVE('',#10708,#10716,#10718,.T.);
#10716 = VERTEX_POINT('',#10717);
#10717 = CARTESIAN_POINT('',(-46.,-0.4,65.));
#10718 = LINE('',#10719,#10720);
#10719 = CARTESIAN_POINT('',(-46.8,-0.4,65.));
#10720 = VECTOR('',#10721,1.);
#10721 = DIRECTION('',(1.,0.,-6.661338147751E-16));
#10722 = ORIENTED_EDGE('',*,*,#10723,.T.);
#10723 = EDGE_CURVE('',#10716,#10724,#10726,.T.);
#10724 = VERTEX_POINT('',#10725);
#10725 = CARTESIAN_POINT('',(-46.,-4.6,65.));
#10726 = LINE('',#10727,#10728);
#10727 = CARTESIAN_POINT('',(-46.,39.,65.));
#10728 = VECTOR('',#10729,1.);
#10729 = DIRECTION('',(0.,-1.,-0.));
#10730 = ORIENTED_EDGE('',*,*,#10731,.T.);
#10731 = EDGE_CURVE('',#10724,#10732,#10734,.T.);
#10732 = VERTEX_POINT('',#10733);
#10733 = CARTESIAN_POINT('',(-46.8,-4.6,65.));
#10734 = LINE('',#10735,#10736);
#10735 = CARTESIAN_POINT('',(-45.9,-4.6,65.));
#10736 = VECTOR('',#10737,1.);
#10737 = DIRECTION('',(-1.,0.,6.661338147751E-16));
#10738 = ORIENTED_EDGE('',*,*,#10739,.T.);
#10739 = EDGE_CURVE('',#10732,#10740,#10742,.T.);
#10740 = VERTEX_POINT('',#10741);
#10741 = CARTESIAN_POINT('',(-46.8,-5.4,65.));
#10742 = LINE('',#10743,#10744);
#10743 = CARTESIAN_POINT('',(-46.8,-4.6,65.));
#10744 = VECTOR('',#10745,1.);
#10745 = DIRECTION('',(0.,-1.,0.));
#10746 = ORIENTED_EDGE('',*,*,#10747,.T.);
#10747 = EDGE_CURVE('',#10740,#10748,#10750,.T.);
#10748 = VERTEX_POINT('',#10749);
#10749 = CARTESIAN_POINT('',(-46.,-5.4,65.));
#10750 = LINE('',#10751,#10752);
#10751 = CARTESIAN_POINT('',(-46.8,-5.4,65.));
#10752 = VECTOR('',#10753,1.);
#10753 = DIRECTION('',(1.,0.,-6.661338147751E-16));
#10754 = ORIENTED_EDGE('',*,*,#10755,.T.);
#10755 = EDGE_CURVE('',#10748,#10756,#10758,.T.);
#10756 = VERTEX_POINT('',#10757);
#10757 = CARTESIAN_POINT('',(-46.,-9.6,65.));
#10758 = LINE('',#10759,#10760);
#10759 = CARTESIAN_POINT('',(-46.,39.,65.));
#10760 = VECTOR('',#10761,1.);
#10761 = DIRECTION('',(0.,-1.,-0.));
#10762 = ORIENTED_EDGE('',*,*,#10763,.T.);
#10763 = EDGE_CURVE('',#10756,#10764,#10766,.T.);
#10764 = VERTEX_POINT('',#10765);
#10765 = CARTESIAN_POINT('',(-46.8,-9.6,65.));
#10766 = LINE('',#10767,#10768);
#10767 = CARTESIAN_POINT('',(-45.9,-9.6,65.));
#10768 = VECTOR('',#10769,1.);
#10769 = DIRECTION('',(-1.,0.,6.661338147751E-16));
#10770 = ORIENTED_EDGE('',*,*,#10771,.T.);
#10771 = EDGE_CURVE('',#10764,#10772,#10774,.T.);
#10772 = VERTEX_POINT('',#10773);
#10773 = CARTESIAN_POINT('',(-46.8,-10.4,65.));
#10774 = LINE('',#10775,#10776);
#10775 = CARTESIAN_POINT('',(-46.8,-9.6,65.));
#10776 = VECTOR('',#10777,1.);
#10777 = DIRECTION('',(0.,-1.,0.));
#10778 = ORIENTED_EDGE('',*,*,#10779,.T.);
#10779 = EDGE_CURVE('',#10772,#10780,#10782,.T.);
#10780 = VERTEX_POINT('',#10781);
#10781 = CARTESIAN_POINT('',(-46.,-10.4,65.));
#10782 = LINE('',#10783,#10784);
#10783 = CARTESIAN_POINT('',(-46.8,-10.4,65.));
#10784 = VECTOR('',#10785,1.);
#10785 = DIRECTION('',(1.,0.,-6.661338147751E-16));
#10786 = ORIENTED_EDGE('',*,*,#10787,.T.);
#10787 = EDGE_CURVE('',#10780,#10788,#10790,.T.);
#10788 = VERTEX_POINT('',#10789);
#10789 = CARTESIAN_POINT('',(-46.,-14.6,65.));
#10790 = LINE('',#10791,#10792);
#10791 = CARTESIAN_POINT('',(-46.,39.,65.));
#10792 = VECTOR('',#10793,1.);
#10793 = DIRECTION('',(0.,-1.,-0.));
#10794 = ORIENTED_EDGE('',*,*,#10795,.T.);
#10795 = EDGE_CURVE('',#10788,#10796,#10798,.T.);
#10796 = VERTEX_POINT('',#10797);
#10797 = CARTESIAN_POINT('',(-46.8,-14.6,65.));
#10798 = LINE('',#10799,#10800);
#10799 = CARTESIAN_POINT('',(-45.9,-14.6,65.));
#10800 = VECTOR('',#10801,1.);
#10801 = DIRECTION('',(-1.,0.,6.661338147751E-16));
#10802 = ORIENTED_EDGE('',*,*,#10803,.T.);
#10803 = EDGE_CURVE('',#10796,#10804,#10806,.T.);
#10804 = VERTEX_POINT('',#10805);
#10805 = CARTESIAN_POINT('',(-46.8,-15.4,65.));
#10806 = LINE('',#10807,#10808);
#10807 = CARTESIAN_POINT('',(-46.8,-14.6,65.));
#10808 = VECTOR('',#10809,1.);
#10809 = DIRECTION('',(0.,-1.,0.));
#10810 = ORIENTED_EDGE('',*,*,#10811,.T.);
#10811 = EDGE_CURVE('',#10804,#10812,#10814,.T.);
#10812 = VERTEX_POINT('',#10813);
#10813 = CARTESIAN_POINT('',(-46.,-15.4,65.));
#10814 = LINE('',#10815,#10816);
#10815 = CARTESIAN_POINT('',(-46.8,-15.4,65.));
#10816 = VECTOR('',#10817,1.);
#10817 = DIRECTION('',(1.,0.,-6.661338147751E-16));
#10818 = ORIENTED_EDGE('',*,*,#10819,.T.);
#10819 = EDGE_CURVE('',#10812,#10820,#10822,.T.);
#10820 = VERTEX_POINT('',#10821);
#10821 = CARTESIAN_POINT('',(-46.,-19.6,65.));
#10822 = LINE('',#10823,#10824);
#10823 = CARTESIAN_POINT('',(-46.,39.,65.));
#10824 = VECTOR('',#10825,1.);
#10825 = DIRECTION('',(0.,-1.,-0.));
#10826 = ORIENTED_EDGE('',*,*,#10827,.T.);
#10827 = EDGE_CURVE('',#10820,#10828,#10830,.T.);
#10828 = VERTEX_POINT('',#10829);
#10829 = CARTESIAN_POINT('',(-46.8,-19.6,65.));
#10830 = LINE('',#10831,#10832);
#10831 = CARTESIAN_POINT('',(-45.9,-19.6,65.));
#10832 = VECTOR('',#10833,1.);
#10833 = DIRECTION('',(-1.,0.,6.661338147751E-16));
#10834 = ORIENTED_EDGE('',*,*,#10835,.T.);
#10835 = EDGE_CURVE('',#10828,#10836,#10838,.T.);
#10836 = VERTEX_POINT('',#10837);
#10837 = CARTESIAN_POINT('',(-46.8,-20.4,65.));
#10838 = LINE('',#10839,#10840);
#10839 = CARTESIAN_POINT('',(-46.8,-19.6,65.));
#10840 = VECTOR('',#10841,1.);
#10841 = DIRECTION('',(0.,-1.,0.));
#10842 = ORIENTED_EDGE('',*,*,#10843,.T.);
#10843 = EDGE_CURVE('',#10836,#10844,#10846,.T.);
#10844 = VERTEX_POINT('',#10845);
#10845 = CARTESIAN_POINT('',(-46.,-20.4,65.));
#10846 = LINE('',#10847,#10848);
#10847 = CARTESIAN_POINT('',(-46.8,-20.4,65.));
#10848 = VECTOR('',#10849,1.);
#10849 = DIRECTION('',(1.,0.,-6.661338147751E-16));
#10850 = ORIENTED_EDGE('',*,*,#10851,.T.);
#10851 = EDGE_CURVE('',#10844,#10852,#10854,.T.);
#10852 = VERTEX_POINT('',#10853);
#10853 = CARTESIAN_POINT('',(-46.,-24.6,65.));
#10854 = LINE('',#10855,#10856);
#10855 = CARTESIAN_POINT('',(-46.,39.,65.));
#10856 = VECTOR('',#10857,1.);
#10857 = DIRECTION('',(0.,-1.,-0.));
#10858 = ORIENTED_EDGE('',*,*,#10859,.T.);
#10859 = EDGE_CURVE('',#10852,#10860,#10862,.T.);
#10860 = VERTEX_POINT('',#10861);
#10861 = CARTESIAN_POINT('',(-46.8,-24.6,65.));
#10862 = LINE('',#10863,#10864);
#10863 = CARTESIAN_POINT('',(-45.9,-24.6,65.));
#10864 = VECTOR('',#10865,1.);
#10865 = DIRECTION('',(-1.,0.,6.661338147751E-16));
#10866 = ORIENTED_EDGE('',*,*,#10867,.T.);
#10867 = EDGE_CURVE('',#10860,#10868,#10870,.T.);
#10868 = VERTEX_POINT('',#10869);
#10869 = CARTESIAN_POINT('',(-46.8,-25.4,65.));
#10870 = LINE('',#10871,#10872);
#10871 = CARTESIAN_POINT('',(-46.8,-24.6,65.));
#10872 = VECTOR('',#10873,1.);
#10873 = DIRECTION('',(0.,-1.,0.));
#10874 = ORIENTED_EDGE('',*,*,#10875,.T.);
#10875 = EDGE_CURVE('',#10868,#10876,#10878,.T.);
#10876 = VERTEX_POINT('',#10877);
#10877 = CARTESIAN_POINT('',(-46.,-25.4,65.));
#10878 = LINE('',#10879,#10880);
#10879 = CARTESIAN_POINT('',(-46.8,-25.4,65.));
#10880 = VECTOR('',#10881,1.);
#10881 = DIRECTION('',(1.,0.,-6.661338147751E-16));
#10882 = ORIENTED_EDGE('',*,*,#10883,.T.);
#10883 = EDGE_CURVE('',#10876,#10884,#10886,.T.);
#10884 = VERTEX_POINT('',#10885);
#10885 = CARTESIAN_POINT('',(-46.,-29.6,65.));
#10886 = LINE('',#10887,#10888);
#10887 = CARTESIAN_POINT('',(-46.,39.,65.));
#10888 = VECTOR('',#10889,1.);
#10889 = DIRECTION('',(0.,-1.,-0.));
#10890 = ORIENTED_EDGE('',*,*,#10891,.T.);
#10891 = EDGE_CURVE('',#10884,#10892,#10894,.T.);
#10892 = VERTEX_POINT('',#10893);
#10893 = CARTESIAN_POINT('',(-46.8,-29.6,65.));
#10894 = LINE('',#10895,#10896);
#10895 = CARTESIAN_POINT('',(-45.9,-29.6,65.));
#10896 = VECTOR('',#10897,1.);
#10897 = DIRECTION('',(-1.,0.,6.661338147751E-16));
#10898 = ORIENTED_EDGE('',*,*,#10899,.T.);
#10899 = EDGE_CURVE('',#10892,#10900,#10902,.T.);
#10900 = VERTEX_POINT('',#10901);
#10901 = CARTESIAN_POINT('',(-46.8,-30.4,65.));
#10902 = LINE('',#10903,#10904);
#10903 = CARTESIAN_POINT('',(-46.8,-29.6,65.));
#10904 = VECTOR('',#10905,1.);
#10905 = DIRECTION('',(0.,-1.,0.));
#10906 = ORIENTED_EDGE('',*,*,#10907,.T.);
#10907 = EDGE_CURVE('',#10900,#10908,#10910,.T.);
#10908 = VERTEX_POINT('',#10909);
#10909 = CARTESIAN_POINT('',(-46.,-30.4,65.));
#10910 = LINE('',#10911,#10912);
#10911 = CARTESIAN_POINT('',(-46.8,-30.4,65.));
#10912 = VECTOR('',#10913,1.);
#10913 = DIRECTION('',(1.,0.,-6.661338147751E-16));
#10914 = ORIENTED_EDGE('',*,*,#10915,.T.);
#10915 = EDGE_CURVE('',#10908,#10916,#10918,.T.);
#10916 = VERTEX_POINT('',#10917);
#10917 = CARTESIAN_POINT('',(-46.,-34.6,65.));
#10918 = LINE('',#10919,#10920);
#10919 = CARTESIAN_POINT('',(-46.,39.,65.));
#10920 = VECTOR('',#10921,1.);
#10921 = DIRECTION('',(0.,-1.,-0.));
#10922 = ORIENTED_EDGE('',*,*,#10923,.T.);
#10923 = EDGE_CURVE('',#10916,#10924,#10926,.T.);
#10924 = VERTEX_POINT('',#10925);
#10925 = CARTESIAN_POINT('',(-46.8,-34.6,65.));
#10926 = LINE('',#10927,#10928);
#10927 = CARTESIAN_POINT('',(-45.9,-34.6,65.));
#10928 = VECTOR('',#10929,1.);
#10929 = DIRECTION('',(-1.,0.,9.992007221626E-16));
#10930 = ORIENTED_EDGE('',*,*,#10931,.T.);
#10931 = EDGE_CURVE('',#10924,#10932,#10934,.T.);
#10932 = VERTEX_POINT('',#10933);
#10933 = CARTESIAN_POINT('',(-46.8,-35.4,65.));
#10934 = LINE('',#10935,#10936);
#10935 = CARTESIAN_POINT('',(-46.8,-34.6,65.));
#10936 = VECTOR('',#10937,1.);
#10937 = DIRECTION('',(0.,-1.,0.));
#10938 = ORIENTED_EDGE('',*,*,#10939,.T.);
#10939 = EDGE_CURVE('',#10932,#10940,#10942,.T.);
#10940 = VERTEX_POINT('',#10941);
#10941 = CARTESIAN_POINT('',(-46.,-35.4,65.));
#10942 = LINE('',#10943,#10944);
#10943 = CARTESIAN_POINT('',(-46.8,-35.4,65.));
#10944 = VECTOR('',#10945,1.);
#10945 = DIRECTION('',(1.,0.,-9.992007221626E-16));
#10946 = ORIENTED_EDGE('',*,*,#10947,.T.);
#10947 = EDGE_CURVE('',#10940,#10414,#10948,.T.);
#10948 = LINE('',#10949,#10950);
#10949 = CARTESIAN_POINT('',(-46.,39.,65.));
#10950 = VECTOR('',#10951,1.);
#10951 = DIRECTION('',(0.,-1.,-0.));
#10952 = ORIENTED_EDGE('',*,*,#10411,.F.);
#10953 = PLANE('',#10954);
#10954 = AXIS2_PLACEMENT_3D('',#10955,#10956,#10957);
#10955 = CARTESIAN_POINT('',(-50.,39.,65.));
#10956 = DIRECTION('',(-1.33226762955E-15,0.,-1.));
#10957 = DIRECTION('',(0.,-1.,-0.));
#10958 = ADVANCED_FACE('',(#10959),#11464,.F.);
#10959 = FACE_BOUND('',#10960,.F.);
#10960 = EDGE_LOOP('',(#10961,#10969,#10970,#10978,#10986,#10994,#11002,
    #11010,#11018,#11026,#11034,#11042,#11050,#11058,#11066,#11074,
    #11082,#11090,#11098,#11106,#11114,#11122,#11130,#11138,#11146,
    #11154,#11162,#11170,#11178,#11186,#11194,#11202,#11210,#11218,
    #11226,#11234,#11242,#11250,#11258,#11266,#11274,#11282,#11290,
    #11298,#11306,#11314,#11322,#11330,#11338,#11346,#11354,#11362,
    #11370,#11378,#11386,#11394,#11402,#11410,#11418,#11426,#11434,
    #11442,#11450,#11458));
#10961 = ORIENTED_EDGE('',*,*,#10962,.F.);
#10962 = EDGE_CURVE('',#10430,#10963,#10965,.T.);
#10963 = VERTEX_POINT('',#10964);
#10964 = CARTESIAN_POINT('',(-50.,39.,44.));
#10965 = LINE('',#10966,#10967);
#10966 = CARTESIAN_POINT('',(-50.,-39.,44.));
#10967 = VECTOR('',#10968,1.);
#10968 = DIRECTION('',(0.,1.,0.));
#10969 = ORIENTED_EDGE('',*,*,#10429,.T.);
#10970 = ORIENTED_EDGE('',*,*,#10971,.T.);
#10971 = EDGE_CURVE('',#10422,#10972,#10974,.T.);
#10972 = VERTEX_POINT('',#10973);
#10973 = CARTESIAN_POINT('',(-46.,-35.4,44.));
#10974 = LINE('',#10975,#10976);
#10975 = CARTESIAN_POINT('',(-46.,-39.,44.));
#10976 = VECTOR('',#10977,1.);
#10977 = DIRECTION('',(0.,1.,0.));
#10978 = ORIENTED_EDGE('',*,*,#10979,.F.);
#10979 = EDGE_CURVE('',#10980,#10972,#10982,.T.);
#10980 = VERTEX_POINT('',#10981);
#10981 = CARTESIAN_POINT('',(-46.8,-35.4,44.));
#10982 = LINE('',#10983,#10984);
#10983 = CARTESIAN_POINT('',(-46.8,-35.4,44.));
#10984 = VECTOR('',#10985,1.);
#10985 = DIRECTION('',(1.,0.,-9.992007221626E-16));
#10986 = ORIENTED_EDGE('',*,*,#10987,.F.);
#10987 = EDGE_CURVE('',#10988,#10980,#10990,.T.);
#10988 = VERTEX_POINT('',#10989);
#10989 = CARTESIAN_POINT('',(-46.8,-34.6,44.));
#10990 = LINE('',#10991,#10992);
#10991 = CARTESIAN_POINT('',(-46.8,-34.6,44.));
#10992 = VECTOR('',#10993,1.);
#10993 = DIRECTION('',(0.,-1.,0.));
#10994 = ORIENTED_EDGE('',*,*,#10995,.F.);
#10995 = EDGE_CURVE('',#10996,#10988,#10998,.T.);
#10996 = VERTEX_POINT('',#10997);
#10997 = CARTESIAN_POINT('',(-46.,-34.6,44.));
#10998 = LINE('',#10999,#11000);
#10999 = CARTESIAN_POINT('',(-45.9,-34.6,44.));
#11000 = VECTOR('',#11001,1.);
#11001 = DIRECTION('',(-1.,0.,9.992007221626E-16));
#11002 = ORIENTED_EDGE('',*,*,#11003,.T.);
#11003 = EDGE_CURVE('',#10996,#11004,#11006,.T.);
#11004 = VERTEX_POINT('',#11005);
#11005 = CARTESIAN_POINT('',(-46.,-30.4,44.));
#11006 = LINE('',#11007,#11008);
#11007 = CARTESIAN_POINT('',(-46.,-39.,44.));
#11008 = VECTOR('',#11009,1.);
#11009 = DIRECTION('',(0.,1.,0.));
#11010 = ORIENTED_EDGE('',*,*,#11011,.F.);
#11011 = EDGE_CURVE('',#11012,#11004,#11014,.T.);
#11012 = VERTEX_POINT('',#11013);
#11013 = CARTESIAN_POINT('',(-46.8,-30.4,44.));
#11014 = LINE('',#11015,#11016);
#11015 = CARTESIAN_POINT('',(-46.8,-30.4,44.));
#11016 = VECTOR('',#11017,1.);
#11017 = DIRECTION('',(1.,0.,-6.661338147751E-16));
#11018 = ORIENTED_EDGE('',*,*,#11019,.F.);
#11019 = EDGE_CURVE('',#11020,#11012,#11022,.T.);
#11020 = VERTEX_POINT('',#11021);
#11021 = CARTESIAN_POINT('',(-46.8,-29.6,44.));
#11022 = LINE('',#11023,#11024);
#11023 = CARTESIAN_POINT('',(-46.8,-29.6,44.));
#11024 = VECTOR('',#11025,1.);
#11025 = DIRECTION('',(0.,-1.,0.));
#11026 = ORIENTED_EDGE('',*,*,#11027,.F.);
#11027 = EDGE_CURVE('',#11028,#11020,#11030,.T.);
#11028 = VERTEX_POINT('',#11029);
#11029 = CARTESIAN_POINT('',(-46.,-29.6,44.));
#11030 = LINE('',#11031,#11032);
#11031 = CARTESIAN_POINT('',(-45.9,-29.6,44.));
#11032 = VECTOR('',#11033,1.);
#11033 = DIRECTION('',(-1.,0.,6.661338147751E-16));
#11034 = ORIENTED_EDGE('',*,*,#11035,.T.);
#11035 = EDGE_CURVE('',#11028,#11036,#11038,.T.);
#11036 = VERTEX_POINT('',#11037);
#11037 = CARTESIAN_POINT('',(-46.,-25.4,44.));
#11038 = LINE('',#11039,#11040);
#11039 = CARTESIAN_POINT('',(-46.,-39.,44.));
#11040 = VECTOR('',#11041,1.);
#11041 = DIRECTION('',(0.,1.,0.));
#11042 = ORIENTED_EDGE('',*,*,#11043,.F.);
#11043 = EDGE_CURVE('',#11044,#11036,#11046,.T.);
#11044 = VERTEX_POINT('',#11045);
#11045 = CARTESIAN_POINT('',(-46.8,-25.4,44.));
#11046 = LINE('',#11047,#11048);
#11047 = CARTESIAN_POINT('',(-46.8,-25.4,44.));
#11048 = VECTOR('',#11049,1.);
#11049 = DIRECTION('',(1.,0.,-6.661338147751E-16));
#11050 = ORIENTED_EDGE('',*,*,#11051,.F.);
#11051 = EDGE_CURVE('',#11052,#11044,#11054,.T.);
#11052 = VERTEX_POINT('',#11053);
#11053 = CARTESIAN_POINT('',(-46.8,-24.6,44.));
#11054 = LINE('',#11055,#11056);
#11055 = CARTESIAN_POINT('',(-46.8,-24.6,44.));
#11056 = VECTOR('',#11057,1.);
#11057 = DIRECTION('',(0.,-1.,0.));
#11058 = ORIENTED_EDGE('',*,*,#11059,.F.);
#11059 = EDGE_CURVE('',#11060,#11052,#11062,.T.);
#11060 = VERTEX_POINT('',#11061);
#11061 = CARTESIAN_POINT('',(-46.,-24.6,44.));
#11062 = LINE('',#11063,#11064);
#11063 = CARTESIAN_POINT('',(-45.9,-24.6,44.));
#11064 = VECTOR('',#11065,1.);
#11065 = DIRECTION('',(-1.,0.,6.661338147751E-16));
#11066 = ORIENTED_EDGE('',*,*,#11067,.T.);
#11067 = EDGE_CURVE('',#11060,#11068,#11070,.T.);
#11068 = VERTEX_POINT('',#11069);
#11069 = CARTESIAN_POINT('',(-46.,-20.4,44.));
#11070 = LINE('',#11071,#11072);
#11071 = CARTESIAN_POINT('',(-46.,-39.,44.));
#11072 = VECTOR('',#11073,1.);
#11073 = DIRECTION('',(0.,1.,0.));
#11074 = ORIENTED_EDGE('',*,*,#11075,.F.);
#11075 = EDGE_CURVE('',#11076,#11068,#11078,.T.);
#11076 = VERTEX_POINT('',#11077);
#11077 = CARTESIAN_POINT('',(-46.8,-20.4,44.));
#11078 = LINE('',#11079,#11080);
#11079 = CARTESIAN_POINT('',(-46.8,-20.4,44.));
#11080 = VECTOR('',#11081,1.);
#11081 = DIRECTION('',(1.,0.,-6.661338147751E-16));
#11082 = ORIENTED_EDGE('',*,*,#11083,.F.);
#11083 = EDGE_CURVE('',#11084,#11076,#11086,.T.);
#11084 = VERTEX_POINT('',#11085);
#11085 = CARTESIAN_POINT('',(-46.8,-19.6,44.));
#11086 = LINE('',#11087,#11088);
#11087 = CARTESIAN_POINT('',(-46.8,-19.6,44.));
#11088 = VECTOR('',#11089,1.);
#11089 = DIRECTION('',(0.,-1.,0.));
#11090 = ORIENTED_EDGE('',*,*,#11091,.F.);
#11091 = EDGE_CURVE('',#11092,#11084,#11094,.T.);
#11092 = VERTEX_POINT('',#11093);
#11093 = CARTESIAN_POINT('',(-46.,-19.6,44.));
#11094 = LINE('',#11095,#11096);
#11095 = CARTESIAN_POINT('',(-45.9,-19.6,44.));
#11096 = VECTOR('',#11097,1.);
#11097 = DIRECTION('',(-1.,0.,6.661338147751E-16));
#11098 = ORIENTED_EDGE('',*,*,#11099,.T.);
#11099 = EDGE_CURVE('',#11092,#11100,#11102,.T.);
#11100 = VERTEX_POINT('',#11101);
#11101 = CARTESIAN_POINT('',(-46.,-15.4,44.));
#11102 = LINE('',#11103,#11104);
#11103 = CARTESIAN_POINT('',(-46.,-39.,44.));
#11104 = VECTOR('',#11105,1.);
#11105 = DIRECTION('',(0.,1.,0.));
#11106 = ORIENTED_EDGE('',*,*,#11107,.F.);
#11107 = EDGE_CURVE('',#11108,#11100,#11110,.T.);
#11108 = VERTEX_POINT('',#11109);
#11109 = CARTESIAN_POINT('',(-46.8,-15.4,44.));
#11110 = LINE('',#11111,#11112);
#11111 = CARTESIAN_POINT('',(-46.8,-15.4,44.));
#11112 = VECTOR('',#11113,1.);
#11113 = DIRECTION('',(1.,0.,-6.661338147751E-16));
#11114 = ORIENTED_EDGE('',*,*,#11115,.F.);
#11115 = EDGE_CURVE('',#11116,#11108,#11118,.T.);
#11116 = VERTEX_POINT('',#11117);
#11117 = CARTESIAN_POINT('',(-46.8,-14.6,44.));
#11118 = LINE('',#11119,#11120);
#11119 = CARTESIAN_POINT('',(-46.8,-14.6,44.));
#11120 = VECTOR('',#11121,1.);
#11121 = DIRECTION('',(0.,-1.,0.));
#11122 = ORIENTED_EDGE('',*,*,#11123,.F.);
#11123 = EDGE_CURVE('',#11124,#11116,#11126,.T.);
#11124 = VERTEX_POINT('',#11125);
#11125 = CARTESIAN_POINT('',(-46.,-14.6,44.));
#11126 = LINE('',#11127,#11128);
#11127 = CARTESIAN_POINT('',(-45.9,-14.6,44.));
#11128 = VECTOR('',#11129,1.);
#11129 = DIRECTION('',(-1.,0.,6.661338147751E-16));
#11130 = ORIENTED_EDGE('',*,*,#11131,.T.);
#11131 = EDGE_CURVE('',#11124,#11132,#11134,.T.);
#11132 = VERTEX_POINT('',#11133);
#11133 = CARTESIAN_POINT('',(-46.,-10.4,44.));
#11134 = LINE('',#11135,#11136);
#11135 = CARTESIAN_POINT('',(-46.,-39.,44.));
#11136 = VECTOR('',#11137,1.);
#11137 = DIRECTION('',(0.,1.,0.));
#11138 = ORIENTED_EDGE('',*,*,#11139,.F.);
#11139 = EDGE_CURVE('',#11140,#11132,#11142,.T.);
#11140 = VERTEX_POINT('',#11141);
#11141 = CARTESIAN_POINT('',(-46.8,-10.4,44.));
#11142 = LINE('',#11143,#11144);
#11143 = CARTESIAN_POINT('',(-46.8,-10.4,44.));
#11144 = VECTOR('',#11145,1.);
#11145 = DIRECTION('',(1.,0.,-6.661338147751E-16));
#11146 = ORIENTED_EDGE('',*,*,#11147,.F.);
#11147 = EDGE_CURVE('',#11148,#11140,#11150,.T.);
#11148 = VERTEX_POINT('',#11149);
#11149 = CARTESIAN_POINT('',(-46.8,-9.6,44.));
#11150 = LINE('',#11151,#11152);
#11151 = CARTESIAN_POINT('',(-46.8,-9.6,44.));
#11152 = VECTOR('',#11153,1.);
#11153 = DIRECTION('',(0.,-1.,0.));
#11154 = ORIENTED_EDGE('',*,*,#11155,.F.);
#11155 = EDGE_CURVE('',#11156,#11148,#11158,.T.);
#11156 = VERTEX_POINT('',#11157);
#11157 = CARTESIAN_POINT('',(-46.,-9.6,44.));
#11158 = LINE('',#11159,#11160);
#11159 = CARTESIAN_POINT('',(-45.9,-9.6,44.));
#11160 = VECTOR('',#11161,1.);
#11161 = DIRECTION('',(-1.,0.,6.661338147751E-16));
#11162 = ORIENTED_EDGE('',*,*,#11163,.T.);
#11163 = EDGE_CURVE('',#11156,#11164,#11166,.T.);
#11164 = VERTEX_POINT('',#11165);
#11165 = CARTESIAN_POINT('',(-46.,-5.4,44.));
#11166 = LINE('',#11167,#11168);
#11167 = CARTESIAN_POINT('',(-46.,-39.,44.));
#11168 = VECTOR('',#11169,1.);
#11169 = DIRECTION('',(0.,1.,0.));
#11170 = ORIENTED_EDGE('',*,*,#11171,.F.);
#11171 = EDGE_CURVE('',#11172,#11164,#11174,.T.);
#11172 = VERTEX_POINT('',#11173);
#11173 = CARTESIAN_POINT('',(-46.8,-5.4,44.));
#11174 = LINE('',#11175,#11176);
#11175 = CARTESIAN_POINT('',(-46.8,-5.4,44.));
#11176 = VECTOR('',#11177,1.);
#11177 = DIRECTION('',(1.,0.,-6.661338147751E-16));
#11178 = ORIENTED_EDGE('',*,*,#11179,.F.);
#11179 = EDGE_CURVE('',#11180,#11172,#11182,.T.);
#11180 = VERTEX_POINT('',#11181);
#11181 = CARTESIAN_POINT('',(-46.8,-4.6,44.));
#11182 = LINE('',#11183,#11184);
#11183 = CARTESIAN_POINT('',(-46.8,-4.6,44.));
#11184 = VECTOR('',#11185,1.);
#11185 = DIRECTION('',(0.,-1.,0.));
#11186 = ORIENTED_EDGE('',*,*,#11187,.F.);
#11187 = EDGE_CURVE('',#11188,#11180,#11190,.T.);
#11188 = VERTEX_POINT('',#11189);
#11189 = CARTESIAN_POINT('',(-46.,-4.6,44.));
#11190 = LINE('',#11191,#11192);
#11191 = CARTESIAN_POINT('',(-45.9,-4.6,44.));
#11192 = VECTOR('',#11193,1.);
#11193 = DIRECTION('',(-1.,0.,6.661338147751E-16));
#11194 = ORIENTED_EDGE('',*,*,#11195,.T.);
#11195 = EDGE_CURVE('',#11188,#11196,#11198,.T.);
#11196 = VERTEX_POINT('',#11197);
#11197 = CARTESIAN_POINT('',(-46.,-0.4,44.));
#11198 = LINE('',#11199,#11200);
#11199 = CARTESIAN_POINT('',(-46.,-39.,44.));
#11200 = VECTOR('',#11201,1.);
#11201 = DIRECTION('',(0.,1.,0.));
#11202 = ORIENTED_EDGE('',*,*,#11203,.F.);
#11203 = EDGE_CURVE('',#11204,#11196,#11206,.T.);
#11204 = VERTEX_POINT('',#11205);
#11205 = CARTESIAN_POINT('',(-46.8,-0.4,44.));
#11206 = LINE('',#11207,#11208);
#11207 = CARTESIAN_POINT('',(-46.8,-0.4,44.));
#11208 = VECTOR('',#11209,1.);
#11209 = DIRECTION('',(1.,0.,-6.661338147751E-16));
#11210 = ORIENTED_EDGE('',*,*,#11211,.F.);
#11211 = EDGE_CURVE('',#11212,#11204,#11214,.T.);
#11212 = VERTEX_POINT('',#11213);
#11213 = CARTESIAN_POINT('',(-46.8,0.4,44.));
#11214 = LINE('',#11215,#11216);
#11215 = CARTESIAN_POINT('',(-46.8,0.4,44.));
#11216 = VECTOR('',#11217,1.);
#11217 = DIRECTION('',(0.,-1.,0.));
#11218 = ORIENTED_EDGE('',*,*,#11219,.F.);
#11219 = EDGE_CURVE('',#11220,#11212,#11222,.T.);
#11220 = VERTEX_POINT('',#11221);
#11221 = CARTESIAN_POINT('',(-46.,0.4,44.));
#11222 = LINE('',#11223,#11224);
#11223 = CARTESIAN_POINT('',(-45.9,0.4,44.));
#11224 = VECTOR('',#11225,1.);
#11225 = DIRECTION('',(-1.,0.,6.661338147751E-16));
#11226 = ORIENTED_EDGE('',*,*,#11227,.T.);
#11227 = EDGE_CURVE('',#11220,#11228,#11230,.T.);
#11228 = VERTEX_POINT('',#11229);
#11229 = CARTESIAN_POINT('',(-46.,4.6,44.));
#11230 = LINE('',#11231,#11232);
#11231 = CARTESIAN_POINT('',(-46.,-39.,44.));
#11232 = VECTOR('',#11233,1.);
#11233 = DIRECTION('',(0.,1.,0.));
#11234 = ORIENTED_EDGE('',*,*,#11235,.F.);
#11235 = EDGE_CURVE('',#11236,#11228,#11238,.T.);
#11236 = VERTEX_POINT('',#11237);
#11237 = CARTESIAN_POINT('',(-46.8,4.6,44.));
#11238 = LINE('',#11239,#11240);
#11239 = CARTESIAN_POINT('',(-46.8,4.6,44.));
#11240 = VECTOR('',#11241,1.);
#11241 = DIRECTION('',(1.,0.,-6.661338147751E-16));
#11242 = ORIENTED_EDGE('',*,*,#11243,.F.);
#11243 = EDGE_CURVE('',#11244,#11236,#11246,.T.);
#11244 = VERTEX_POINT('',#11245);
#11245 = CARTESIAN_POINT('',(-46.8,5.4,44.));
#11246 = LINE('',#11247,#11248);
#11247 = CARTESIAN_POINT('',(-46.8,5.4,44.));
#11248 = VECTOR('',#11249,1.);
#11249 = DIRECTION('',(0.,-1.,0.));
#11250 = ORIENTED_EDGE('',*,*,#11251,.F.);
#11251 = EDGE_CURVE('',#11252,#11244,#11254,.T.);
#11252 = VERTEX_POINT('',#11253);
#11253 = CARTESIAN_POINT('',(-46.,5.4,44.));
#11254 = LINE('',#11255,#11256);
#11255 = CARTESIAN_POINT('',(-45.9,5.4,44.));
#11256 = VECTOR('',#11257,1.);
#11257 = DIRECTION('',(-1.,0.,6.661338147751E-16));
#11258 = ORIENTED_EDGE('',*,*,#11259,.T.);
#11259 = EDGE_CURVE('',#11252,#11260,#11262,.T.);
#11260 = VERTEX_POINT('',#11261);
#11261 = CARTESIAN_POINT('',(-46.,9.6,44.));
#11262 = LINE('',#11263,#11264);
#11263 = CARTESIAN_POINT('',(-46.,-39.,44.));
#11264 = VECTOR('',#11265,1.);
#11265 = DIRECTION('',(0.,1.,0.));
#11266 = ORIENTED_EDGE('',*,*,#11267,.F.);
#11267 = EDGE_CURVE('',#11268,#11260,#11270,.T.);
#11268 = VERTEX_POINT('',#11269);
#11269 = CARTESIAN_POINT('',(-46.8,9.6,44.));
#11270 = LINE('',#11271,#11272);
#11271 = CARTESIAN_POINT('',(-46.8,9.6,44.));
#11272 = VECTOR('',#11273,1.);
#11273 = DIRECTION('',(1.,0.,-6.661338147751E-16));
#11274 = ORIENTED_EDGE('',*,*,#11275,.F.);
#11275 = EDGE_CURVE('',#11276,#11268,#11278,.T.);
#11276 = VERTEX_POINT('',#11277);
#11277 = CARTESIAN_POINT('',(-46.8,10.4,44.));
#11278 = LINE('',#11279,#11280);
#11279 = CARTESIAN_POINT('',(-46.8,10.4,44.));
#11280 = VECTOR('',#11281,1.);
#11281 = DIRECTION('',(0.,-1.,0.));
#11282 = ORIENTED_EDGE('',*,*,#11283,.F.);
#11283 = EDGE_CURVE('',#11284,#11276,#11286,.T.);
#11284 = VERTEX_POINT('',#11285);
#11285 = CARTESIAN_POINT('',(-46.,10.4,44.));
#11286 = LINE('',#11287,#11288);
#11287 = CARTESIAN_POINT('',(-45.9,10.4,44.));
#11288 = VECTOR('',#11289,1.);
#11289 = DIRECTION('',(-1.,0.,6.661338147751E-16));
#11290 = ORIENTED_EDGE('',*,*,#11291,.T.);
#11291 = EDGE_CURVE('',#11284,#11292,#11294,.T.);
#11292 = VERTEX_POINT('',#11293);
#11293 = CARTESIAN_POINT('',(-46.,14.6,44.));
#11294 = LINE('',#11295,#11296);
#11295 = CARTESIAN_POINT('',(-46.,-39.,44.));
#11296 = VECTOR('',#11297,1.);
#11297 = DIRECTION('',(0.,1.,0.));
#11298 = ORIENTED_EDGE('',*,*,#11299,.F.);
#11299 = EDGE_CURVE('',#11300,#11292,#11302,.T.);
#11300 = VERTEX_POINT('',#11301);
#11301 = CARTESIAN_POINT('',(-46.8,14.6,44.));
#11302 = LINE('',#11303,#11304);
#11303 = CARTESIAN_POINT('',(-46.8,14.6,44.));
#11304 = VECTOR('',#11305,1.);
#11305 = DIRECTION('',(1.,0.,-6.661338147751E-16));
#11306 = ORIENTED_EDGE('',*,*,#11307,.F.);
#11307 = EDGE_CURVE('',#11308,#11300,#11310,.T.);
#11308 = VERTEX_POINT('',#11309);
#11309 = CARTESIAN_POINT('',(-46.8,15.4,44.));
#11310 = LINE('',#11311,#11312);
#11311 = CARTESIAN_POINT('',(-46.8,15.4,44.));
#11312 = VECTOR('',#11313,1.);
#11313 = DIRECTION('',(0.,-1.,0.));
#11314 = ORIENTED_EDGE('',*,*,#11315,.F.);
#11315 = EDGE_CURVE('',#11316,#11308,#11318,.T.);
#11316 = VERTEX_POINT('',#11317);
#11317 = CARTESIAN_POINT('',(-46.,15.4,44.));
#11318 = LINE('',#11319,#11320);
#11319 = CARTESIAN_POINT('',(-45.9,15.4,44.));
#11320 = VECTOR('',#11321,1.);
#11321 = DIRECTION('',(-1.,0.,6.661338147751E-16));
#11322 = ORIENTED_EDGE('',*,*,#11323,.T.);
#11323 = EDGE_CURVE('',#11316,#11324,#11326,.T.);
#11324 = VERTEX_POINT('',#11325);
#11325 = CARTESIAN_POINT('',(-46.,19.6,44.));
#11326 = LINE('',#11327,#11328);
#11327 = CARTESIAN_POINT('',(-46.,-39.,44.));
#11328 = VECTOR('',#11329,1.);
#11329 = DIRECTION('',(0.,1.,0.));
#11330 = ORIENTED_EDGE('',*,*,#11331,.F.);
#11331 = EDGE_CURVE('',#11332,#11324,#11334,.T.);
#11332 = VERTEX_POINT('',#11333);
#11333 = CARTESIAN_POINT('',(-46.8,19.6,44.));
#11334 = LINE('',#11335,#11336);
#11335 = CARTESIAN_POINT('',(-46.8,19.6,44.));
#11336 = VECTOR('',#11337,1.);
#11337 = DIRECTION('',(1.,0.,-6.661338147751E-16));
#11338 = ORIENTED_EDGE('',*,*,#11339,.F.);
#11339 = EDGE_CURVE('',#11340,#11332,#11342,.T.);
#11340 = VERTEX_POINT('',#11341);
#11341 = CARTESIAN_POINT('',(-46.8,20.4,44.));
#11342 = LINE('',#11343,#11344);
#11343 = CARTESIAN_POINT('',(-46.8,20.4,44.));
#11344 = VECTOR('',#11345,1.);
#11345 = DIRECTION('',(0.,-1.,0.));
#11346 = ORIENTED_EDGE('',*,*,#11347,.F.);
#11347 = EDGE_CURVE('',#11348,#11340,#11350,.T.);
#11348 = VERTEX_POINT('',#11349);
#11349 = CARTESIAN_POINT('',(-46.,20.4,44.));
#11350 = LINE('',#11351,#11352);
#11351 = CARTESIAN_POINT('',(-45.9,20.4,44.));
#11352 = VECTOR('',#11353,1.);
#11353 = DIRECTION('',(-1.,0.,6.661338147751E-16));
#11354 = ORIENTED_EDGE('',*,*,#11355,.T.);
#11355 = EDGE_CURVE('',#11348,#11356,#11358,.T.);
#11356 = VERTEX_POINT('',#11357);
#11357 = CARTESIAN_POINT('',(-46.,24.6,44.));
#11358 = LINE('',#11359,#11360);
#11359 = CARTESIAN_POINT('',(-46.,-39.,44.));
#11360 = VECTOR('',#11361,1.);
#11361 = DIRECTION('',(0.,1.,0.));
#11362 = ORIENTED_EDGE('',*,*,#11363,.F.);
#11363 = EDGE_CURVE('',#11364,#11356,#11366,.T.);
#11364 = VERTEX_POINT('',#11365);
#11365 = CARTESIAN_POINT('',(-46.8,24.6,44.));
#11366 = LINE('',#11367,#11368);
#11367 = CARTESIAN_POINT('',(-46.8,24.6,44.));
#11368 = VECTOR('',#11369,1.);
#11369 = DIRECTION('',(1.,0.,-6.661338147751E-16));
#11370 = ORIENTED_EDGE('',*,*,#11371,.F.);
#11371 = EDGE_CURVE('',#11372,#11364,#11374,.T.);
#11372 = VERTEX_POINT('',#11373);
#11373 = CARTESIAN_POINT('',(-46.8,25.4,44.));
#11374 = LINE('',#11375,#11376);
#11375 = CARTESIAN_POINT('',(-46.8,25.4,44.));
#11376 = VECTOR('',#11377,1.);
#11377 = DIRECTION('',(0.,-1.,0.));
#11378 = ORIENTED_EDGE('',*,*,#11379,.F.);
#11379 = EDGE_CURVE('',#11380,#11372,#11382,.T.);
#11380 = VERTEX_POINT('',#11381);
#11381 = CARTESIAN_POINT('',(-46.,25.4,44.));
#11382 = LINE('',#11383,#11384);
#11383 = CARTESIAN_POINT('',(-45.9,25.4,44.));
#11384 = VECTOR('',#11385,1.);
#11385 = DIRECTION('',(-1.,0.,6.661338147751E-16));
#11386 = ORIENTED_EDGE('',*,*,#11387,.T.);
#11387 = EDGE_CURVE('',#11380,#11388,#11390,.T.);
#11388 = VERTEX_POINT('',#11389);
#11389 = CARTESIAN_POINT('',(-46.,29.6,44.));
#11390 = LINE('',#11391,#11392);
#11391 = CARTESIAN_POINT('',(-46.,-39.,44.));
#11392 = VECTOR('',#11393,1.);
#11393 = DIRECTION('',(0.,1.,0.));
#11394 = ORIENTED_EDGE('',*,*,#11395,.F.);
#11395 = EDGE_CURVE('',#11396,#11388,#11398,.T.);
#11396 = VERTEX_POINT('',#11397);
#11397 = CARTESIAN_POINT('',(-46.8,29.6,44.));
#11398 = LINE('',#11399,#11400);
#11399 = CARTESIAN_POINT('',(-46.8,29.6,44.));
#11400 = VECTOR('',#11401,1.);
#11401 = DIRECTION('',(1.,0.,-6.661338147751E-16));
#11402 = ORIENTED_EDGE('',*,*,#11403,.F.);
#11403 = EDGE_CURVE('',#11404,#11396,#11406,.T.);
#11404 = VERTEX_POINT('',#11405);
#11405 = CARTESIAN_POINT('',(-46.8,30.4,44.));
#11406 = LINE('',#11407,#11408);
#11407 = CARTESIAN_POINT('',(-46.8,30.4,44.));
#11408 = VECTOR('',#11409,1.);
#11409 = DIRECTION('',(0.,-1.,0.));
#11410 = ORIENTED_EDGE('',*,*,#11411,.F.);
#11411 = EDGE_CURVE('',#11412,#11404,#11414,.T.);
#11412 = VERTEX_POINT('',#11413);
#11413 = CARTESIAN_POINT('',(-46.,30.4,44.));
#11414 = LINE('',#11415,#11416);
#11415 = CARTESIAN_POINT('',(-45.9,30.4,44.));
#11416 = VECTOR('',#11417,1.);
#11417 = DIRECTION('',(-1.,0.,6.661338147751E-16));
#11418 = ORIENTED_EDGE('',*,*,#11419,.T.);
#11419 = EDGE_CURVE('',#11412,#11420,#11422,.T.);
#11420 = VERTEX_POINT('',#11421);
#11421 = CARTESIAN_POINT('',(-46.,34.6,44.));
#11422 = LINE('',#11423,#11424);
#11423 = CARTESIAN_POINT('',(-46.,-39.,44.));
#11424 = VECTOR('',#11425,1.);
#11425 = DIRECTION('',(0.,1.,0.));
#11426 = ORIENTED_EDGE('',*,*,#11427,.F.);
#11427 = EDGE_CURVE('',#11428,#11420,#11430,.T.);
#11428 = VERTEX_POINT('',#11429);
#11429 = CARTESIAN_POINT('',(-46.8,34.6,44.));
#11430 = LINE('',#11431,#11432);
#11431 = CARTESIAN_POINT('',(-46.8,34.6,44.));
#11432 = VECTOR('',#11433,1.);
#11433 = DIRECTION('',(1.,0.,-6.661338147751E-16));
#11434 = ORIENTED_EDGE('',*,*,#11435,.F.);
#11435 = EDGE_CURVE('',#11436,#11428,#11438,.T.);
#11436 = VERTEX_POINT('',#11437);
#11437 = CARTESIAN_POINT('',(-46.8,35.4,44.));
#11438 = LINE('',#11439,#11440);
#11439 = CARTESIAN_POINT('',(-46.8,35.4,44.));
#11440 = VECTOR('',#11441,1.);
#11441 = DIRECTION('',(0.,-1.,0.));
#11442 = ORIENTED_EDGE('',*,*,#11443,.F.);
#11443 = EDGE_CURVE('',#11444,#11436,#11446,.T.);
#11444 = VERTEX_POINT('',#11445);
#11445 = CARTESIAN_POINT('',(-46.,35.4,44.));
#11446 = LINE('',#11447,#11448);
#11447 = CARTESIAN_POINT('',(-45.9,35.4,44.));
#11448 = VECTOR('',#11449,1.);
#11449 = DIRECTION('',(-1.,0.,6.661338147751E-16));
#11450 = ORIENTED_EDGE('',*,*,#11451,.T.);
#11451 = EDGE_CURVE('',#11444,#11452,#11454,.T.);
#11452 = VERTEX_POINT('',#11453);
#11453 = CARTESIAN_POINT('',(-46.,39.,44.));
#11454 = LINE('',#11455,#11456);
#11455 = CARTESIAN_POINT('',(-46.,-39.,44.));
#11456 = VECTOR('',#11457,1.);
#11457 = DIRECTION('',(0.,1.,0.));
#11458 = ORIENTED_EDGE('',*,*,#11459,.F.);
#11459 = EDGE_CURVE('',#10963,#11452,#11460,.T.);
#11460 = LINE('',#11461,#11462);
#11461 = CARTESIAN_POINT('',(-50.,39.,44.));
#11462 = VECTOR('',#11463,1.);
#11463 = DIRECTION('',(1.,0.,-1.33226762955E-15));
#11464 = PLANE('',#11465);
#11465 = AXIS2_PLACEMENT_3D('',#11466,#11467,#11468);
#11466 = CARTESIAN_POINT('',(-50.,-39.,44.));
#11467 = DIRECTION('',(1.33226762955E-15,0.,1.));
#11468 = DIRECTION('',(0.,1.,0.));
#11469 = ADVANCED_FACE('',(#11470,#11481,#11492),#11503,.F.);
#11470 = FACE_BOUND('',#11471,.F.);
#11471 = EDGE_LOOP('',(#11472,#11473,#11474,#11480));
#11472 = ORIENTED_EDGE('',*,*,#10437,.T.);
#11473 = ORIENTED_EDGE('',*,*,#10962,.T.);
#11474 = ORIENTED_EDGE('',*,*,#11475,.T.);
#11475 = EDGE_CURVE('',#10963,#10452,#11476,.T.);
#11476 = LINE('',#11477,#11478);
#11477 = CARTESIAN_POINT('',(-50.,39.,44.));
#11478 = VECTOR('',#11479,1.);
#11479 = DIRECTION('',(1.554312234475E-15,0.,1.));
#11480 = ORIENTED_EDGE('',*,*,#10451,.T.);
#11481 = FACE_BOUND('',#11482,.F.);
#11482 = EDGE_LOOP('',(#11483));
#11483 = ORIENTED_EDGE('',*,*,#11484,.F.);
#11484 = EDGE_CURVE('',#11485,#11485,#11487,.T.);
#11485 = VERTEX_POINT('',#11486);
#11486 = CARTESIAN_POINT('',(-50.,25.,51.8));
#11487 = CIRCLE('',#11488,2.7);
#11488 = AXIS2_PLACEMENT_3D('',#11489,#11490,#11491);
#11489 = CARTESIAN_POINT('',(-50.,25.,54.5));
#11490 = DIRECTION('',(1.,0.,-8.881784197001E-16));
#11491 = DIRECTION('',(-8.881784197001E-16,0.,-1.));
#11492 = FACE_BOUND('',#11493,.F.);
#11493 = EDGE_LOOP('',(#11494));
#11494 = ORIENTED_EDGE('',*,*,#11495,.F.);
#11495 = EDGE_CURVE('',#11496,#11496,#11498,.T.);
#11496 = VERTEX_POINT('',#11497);
#11497 = CARTESIAN_POINT('',(-50.,-25.,51.8));
#11498 = CIRCLE('',#11499,2.7);
#11499 = AXIS2_PLACEMENT_3D('',#11500,#11501,#11502);
#11500 = CARTESIAN_POINT('',(-50.,-25.,54.5));
#11501 = DIRECTION('',(1.,0.,-8.881784197001E-16));
#11502 = DIRECTION('',(-8.881784197001E-16,0.,-1.));
#11503 = PLANE('',#11504);
#11504 = AXIS2_PLACEMENT_3D('',#11505,#11506,#11507);
#11505 = CARTESIAN_POINT('',(-50.,0.,54.5));
#11506 = DIRECTION('',(1.,0.,-1.670621313245E-15));
#11507 = DIRECTION('',(1.670621313245E-15,0.,1.));
#11508 = ADVANCED_FACE('',(#11509),#11520,.T.);
#11509 = FACE_BOUND('',#11510,.T.);
#11510 = EDGE_LOOP('',(#11511,#11512,#11513,#11514));
#11511 = ORIENTED_EDGE('',*,*,#10947,.T.);
#11512 = ORIENTED_EDGE('',*,*,#10421,.T.);
#11513 = ORIENTED_EDGE('',*,*,#10971,.T.);
#11514 = ORIENTED_EDGE('',*,*,#11515,.F.);
#11515 = EDGE_CURVE('',#10940,#10972,#11516,.T.);
#11516 = LINE('',#11517,#11518);
#11517 = CARTESIAN_POINT('',(-46.,-35.4,59.75));
#11518 = VECTOR('',#11519,1.);
#11519 = DIRECTION('',(-1.670621313245E-15,0.,-1.));
#11520 = PLANE('',#11521);
#11521 = AXIS2_PLACEMENT_3D('',#11522,#11523,#11524);
#11522 = CARTESIAN_POINT('',(-46.,0.,54.5));
#11523 = DIRECTION('',(1.,0.,-1.670621313245E-15));
#11524 = DIRECTION('',(1.670621313245E-15,0.,1.));
#11525 = ADVANCED_FACE('',(#11526),#11537,.F.);
#11526 = FACE_BOUND('',#11527,.F.);
#11527 = EDGE_LOOP('',(#11528,#11529,#11535,#11536));
#11528 = ORIENTED_EDGE('',*,*,#10939,.F.);
#11529 = ORIENTED_EDGE('',*,*,#11530,.T.);
#11530 = EDGE_CURVE('',#10932,#10980,#11531,.T.);
#11531 = LINE('',#11532,#11533);
#11532 = CARTESIAN_POINT('',(-46.8,-35.4,65.));
#11533 = VECTOR('',#11534,1.);
#11534 = DIRECTION('',(-9.992007221626E-16,0.,-1.));
#11535 = ORIENTED_EDGE('',*,*,#10979,.T.);
#11536 = ORIENTED_EDGE('',*,*,#11515,.F.);
#11537 = PLANE('',#11538);
#11538 = AXIS2_PLACEMENT_3D('',#11539,#11540,#11541);
#11539 = CARTESIAN_POINT('',(-46.8,-35.4,65.));
#11540 = DIRECTION('',(0.,-1.,-0.));
#11541 = DIRECTION('',(1.,0.,-9.992007221626E-16));
#11542 = ADVANCED_FACE('',(#11543),#11554,.F.);
#11543 = FACE_BOUND('',#11544,.F.);
#11544 = EDGE_LOOP('',(#11545,#11551,#11552,#11553));
#11545 = ORIENTED_EDGE('',*,*,#11546,.T.);
#11546 = EDGE_CURVE('',#10924,#10988,#11547,.T.);
#11547 = LINE('',#11548,#11549);
#11548 = CARTESIAN_POINT('',(-46.8,-34.6,65.));
#11549 = VECTOR('',#11550,1.);
#11550 = DIRECTION('',(-9.992007221626E-16,0.,-1.));
#11551 = ORIENTED_EDGE('',*,*,#10987,.T.);
#11552 = ORIENTED_EDGE('',*,*,#11530,.F.);
#11553 = ORIENTED_EDGE('',*,*,#10931,.F.);
#11554 = PLANE('',#11555);
#11555 = AXIS2_PLACEMENT_3D('',#11556,#11557,#11558);
#11556 = CARTESIAN_POINT('',(-46.8,-34.6,65.));
#11557 = DIRECTION('',(-1.,0.,9.992007221626E-16));
#11558 = DIRECTION('',(0.,-1.,-0.));
#11559 = ADVANCED_FACE('',(#11560),#11571,.F.);
#11560 = FACE_BOUND('',#11561,.F.);
#11561 = EDGE_LOOP('',(#11562,#11563,#11569,#11570));
#11562 = ORIENTED_EDGE('',*,*,#10923,.F.);
#11563 = ORIENTED_EDGE('',*,*,#11564,.F.);
#11564 = EDGE_CURVE('',#10996,#10916,#11565,.T.);
#11565 = LINE('',#11566,#11567);
#11566 = CARTESIAN_POINT('',(-46.,-34.6,59.75));
#11567 = VECTOR('',#11568,1.);
#11568 = DIRECTION('',(1.670621313245E-15,0.,1.));
#11569 = ORIENTED_EDGE('',*,*,#10995,.T.);
#11570 = ORIENTED_EDGE('',*,*,#11546,.F.);
#11571 = PLANE('',#11572);
#11572 = AXIS2_PLACEMENT_3D('',#11573,#11574,#11575);
#11573 = CARTESIAN_POINT('',(-45.9,-34.6,65.));
#11574 = DIRECTION('',(0.,1.,0.));
#11575 = DIRECTION('',(-1.,0.,9.992007221626E-16));
#11576 = ADVANCED_FACE('',(#11577),#11588,.T.);
#11577 = FACE_BOUND('',#11578,.T.);
#11578 = EDGE_LOOP('',(#11579,#11585,#11586,#11587));
#11579 = ORIENTED_EDGE('',*,*,#11580,.F.);
#11580 = EDGE_CURVE('',#10908,#11004,#11581,.T.);
#11581 = LINE('',#11582,#11583);
#11582 = CARTESIAN_POINT('',(-46.,-30.4,59.75));
#11583 = VECTOR('',#11584,1.);
#11584 = DIRECTION('',(-1.670621313245E-15,0.,-1.));
#11585 = ORIENTED_EDGE('',*,*,#10915,.T.);
#11586 = ORIENTED_EDGE('',*,*,#11564,.F.);
#11587 = ORIENTED_EDGE('',*,*,#11003,.T.);
#11588 = PLANE('',#11589);
#11589 = AXIS2_PLACEMENT_3D('',#11590,#11591,#11592);
#11590 = CARTESIAN_POINT('',(-46.,0.,54.5));
#11591 = DIRECTION('',(1.,0.,-1.670621313245E-15));
#11592 = DIRECTION('',(1.670621313245E-15,0.,1.));
#11593 = ADVANCED_FACE('',(#11594),#11605,.F.);
#11594 = FACE_BOUND('',#11595,.F.);
#11595 = EDGE_LOOP('',(#11596,#11597,#11603,#11604));
#11596 = ORIENTED_EDGE('',*,*,#10907,.F.);
#11597 = ORIENTED_EDGE('',*,*,#11598,.T.);
#11598 = EDGE_CURVE('',#10900,#11012,#11599,.T.);
#11599 = LINE('',#11600,#11601);
#11600 = CARTESIAN_POINT('',(-46.8,-30.4,65.));
#11601 = VECTOR('',#11602,1.);
#11602 = DIRECTION('',(-6.661338147751E-16,0.,-1.));
#11603 = ORIENTED_EDGE('',*,*,#11011,.T.);
#11604 = ORIENTED_EDGE('',*,*,#11580,.F.);
#11605 = PLANE('',#11606);
#11606 = AXIS2_PLACEMENT_3D('',#11607,#11608,#11609);
#11607 = CARTESIAN_POINT('',(-46.8,-30.4,65.));
#11608 = DIRECTION('',(0.,-1.,-0.));
#11609 = DIRECTION('',(1.,0.,-6.661338147751E-16));
#11610 = ADVANCED_FACE('',(#11611),#11622,.F.);
#11611 = FACE_BOUND('',#11612,.F.);
#11612 = EDGE_LOOP('',(#11613,#11619,#11620,#11621));
#11613 = ORIENTED_EDGE('',*,*,#11614,.T.);
#11614 = EDGE_CURVE('',#10892,#11020,#11615,.T.);
#11615 = LINE('',#11616,#11617);
#11616 = CARTESIAN_POINT('',(-46.8,-29.6,65.));
#11617 = VECTOR('',#11618,1.);
#11618 = DIRECTION('',(-6.661338147751E-16,0.,-1.));
#11619 = ORIENTED_EDGE('',*,*,#11019,.T.);
#11620 = ORIENTED_EDGE('',*,*,#11598,.F.);
#11621 = ORIENTED_EDGE('',*,*,#10899,.F.);
#11622 = PLANE('',#11623);
#11623 = AXIS2_PLACEMENT_3D('',#11624,#11625,#11626);
#11624 = CARTESIAN_POINT('',(-46.8,-29.6,65.));
#11625 = DIRECTION('',(-1.,0.,6.661338147751E-16));
#11626 = DIRECTION('',(0.,-1.,-0.));
#11627 = ADVANCED_FACE('',(#11628),#11639,.F.);
#11628 = FACE_BOUND('',#11629,.F.);
#11629 = EDGE_LOOP('',(#11630,#11631,#11637,#11638));
#11630 = ORIENTED_EDGE('',*,*,#10891,.F.);
#11631 = ORIENTED_EDGE('',*,*,#11632,.F.);
#11632 = EDGE_CURVE('',#11028,#10884,#11633,.T.);
#11633 = LINE('',#11634,#11635);
#11634 = CARTESIAN_POINT('',(-46.,-29.6,59.75));
#11635 = VECTOR('',#11636,1.);
#11636 = DIRECTION('',(1.670621313245E-15,0.,1.));
#11637 = ORIENTED_EDGE('',*,*,#11027,.T.);
#11638 = ORIENTED_EDGE('',*,*,#11614,.F.);
#11639 = PLANE('',#11640);
#11640 = AXIS2_PLACEMENT_3D('',#11641,#11642,#11643);
#11641 = CARTESIAN_POINT('',(-45.9,-29.6,65.));
#11642 = DIRECTION('',(0.,1.,0.));
#11643 = DIRECTION('',(-1.,0.,6.661338147751E-16));
#11644 = ADVANCED_FACE('',(#11645),#11673,.T.);
#11645 = FACE_BOUND('',#11646,.T.);
#11646 = EDGE_LOOP('',(#11647,#11655,#11656,#11657,#11658,#11666));
#11647 = ORIENTED_EDGE('',*,*,#11648,.F.);
#11648 = EDGE_CURVE('',#10876,#11649,#11651,.T.);
#11649 = VERTEX_POINT('',#11650);
#11650 = CARTESIAN_POINT('',(-46.,-25.4,58.881780460041));
#11651 = LINE('',#11652,#11653);
#11652 = CARTESIAN_POINT('',(-46.,-25.4,59.75));
#11653 = VECTOR('',#11654,1.);
#11654 = DIRECTION('',(-1.670621313245E-15,0.,-1.));
#11655 = ORIENTED_EDGE('',*,*,#10883,.T.);
#11656 = ORIENTED_EDGE('',*,*,#11632,.F.);
#11657 = ORIENTED_EDGE('',*,*,#11035,.T.);
#11658 = ORIENTED_EDGE('',*,*,#11659,.F.);
#11659 = EDGE_CURVE('',#11660,#11036,#11662,.T.);
#11660 = VERTEX_POINT('',#11661);
#11661 = CARTESIAN_POINT('',(-46.,-25.4,50.118219539959));
#11662 = LINE('',#11663,#11664);
#11663 = CARTESIAN_POINT('',(-46.,-25.4,59.75));
#11664 = VECTOR('',#11665,1.);
#11665 = DIRECTION('',(-1.670621313245E-15,0.,-1.));
#11666 = ORIENTED_EDGE('',*,*,#11667,.F.);
#11667 = EDGE_CURVE('',#11649,#11660,#11668,.T.);
#11668 = CIRCLE('',#11669,4.4);
#11669 = AXIS2_PLACEMENT_3D('',#11670,#11671,#11672);
#11670 = CARTESIAN_POINT('',(-46.,-25.,54.5));
#11671 = DIRECTION('',(1.,0.,-5.551115123126E-16));
#11672 = DIRECTION('',(-5.551115123126E-16,0.,-1.));
#11673 = PLANE('',#11674);
#11674 = AXIS2_PLACEMENT_3D('',#11675,#11676,#11677);
#11675 = CARTESIAN_POINT('',(-46.,0.,54.5));
#11676 = DIRECTION('',(1.,0.,-1.670621313245E-15));
#11677 = DIRECTION('',(1.670621313245E-15,0.,1.));
#11678 = ADVANCED_FACE('',(#11679),#11697,.F.);
#11679 = FACE_BOUND('',#11680,.F.);
#11680 = EDGE_LOOP('',(#11681,#11682,#11690,#11696));
#11681 = ORIENTED_EDGE('',*,*,#10875,.F.);
#11682 = ORIENTED_EDGE('',*,*,#11683,.T.);
#11683 = EDGE_CURVE('',#10868,#11684,#11686,.T.);
#11684 = VERTEX_POINT('',#11685);
#11685 = CARTESIAN_POINT('',(-46.8,-25.4,58.881780460041));
#11686 = LINE('',#11687,#11688);
#11687 = CARTESIAN_POINT('',(-46.8,-25.4,65.));
#11688 = VECTOR('',#11689,1.);
#11689 = DIRECTION('',(-6.661338147751E-16,0.,-1.));
#11690 = ORIENTED_EDGE('',*,*,#11691,.T.);
#11691 = EDGE_CURVE('',#11684,#11649,#11692,.T.);
#11692 = LINE('',#11693,#11694);
#11693 = CARTESIAN_POINT('',(-46.,-25.4,58.881780460041));
#11694 = VECTOR('',#11695,1.);
#11695 = DIRECTION('',(1.,0.,-5.551115123126E-16));
#11696 = ORIENTED_EDGE('',*,*,#11648,.F.);
#11697 = PLANE('',#11698);
#11698 = AXIS2_PLACEMENT_3D('',#11699,#11700,#11701);
#11699 = CARTESIAN_POINT('',(-46.8,-25.4,65.));
#11700 = DIRECTION('',(0.,-1.,-0.));
#11701 = DIRECTION('',(1.,0.,-6.661338147751E-16));
#11702 = ADVANCED_FACE('',(#11703),#11722,.F.);
#11703 = FACE_BOUND('',#11704,.F.);
#11704 = EDGE_LOOP('',(#11705,#11706,#11714,#11721));
#11705 = ORIENTED_EDGE('',*,*,#10867,.F.);
#11706 = ORIENTED_EDGE('',*,*,#11707,.T.);
#11707 = EDGE_CURVE('',#10860,#11708,#11710,.T.);
#11708 = VERTEX_POINT('',#11709);
#11709 = CARTESIAN_POINT('',(-46.8,-24.6,58.881780460041));
#11710 = LINE('',#11711,#11712);
#11711 = CARTESIAN_POINT('',(-46.8,-24.6,65.));
#11712 = VECTOR('',#11713,1.);
#11713 = DIRECTION('',(-6.661338147751E-16,0.,-1.));
#11714 = ORIENTED_EDGE('',*,*,#11715,.T.);
#11715 = EDGE_CURVE('',#11708,#11684,#11716,.T.);
#11716 = CIRCLE('',#11717,4.4);
#11717 = AXIS2_PLACEMENT_3D('',#11718,#11719,#11720);
#11718 = CARTESIAN_POINT('',(-46.8,-25.,54.5));
#11719 = DIRECTION('',(1.,0.,-5.551115123126E-16));
#11720 = DIRECTION('',(-5.551115123126E-16,0.,-1.));
#11721 = ORIENTED_EDGE('',*,*,#11683,.F.);
#11722 = PLANE('',#11723);
#11723 = AXIS2_PLACEMENT_3D('',#11724,#11725,#11726);
#11724 = CARTESIAN_POINT('',(-46.8,-24.6,65.));
#11725 = DIRECTION('',(-1.,0.,6.661338147751E-16));
#11726 = DIRECTION('',(0.,-1.,-0.));
#11727 = ADVANCED_FACE('',(#11728),#11746,.F.);
#11728 = FACE_BOUND('',#11729,.F.);
#11729 = EDGE_LOOP('',(#11730,#11731,#11739,#11745));
#11730 = ORIENTED_EDGE('',*,*,#10859,.F.);
#11731 = ORIENTED_EDGE('',*,*,#11732,.F.);
#11732 = EDGE_CURVE('',#11733,#10852,#11735,.T.);
#11733 = VERTEX_POINT('',#11734);
#11734 = CARTESIAN_POINT('',(-46.,-24.6,58.881780460041));
#11735 = LINE('',#11736,#11737);
#11736 = CARTESIAN_POINT('',(-46.,-24.6,59.75));
#11737 = VECTOR('',#11738,1.);
#11738 = DIRECTION('',(1.670621313245E-15,0.,1.));
#11739 = ORIENTED_EDGE('',*,*,#11740,.F.);
#11740 = EDGE_CURVE('',#11708,#11733,#11741,.T.);
#11741 = LINE('',#11742,#11743);
#11742 = CARTESIAN_POINT('',(-46.,-24.6,58.881780460041));
#11743 = VECTOR('',#11744,1.);
#11744 = DIRECTION('',(1.,0.,-5.551115123126E-16));
#11745 = ORIENTED_EDGE('',*,*,#11707,.F.);
#11746 = PLANE('',#11747);
#11747 = AXIS2_PLACEMENT_3D('',#11748,#11749,#11750);
#11748 = CARTESIAN_POINT('',(-45.9,-24.6,65.));
#11749 = DIRECTION('',(0.,1.,0.));
#11750 = DIRECTION('',(-1.,0.,6.661338147751E-16));
#11751 = ADVANCED_FACE('',(#11752),#11778,.T.);
#11752 = FACE_BOUND('',#11753,.T.);
#11753 = EDGE_LOOP('',(#11754,#11760,#11761,#11762,#11771,#11777));
#11754 = ORIENTED_EDGE('',*,*,#11755,.F.);
#11755 = EDGE_CURVE('',#10844,#11068,#11756,.T.);
#11756 = LINE('',#11757,#11758);
#11757 = CARTESIAN_POINT('',(-46.,-20.4,59.75));
#11758 = VECTOR('',#11759,1.);
#11759 = DIRECTION('',(-1.670621313245E-15,0.,-1.));
#11760 = ORIENTED_EDGE('',*,*,#10851,.T.);
#11761 = ORIENTED_EDGE('',*,*,#11732,.F.);
#11762 = ORIENTED_EDGE('',*,*,#11763,.F.);
#11763 = EDGE_CURVE('',#11764,#11733,#11766,.T.);
#11764 = VERTEX_POINT('',#11765);
#11765 = CARTESIAN_POINT('',(-46.,-24.6,50.118219539959));
#11766 = CIRCLE('',#11767,4.4);
#11767 = AXIS2_PLACEMENT_3D('',#11768,#11769,#11770);
#11768 = CARTESIAN_POINT('',(-46.,-25.,54.5));
#11769 = DIRECTION('',(1.,0.,-5.551115123126E-16));
#11770 = DIRECTION('',(-5.551115123126E-16,0.,-1.));
#11771 = ORIENTED_EDGE('',*,*,#11772,.F.);
#11772 = EDGE_CURVE('',#11060,#11764,#11773,.T.);
#11773 = LINE('',#11774,#11775);
#11774 = CARTESIAN_POINT('',(-46.,-24.6,59.75));
#11775 = VECTOR('',#11776,1.);
#11776 = DIRECTION('',(1.670621313245E-15,0.,1.));
#11777 = ORIENTED_EDGE('',*,*,#11067,.T.);
#11778 = PLANE('',#11779);
#11779 = AXIS2_PLACEMENT_3D('',#11780,#11781,#11782);
#11780 = CARTESIAN_POINT('',(-46.,0.,54.5));
#11781 = DIRECTION('',(1.,0.,-1.670621313245E-15));
#11782 = DIRECTION('',(1.670621313245E-15,0.,1.));
#11783 = ADVANCED_FACE('',(#11784),#11795,.F.);
#11784 = FACE_BOUND('',#11785,.F.);
#11785 = EDGE_LOOP('',(#11786,#11787,#11793,#11794));
#11786 = ORIENTED_EDGE('',*,*,#10843,.F.);
#11787 = ORIENTED_EDGE('',*,*,#11788,.T.);
#11788 = EDGE_CURVE('',#10836,#11076,#11789,.T.);
#11789 = LINE('',#11790,#11791);
#11790 = CARTESIAN_POINT('',(-46.8,-20.4,65.));
#11791 = VECTOR('',#11792,1.);
#11792 = DIRECTION('',(-6.661338147751E-16,0.,-1.));
#11793 = ORIENTED_EDGE('',*,*,#11075,.T.);
#11794 = ORIENTED_EDGE('',*,*,#11755,.F.);
#11795 = PLANE('',#11796);
#11796 = AXIS2_PLACEMENT_3D('',#11797,#11798,#11799);
#11797 = CARTESIAN_POINT('',(-46.8,-20.4,65.));
#11798 = DIRECTION('',(0.,-1.,-0.));
#11799 = DIRECTION('',(1.,0.,-6.661338147751E-16));
#11800 = ADVANCED_FACE('',(#11801),#11812,.F.);
#11801 = FACE_BOUND('',#11802,.F.);
#11802 = EDGE_LOOP('',(#11803,#11809,#11810,#11811));
#11803 = ORIENTED_EDGE('',*,*,#11804,.T.);
#11804 = EDGE_CURVE('',#10828,#11084,#11805,.T.);
#11805 = LINE('',#11806,#11807);
#11806 = CARTESIAN_POINT('',(-46.8,-19.6,65.));
#11807 = VECTOR('',#11808,1.);
#11808 = DIRECTION('',(-6.661338147751E-16,0.,-1.));
#11809 = ORIENTED_EDGE('',*,*,#11083,.T.);
#11810 = ORIENTED_EDGE('',*,*,#11788,.F.);
#11811 = ORIENTED_EDGE('',*,*,#10835,.F.);
#11812 = PLANE('',#11813);
#11813 = AXIS2_PLACEMENT_3D('',#11814,#11815,#11816);
#11814 = CARTESIAN_POINT('',(-46.8,-19.6,65.));
#11815 = DIRECTION('',(-1.,0.,6.661338147751E-16));
#11816 = DIRECTION('',(0.,-1.,-0.));
#11817 = ADVANCED_FACE('',(#11818),#11829,.F.);
#11818 = FACE_BOUND('',#11819,.F.);
#11819 = EDGE_LOOP('',(#11820,#11821,#11827,#11828));
#11820 = ORIENTED_EDGE('',*,*,#10827,.F.);
#11821 = ORIENTED_EDGE('',*,*,#11822,.F.);
#11822 = EDGE_CURVE('',#11092,#10820,#11823,.T.);
#11823 = LINE('',#11824,#11825);
#11824 = CARTESIAN_POINT('',(-46.,-19.6,59.75));
#11825 = VECTOR('',#11826,1.);
#11826 = DIRECTION('',(1.670621313245E-15,0.,1.));
#11827 = ORIENTED_EDGE('',*,*,#11091,.T.);
#11828 = ORIENTED_EDGE('',*,*,#11804,.F.);
#11829 = PLANE('',#11830);
#11830 = AXIS2_PLACEMENT_3D('',#11831,#11832,#11833);
#11831 = CARTESIAN_POINT('',(-45.9,-19.6,65.));
#11832 = DIRECTION('',(0.,1.,0.));
#11833 = DIRECTION('',(-1.,0.,6.661338147751E-16));
#11834 = ADVANCED_FACE('',(#11835),#11846,.T.);
#11835 = FACE_BOUND('',#11836,.T.);
#11836 = EDGE_LOOP('',(#11837,#11843,#11844,#11845));
#11837 = ORIENTED_EDGE('',*,*,#11838,.F.);
#11838 = EDGE_CURVE('',#10812,#11100,#11839,.T.);
#11839 = LINE('',#11840,#11841);
#11840 = CARTESIAN_POINT('',(-46.,-15.4,59.75));
#11841 = VECTOR('',#11842,1.);
#11842 = DIRECTION('',(-1.670621313245E-15,0.,-1.));
#11843 = ORIENTED_EDGE('',*,*,#10819,.T.);
#11844 = ORIENTED_EDGE('',*,*,#11822,.F.);
#11845 = ORIENTED_EDGE('',*,*,#11099,.T.);
#11846 = PLANE('',#11847);
#11847 = AXIS2_PLACEMENT_3D('',#11848,#11849,#11850);
#11848 = CARTESIAN_POINT('',(-46.,0.,54.5));
#11849 = DIRECTION('',(1.,0.,-1.670621313245E-15));
#11850 = DIRECTION('',(1.670621313245E-15,0.,1.));
#11851 = ADVANCED_FACE('',(#11852),#11863,.F.);
#11852 = FACE_BOUND('',#11853,.F.);
#11853 = EDGE_LOOP('',(#11854,#11855,#11861,#11862));
#11854 = ORIENTED_EDGE('',*,*,#10811,.F.);
#11855 = ORIENTED_EDGE('',*,*,#11856,.T.);
#11856 = EDGE_CURVE('',#10804,#11108,#11857,.T.);
#11857 = LINE('',#11858,#11859);
#11858 = CARTESIAN_POINT('',(-46.8,-15.4,65.));
#11859 = VECTOR('',#11860,1.);
#11860 = DIRECTION('',(-6.661338147751E-16,0.,-1.));
#11861 = ORIENTED_EDGE('',*,*,#11107,.T.);
#11862 = ORIENTED_EDGE('',*,*,#11838,.F.);
#11863 = PLANE('',#11864);
#11864 = AXIS2_PLACEMENT_3D('',#11865,#11866,#11867);
#11865 = CARTESIAN_POINT('',(-46.8,-15.4,65.));
#11866 = DIRECTION('',(0.,-1.,-0.));
#11867 = DIRECTION('',(1.,0.,-6.661338147751E-16));
#11868 = ADVANCED_FACE('',(#11869),#11880,.F.);
#11869 = FACE_BOUND('',#11870,.F.);
#11870 = EDGE_LOOP('',(#11871,#11877,#11878,#11879));
#11871 = ORIENTED_EDGE('',*,*,#11872,.T.);
#11872 = EDGE_CURVE('',#10796,#11116,#11873,.T.);
#11873 = LINE('',#11874,#11875);
#11874 = CARTESIAN_POINT('',(-46.8,-14.6,65.));
#11875 = VECTOR('',#11876,1.);
#11876 = DIRECTION('',(-6.661338147751E-16,0.,-1.));
#11877 = ORIENTED_EDGE('',*,*,#11115,.T.);
#11878 = ORIENTED_EDGE('',*,*,#11856,.F.);
#11879 = ORIENTED_EDGE('',*,*,#10803,.F.);
#11880 = PLANE('',#11881);
#11881 = AXIS2_PLACEMENT_3D('',#11882,#11883,#11884);
#11882 = CARTESIAN_POINT('',(-46.8,-14.6,65.));
#11883 = DIRECTION('',(-1.,0.,6.661338147751E-16));
#11884 = DIRECTION('',(0.,-1.,-0.));
#11885 = ADVANCED_FACE('',(#11886),#11897,.F.);
#11886 = FACE_BOUND('',#11887,.F.);
#11887 = EDGE_LOOP('',(#11888,#11889,#11895,#11896));
#11888 = ORIENTED_EDGE('',*,*,#10795,.F.);
#11889 = ORIENTED_EDGE('',*,*,#11890,.F.);
#11890 = EDGE_CURVE('',#11124,#10788,#11891,.T.);
#11891 = LINE('',#11892,#11893);
#11892 = CARTESIAN_POINT('',(-46.,-14.6,59.75));
#11893 = VECTOR('',#11894,1.);
#11894 = DIRECTION('',(1.670621313245E-15,0.,1.));
#11895 = ORIENTED_EDGE('',*,*,#11123,.T.);
#11896 = ORIENTED_EDGE('',*,*,#11872,.F.);
#11897 = PLANE('',#11898);
#11898 = AXIS2_PLACEMENT_3D('',#11899,#11900,#11901);
#11899 = CARTESIAN_POINT('',(-45.9,-14.6,65.));
#11900 = DIRECTION('',(0.,1.,0.));
#11901 = DIRECTION('',(-1.,0.,6.661338147751E-16));
#11902 = ADVANCED_FACE('',(#11903),#11914,.T.);
#11903 = FACE_BOUND('',#11904,.T.);
#11904 = EDGE_LOOP('',(#11905,#11911,#11912,#11913));
#11905 = ORIENTED_EDGE('',*,*,#11906,.F.);
#11906 = EDGE_CURVE('',#10780,#11132,#11907,.T.);
#11907 = LINE('',#11908,#11909);
#11908 = CARTESIAN_POINT('',(-46.,-10.4,59.75));
#11909 = VECTOR('',#11910,1.);
#11910 = DIRECTION('',(-1.670621313245E-15,0.,-1.));
#11911 = ORIENTED_EDGE('',*,*,#10787,.T.);
#11912 = ORIENTED_EDGE('',*,*,#11890,.F.);
#11913 = ORIENTED_EDGE('',*,*,#11131,.T.);
#11914 = PLANE('',#11915);
#11915 = AXIS2_PLACEMENT_3D('',#11916,#11917,#11918);
#11916 = CARTESIAN_POINT('',(-46.,0.,54.5));
#11917 = DIRECTION('',(1.,0.,-1.670621313245E-15));
#11918 = DIRECTION('',(1.670621313245E-15,0.,1.));
#11919 = ADVANCED_FACE('',(#11920),#11931,.F.);
#11920 = FACE_BOUND('',#11921,.F.);
#11921 = EDGE_LOOP('',(#11922,#11923,#11929,#11930));
#11922 = ORIENTED_EDGE('',*,*,#10779,.F.);
#11923 = ORIENTED_EDGE('',*,*,#11924,.T.);
#11924 = EDGE_CURVE('',#10772,#11140,#11925,.T.);
#11925 = LINE('',#11926,#11927);
#11926 = CARTESIAN_POINT('',(-46.8,-10.4,65.));
#11927 = VECTOR('',#11928,1.);
#11928 = DIRECTION('',(-6.661338147751E-16,0.,-1.));
#11929 = ORIENTED_EDGE('',*,*,#11139,.T.);
#11930 = ORIENTED_EDGE('',*,*,#11906,.F.);
#11931 = PLANE('',#11932);
#11932 = AXIS2_PLACEMENT_3D('',#11933,#11934,#11935);
#11933 = CARTESIAN_POINT('',(-46.8,-10.4,65.));
#11934 = DIRECTION('',(0.,-1.,-0.));
#11935 = DIRECTION('',(1.,0.,-6.661338147751E-16));
#11936 = ADVANCED_FACE('',(#11937),#11948,.F.);
#11937 = FACE_BOUND('',#11938,.F.);
#11938 = EDGE_LOOP('',(#11939,#11945,#11946,#11947));
#11939 = ORIENTED_EDGE('',*,*,#11940,.T.);
#11940 = EDGE_CURVE('',#10764,#11148,#11941,.T.);
#11941 = LINE('',#11942,#11943);
#11942 = CARTESIAN_POINT('',(-46.8,-9.6,65.));
#11943 = VECTOR('',#11944,1.);
#11944 = DIRECTION('',(-6.661338147751E-16,0.,-1.));
#11945 = ORIENTED_EDGE('',*,*,#11147,.T.);
#11946 = ORIENTED_EDGE('',*,*,#11924,.F.);
#11947 = ORIENTED_EDGE('',*,*,#10771,.F.);
#11948 = PLANE('',#11949);
#11949 = AXIS2_PLACEMENT_3D('',#11950,#11951,#11952);
#11950 = CARTESIAN_POINT('',(-46.8,-9.6,65.));
#11951 = DIRECTION('',(-1.,0.,6.661338147751E-16));
#11952 = DIRECTION('',(0.,-1.,-0.));
#11953 = ADVANCED_FACE('',(#11954),#11965,.F.);
#11954 = FACE_BOUND('',#11955,.F.);
#11955 = EDGE_LOOP('',(#11956,#11957,#11963,#11964));
#11956 = ORIENTED_EDGE('',*,*,#10763,.F.);
#11957 = ORIENTED_EDGE('',*,*,#11958,.F.);
#11958 = EDGE_CURVE('',#11156,#10756,#11959,.T.);
#11959 = LINE('',#11960,#11961);
#11960 = CARTESIAN_POINT('',(-46.,-9.6,59.75));
#11961 = VECTOR('',#11962,1.);
#11962 = DIRECTION('',(1.670621313245E-15,0.,1.));
#11963 = ORIENTED_EDGE('',*,*,#11155,.T.);
#11964 = ORIENTED_EDGE('',*,*,#11940,.F.);
#11965 = PLANE('',#11966);
#11966 = AXIS2_PLACEMENT_3D('',#11967,#11968,#11969);
#11967 = CARTESIAN_POINT('',(-45.9,-9.6,65.));
#11968 = DIRECTION('',(0.,1.,0.));
#11969 = DIRECTION('',(-1.,0.,6.661338147751E-16));
#11970 = ADVANCED_FACE('',(#11971),#11982,.T.);
#11971 = FACE_BOUND('',#11972,.T.);
#11972 = EDGE_LOOP('',(#11973,#11979,#11980,#11981));
#11973 = ORIENTED_EDGE('',*,*,#11974,.F.);
#11974 = EDGE_CURVE('',#10748,#11164,#11975,.T.);
#11975 = LINE('',#11976,#11977);
#11976 = CARTESIAN_POINT('',(-46.,-5.4,59.75));
#11977 = VECTOR('',#11978,1.);
#11978 = DIRECTION('',(-1.670621313245E-15,0.,-1.));
#11979 = ORIENTED_EDGE('',*,*,#10755,.T.);
#11980 = ORIENTED_EDGE('',*,*,#11958,.F.);
#11981 = ORIENTED_EDGE('',*,*,#11163,.T.);
#11982 = PLANE('',#11983);
#11983 = AXIS2_PLACEMENT_3D('',#11984,#11985,#11986);
#11984 = CARTESIAN_POINT('',(-46.,0.,54.5));
#11985 = DIRECTION('',(1.,0.,-1.670621313245E-15));
#11986 = DIRECTION('',(1.670621313245E-15,0.,1.));
#11987 = ADVANCED_FACE('',(#11988),#11999,.F.);
#11988 = FACE_BOUND('',#11989,.F.);
#11989 = EDGE_LOOP('',(#11990,#11991,#11997,#11998));
#11990 = ORIENTED_EDGE('',*,*,#10747,.F.);
#11991 = ORIENTED_EDGE('',*,*,#11992,.T.);
#11992 = EDGE_CURVE('',#10740,#11172,#11993,.T.);
#11993 = LINE('',#11994,#11995);
#11994 = CARTESIAN_POINT('',(-46.8,-5.4,65.));
#11995 = VECTOR('',#11996,1.);
#11996 = DIRECTION('',(-6.661338147751E-16,0.,-1.));
#11997 = ORIENTED_EDGE('',*,*,#11171,.T.);
#11998 = ORIENTED_EDGE('',*,*,#11974,.F.);
#11999 = PLANE('',#12000);
#12000 = AXIS2_PLACEMENT_3D('',#12001,#12002,#12003);
#12001 = CARTESIAN_POINT('',(-46.8,-5.4,65.));
#12002 = DIRECTION('',(0.,-1.,-0.));
#12003 = DIRECTION('',(1.,0.,-6.661338147751E-16));
#12004 = ADVANCED_FACE('',(#12005),#12016,.F.);
#12005 = FACE_BOUND('',#12006,.F.);
#12006 = EDGE_LOOP('',(#12007,#12013,#12014,#12015));
#12007 = ORIENTED_EDGE('',*,*,#12008,.T.);
#12008 = EDGE_CURVE('',#10732,#11180,#12009,.T.);
#12009 = LINE('',#12010,#12011);
#12010 = CARTESIAN_POINT('',(-46.8,-4.6,65.));
#12011 = VECTOR('',#12012,1.);
#12012 = DIRECTION('',(-6.661338147751E-16,0.,-1.));
#12013 = ORIENTED_EDGE('',*,*,#11179,.T.);
#12014 = ORIENTED_EDGE('',*,*,#11992,.F.);
#12015 = ORIENTED_EDGE('',*,*,#10739,.F.);
#12016 = PLANE('',#12017);
#12017 = AXIS2_PLACEMENT_3D('',#12018,#12019,#12020);
#12018 = CARTESIAN_POINT('',(-46.8,-4.6,65.));
#12019 = DIRECTION('',(-1.,0.,6.661338147751E-16));
#12020 = DIRECTION('',(0.,-1.,-0.));
#12021 = ADVANCED_FACE('',(#12022),#12033,.F.);
#12022 = FACE_BOUND('',#12023,.F.);
#12023 = EDGE_LOOP('',(#12024,#12025,#12031,#12032));
#12024 = ORIENTED_EDGE('',*,*,#10731,.F.);
#12025 = ORIENTED_EDGE('',*,*,#12026,.F.);
#12026 = EDGE_CURVE('',#11188,#10724,#12027,.T.);
#12027 = LINE('',#12028,#12029);
#12028 = CARTESIAN_POINT('',(-46.,-4.6,59.75));
#12029 = VECTOR('',#12030,1.);
#12030 = DIRECTION('',(1.670621313245E-15,0.,1.));
#12031 = ORIENTED_EDGE('',*,*,#11187,.T.);
#12032 = ORIENTED_EDGE('',*,*,#12008,.F.);
#12033 = PLANE('',#12034);
#12034 = AXIS2_PLACEMENT_3D('',#12035,#12036,#12037);
#12035 = CARTESIAN_POINT('',(-45.9,-4.6,65.));
#12036 = DIRECTION('',(0.,1.,0.));
#12037 = DIRECTION('',(-1.,0.,6.661338147751E-16));
#12038 = ADVANCED_FACE('',(#12039),#12050,.T.);
#12039 = FACE_BOUND('',#12040,.T.);
#12040 = EDGE_LOOP('',(#12041,#12047,#12048,#12049));
#12041 = ORIENTED_EDGE('',*,*,#12042,.F.);
#12042 = EDGE_CURVE('',#10716,#11196,#12043,.T.);
#12043 = LINE('',#12044,#12045);
#12044 = CARTESIAN_POINT('',(-46.,-0.4,59.75));
#12045 = VECTOR('',#12046,1.);
#12046 = DIRECTION('',(-1.670621313245E-15,0.,-1.));
#12047 = ORIENTED_EDGE('',*,*,#10723,.T.);
#12048 = ORIENTED_EDGE('',*,*,#12026,.F.);
#12049 = ORIENTED_EDGE('',*,*,#11195,.T.);
#12050 = PLANE('',#12051);
#12051 = AXIS2_PLACEMENT_3D('',#12052,#12053,#12054);
#12052 = CARTESIAN_POINT('',(-46.,0.,54.5));
#12053 = DIRECTION('',(1.,0.,-1.670621313245E-15));
#12054 = DIRECTION('',(1.670621313245E-15,0.,1.));
#12055 = ADVANCED_FACE('',(#12056),#12067,.F.);
#12056 = FACE_BOUND('',#12057,.F.);
#12057 = EDGE_LOOP('',(#12058,#12059,#12065,#12066));
#12058 = ORIENTED_EDGE('',*,*,#10715,.F.);
#12059 = ORIENTED_EDGE('',*,*,#12060,.T.);
#12060 = EDGE_CURVE('',#10708,#11204,#12061,.T.);
#12061 = LINE('',#12062,#12063);
#12062 = CARTESIAN_POINT('',(-46.8,-0.4,65.));
#12063 = VECTOR('',#12064,1.);
#12064 = DIRECTION('',(-6.661338147751E-16,0.,-1.));
#12065 = ORIENTED_EDGE('',*,*,#11203,.T.);
#12066 = ORIENTED_EDGE('',*,*,#12042,.F.);
#12067 = PLANE('',#12068);
#12068 = AXIS2_PLACEMENT_3D('',#12069,#12070,#12071);
#12069 = CARTESIAN_POINT('',(-46.8,-0.4,65.));
#12070 = DIRECTION('',(0.,-1.,-0.));
#12071 = DIRECTION('',(1.,0.,-6.661338147751E-16));
#12072 = ADVANCED_FACE('',(#12073),#12084,.F.);
#12073 = FACE_BOUND('',#12074,.F.);
#12074 = EDGE_LOOP('',(#12075,#12081,#12082,#12083));
#12075 = ORIENTED_EDGE('',*,*,#12076,.T.);
#12076 = EDGE_CURVE('',#10700,#11212,#12077,.T.);
#12077 = LINE('',#12078,#12079);
#12078 = CARTESIAN_POINT('',(-46.8,0.4,65.));
#12079 = VECTOR('',#12080,1.);
#12080 = DIRECTION('',(-6.661338147751E-16,0.,-1.));
#12081 = ORIENTED_EDGE('',*,*,#11211,.T.);
#12082 = ORIENTED_EDGE('',*,*,#12060,.F.);
#12083 = ORIENTED_EDGE('',*,*,#10707,.F.);
#12084 = PLANE('',#12085);
#12085 = AXIS2_PLACEMENT_3D('',#12086,#12087,#12088);
#12086 = CARTESIAN_POINT('',(-46.8,0.4,65.));
#12087 = DIRECTION('',(-1.,0.,6.661338147751E-16));
#12088 = DIRECTION('',(0.,-1.,-0.));
#12089 = ADVANCED_FACE('',(#12090),#12101,.F.);
#12090 = FACE_BOUND('',#12091,.F.);
#12091 = EDGE_LOOP('',(#12092,#12093,#12099,#12100));
#12092 = ORIENTED_EDGE('',*,*,#10699,.F.);
#12093 = ORIENTED_EDGE('',*,*,#12094,.F.);
#12094 = EDGE_CURVE('',#11220,#10692,#12095,.T.);
#12095 = LINE('',#12096,#12097);
#12096 = CARTESIAN_POINT('',(-46.,0.4,59.75));
#12097 = VECTOR('',#12098,1.);
#12098 = DIRECTION('',(1.670621313245E-15,0.,1.));
#12099 = ORIENTED_EDGE('',*,*,#11219,.T.);
#12100 = ORIENTED_EDGE('',*,*,#12076,.F.);
#12101 = PLANE('',#12102);
#12102 = AXIS2_PLACEMENT_3D('',#12103,#12104,#12105);
#12103 = CARTESIAN_POINT('',(-45.9,0.4,65.));
#12104 = DIRECTION('',(0.,1.,0.));
#12105 = DIRECTION('',(-1.,0.,6.661338147751E-16));
#12106 = ADVANCED_FACE('',(#12107),#12118,.T.);
#12107 = FACE_BOUND('',#12108,.T.);
#12108 = EDGE_LOOP('',(#12109,#12115,#12116,#12117));
#12109 = ORIENTED_EDGE('',*,*,#12110,.F.);
#12110 = EDGE_CURVE('',#10684,#11228,#12111,.T.);
#12111 = LINE('',#12112,#12113);
#12112 = CARTESIAN_POINT('',(-46.,4.6,59.75));
#12113 = VECTOR('',#12114,1.);
#12114 = DIRECTION('',(-1.670621313245E-15,0.,-1.));
#12115 = ORIENTED_EDGE('',*,*,#10691,.T.);
#12116 = ORIENTED_EDGE('',*,*,#12094,.F.);
#12117 = ORIENTED_EDGE('',*,*,#11227,.T.);
#12118 = PLANE('',#12119);
#12119 = AXIS2_PLACEMENT_3D('',#12120,#12121,#12122);
#12120 = CARTESIAN_POINT('',(-46.,0.,54.5));
#12121 = DIRECTION('',(1.,0.,-1.670621313245E-15));
#12122 = DIRECTION('',(1.670621313245E-15,0.,1.));
#12123 = ADVANCED_FACE('',(#12124),#12135,.F.);
#12124 = FACE_BOUND('',#12125,.F.);
#12125 = EDGE_LOOP('',(#12126,#12127,#12133,#12134));
#12126 = ORIENTED_EDGE('',*,*,#10683,.F.);
#12127 = ORIENTED_EDGE('',*,*,#12128,.T.);
#12128 = EDGE_CURVE('',#10676,#11236,#12129,.T.);
#12129 = LINE('',#12130,#12131);
#12130 = CARTESIAN_POINT('',(-46.8,4.6,65.));
#12131 = VECTOR('',#12132,1.);
#12132 = DIRECTION('',(-6.661338147751E-16,0.,-1.));
#12133 = ORIENTED_EDGE('',*,*,#11235,.T.);
#12134 = ORIENTED_EDGE('',*,*,#12110,.F.);
#12135 = PLANE('',#12136);
#12136 = AXIS2_PLACEMENT_3D('',#12137,#12138,#12139);
#12137 = CARTESIAN_POINT('',(-46.8,4.6,65.));
#12138 = DIRECTION('',(0.,-1.,-0.));
#12139 = DIRECTION('',(1.,0.,-6.661338147751E-16));
#12140 = ADVANCED_FACE('',(#12141),#12152,.F.);
#12141 = FACE_BOUND('',#12142,.F.);
#12142 = EDGE_LOOP('',(#12143,#12149,#12150,#12151));
#12143 = ORIENTED_EDGE('',*,*,#12144,.T.);
#12144 = EDGE_CURVE('',#10668,#11244,#12145,.T.);
#12145 = LINE('',#12146,#12147);
#12146 = CARTESIAN_POINT('',(-46.8,5.4,65.));
#12147 = VECTOR('',#12148,1.);
#12148 = DIRECTION('',(-6.661338147751E-16,0.,-1.));
#12149 = ORIENTED_EDGE('',*,*,#11243,.T.);
#12150 = ORIENTED_EDGE('',*,*,#12128,.F.);
#12151 = ORIENTED_EDGE('',*,*,#10675,.F.);
#12152 = PLANE('',#12153);
#12153 = AXIS2_PLACEMENT_3D('',#12154,#12155,#12156);
#12154 = CARTESIAN_POINT('',(-46.8,5.4,65.));
#12155 = DIRECTION('',(-1.,0.,6.661338147751E-16));
#12156 = DIRECTION('',(0.,-1.,-0.));
#12157 = ADVANCED_FACE('',(#12158),#12169,.F.);
#12158 = FACE_BOUND('',#12159,.F.);
#12159 = EDGE_LOOP('',(#12160,#12161,#12167,#12168));
#12160 = ORIENTED_EDGE('',*,*,#10667,.F.);
#12161 = ORIENTED_EDGE('',*,*,#12162,.F.);
#12162 = EDGE_CURVE('',#11252,#10660,#12163,.T.);
#12163 = LINE('',#12164,#12165);
#12164 = CARTESIAN_POINT('',(-46.,5.4,59.75));
#12165 = VECTOR('',#12166,1.);
#12166 = DIRECTION('',(1.670621313245E-15,0.,1.));
#12167 = ORIENTED_EDGE('',*,*,#11251,.T.);
#12168 = ORIENTED_EDGE('',*,*,#12144,.F.);
#12169 = PLANE('',#12170);
#12170 = AXIS2_PLACEMENT_3D('',#12171,#12172,#12173);
#12171 = CARTESIAN_POINT('',(-45.9,5.4,65.));
#12172 = DIRECTION('',(0.,1.,0.));
#12173 = DIRECTION('',(-1.,0.,6.661338147751E-16));
#12174 = ADVANCED_FACE('',(#12175),#12186,.T.);
#12175 = FACE_BOUND('',#12176,.T.);
#12176 = EDGE_LOOP('',(#12177,#12183,#12184,#12185));
#12177 = ORIENTED_EDGE('',*,*,#12178,.F.);
#12178 = EDGE_CURVE('',#10652,#11260,#12179,.T.);
#12179 = LINE('',#12180,#12181);
#12180 = CARTESIAN_POINT('',(-46.,9.6,59.75));
#12181 = VECTOR('',#12182,1.);
#12182 = DIRECTION('',(-1.670621313245E-15,0.,-1.));
#12183 = ORIENTED_EDGE('',*,*,#10659,.T.);
#12184 = ORIENTED_EDGE('',*,*,#12162,.F.);
#12185 = ORIENTED_EDGE('',*,*,#11259,.T.);
#12186 = PLANE('',#12187);
#12187 = AXIS2_PLACEMENT_3D('',#12188,#12189,#12190);
#12188 = CARTESIAN_POINT('',(-46.,0.,54.5));
#12189 = DIRECTION('',(1.,0.,-1.670621313245E-15));
#12190 = DIRECTION('',(1.670621313245E-15,0.,1.));
#12191 = ADVANCED_FACE('',(#12192),#12203,.F.);
#12192 = FACE_BOUND('',#12193,.F.);
#12193 = EDGE_LOOP('',(#12194,#12195,#12201,#12202));
#12194 = ORIENTED_EDGE('',*,*,#10651,.F.);
#12195 = ORIENTED_EDGE('',*,*,#12196,.T.);
#12196 = EDGE_CURVE('',#10644,#11268,#12197,.T.);
#12197 = LINE('',#12198,#12199);
#12198 = CARTESIAN_POINT('',(-46.8,9.6,65.));
#12199 = VECTOR('',#12200,1.);
#12200 = DIRECTION('',(-6.661338147751E-16,0.,-1.));
#12201 = ORIENTED_EDGE('',*,*,#11267,.T.);
#12202 = ORIENTED_EDGE('',*,*,#12178,.F.);
#12203 = PLANE('',#12204);
#12204 = AXIS2_PLACEMENT_3D('',#12205,#12206,#12207);
#12205 = CARTESIAN_POINT('',(-46.8,9.6,65.));
#12206 = DIRECTION('',(0.,-1.,-0.));
#12207 = DIRECTION('',(1.,0.,-6.661338147751E-16));
#12208 = ADVANCED_FACE('',(#12209),#12220,.F.);
#12209 = FACE_BOUND('',#12210,.F.);
#12210 = EDGE_LOOP('',(#12211,#12217,#12218,#12219));
#12211 = ORIENTED_EDGE('',*,*,#12212,.T.);
#12212 = EDGE_CURVE('',#10636,#11276,#12213,.T.);
#12213 = LINE('',#12214,#12215);
#12214 = CARTESIAN_POINT('',(-46.8,10.4,65.));
#12215 = VECTOR('',#12216,1.);
#12216 = DIRECTION('',(-6.661338147751E-16,0.,-1.));
#12217 = ORIENTED_EDGE('',*,*,#11275,.T.);
#12218 = ORIENTED_EDGE('',*,*,#12196,.F.);
#12219 = ORIENTED_EDGE('',*,*,#10643,.F.);
#12220 = PLANE('',#12221);
#12221 = AXIS2_PLACEMENT_3D('',#12222,#12223,#12224);
#12222 = CARTESIAN_POINT('',(-46.8,10.4,65.));
#12223 = DIRECTION('',(-1.,0.,6.661338147751E-16));
#12224 = DIRECTION('',(0.,-1.,-0.));
#12225 = ADVANCED_FACE('',(#12226),#12237,.F.);
#12226 = FACE_BOUND('',#12227,.F.);
#12227 = EDGE_LOOP('',(#12228,#12229,#12235,#12236));
#12228 = ORIENTED_EDGE('',*,*,#10635,.F.);
#12229 = ORIENTED_EDGE('',*,*,#12230,.F.);
#12230 = EDGE_CURVE('',#11284,#10628,#12231,.T.);
#12231 = LINE('',#12232,#12233);
#12232 = CARTESIAN_POINT('',(-46.,10.4,59.75));
#12233 = VECTOR('',#12234,1.);
#12234 = DIRECTION('',(1.670621313245E-15,0.,1.));
#12235 = ORIENTED_EDGE('',*,*,#11283,.T.);
#12236 = ORIENTED_EDGE('',*,*,#12212,.F.);
#12237 = PLANE('',#12238);
#12238 = AXIS2_PLACEMENT_3D('',#12239,#12240,#12241);
#12239 = CARTESIAN_POINT('',(-45.9,10.4,65.));
#12240 = DIRECTION('',(0.,1.,0.));
#12241 = DIRECTION('',(-1.,0.,6.661338147751E-16));
#12242 = ADVANCED_FACE('',(#12243),#12254,.T.);
#12243 = FACE_BOUND('',#12244,.T.);
#12244 = EDGE_LOOP('',(#12245,#12251,#12252,#12253));
#12245 = ORIENTED_EDGE('',*,*,#12246,.F.);
#12246 = EDGE_CURVE('',#10620,#11292,#12247,.T.);
#12247 = LINE('',#12248,#12249);
#12248 = CARTESIAN_POINT('',(-46.,14.6,59.75));
#12249 = VECTOR('',#12250,1.);
#12250 = DIRECTION('',(-1.670621313245E-15,0.,-1.));
#12251 = ORIENTED_EDGE('',*,*,#10627,.T.);
#12252 = ORIENTED_EDGE('',*,*,#12230,.F.);
#12253 = ORIENTED_EDGE('',*,*,#11291,.T.);
#12254 = PLANE('',#12255);
#12255 = AXIS2_PLACEMENT_3D('',#12256,#12257,#12258);
#12256 = CARTESIAN_POINT('',(-46.,0.,54.5));
#12257 = DIRECTION('',(1.,0.,-1.670621313245E-15));
#12258 = DIRECTION('',(1.670621313245E-15,0.,1.));
#12259 = ADVANCED_FACE('',(#12260),#12271,.F.);
#12260 = FACE_BOUND('',#12261,.F.);
#12261 = EDGE_LOOP('',(#12262,#12263,#12269,#12270));
#12262 = ORIENTED_EDGE('',*,*,#10619,.F.);
#12263 = ORIENTED_EDGE('',*,*,#12264,.T.);
#12264 = EDGE_CURVE('',#10612,#11300,#12265,.T.);
#12265 = LINE('',#12266,#12267);
#12266 = CARTESIAN_POINT('',(-46.8,14.6,65.));
#12267 = VECTOR('',#12268,1.);
#12268 = DIRECTION('',(-6.661338147751E-16,0.,-1.));
#12269 = ORIENTED_EDGE('',*,*,#11299,.T.);
#12270 = ORIENTED_EDGE('',*,*,#12246,.F.);
#12271 = PLANE('',#12272);
#12272 = AXIS2_PLACEMENT_3D('',#12273,#12274,#12275);
#12273 = CARTESIAN_POINT('',(-46.8,14.6,65.));
#12274 = DIRECTION('',(0.,-1.,-0.));
#12275 = DIRECTION('',(1.,0.,-6.661338147751E-16));
#12276 = ADVANCED_FACE('',(#12277),#12288,.F.);
#12277 = FACE_BOUND('',#12278,.F.);
#12278 = EDGE_LOOP('',(#12279,#12285,#12286,#12287));
#12279 = ORIENTED_EDGE('',*,*,#12280,.T.);
#12280 = EDGE_CURVE('',#10604,#11308,#12281,.T.);
#12281 = LINE('',#12282,#12283);
#12282 = CARTESIAN_POINT('',(-46.8,15.4,65.));
#12283 = VECTOR('',#12284,1.);
#12284 = DIRECTION('',(-6.661338147751E-16,0.,-1.));
#12285 = ORIENTED_EDGE('',*,*,#11307,.T.);
#12286 = ORIENTED_EDGE('',*,*,#12264,.F.);
#12287 = ORIENTED_EDGE('',*,*,#10611,.F.);
#12288 = PLANE('',#12289);
#12289 = AXIS2_PLACEMENT_3D('',#12290,#12291,#12292);
#12290 = CARTESIAN_POINT('',(-46.8,15.4,65.));
#12291 = DIRECTION('',(-1.,0.,6.661338147751E-16));
#12292 = DIRECTION('',(0.,-1.,-0.));
#12293 = ADVANCED_FACE('',(#12294),#12305,.F.);
#12294 = FACE_BOUND('',#12295,.F.);
#12295 = EDGE_LOOP('',(#12296,#12297,#12303,#12304));
#12296 = ORIENTED_EDGE('',*,*,#10603,.F.);
#12297 = ORIENTED_EDGE('',*,*,#12298,.F.);
#12298 = EDGE_CURVE('',#11316,#10596,#12299,.T.);
#12299 = LINE('',#12300,#12301);
#12300 = CARTESIAN_POINT('',(-46.,15.4,59.75));
#12301 = VECTOR('',#12302,1.);
#12302 = DIRECTION('',(1.670621313245E-15,0.,1.));
#12303 = ORIENTED_EDGE('',*,*,#11315,.T.);
#12304 = ORIENTED_EDGE('',*,*,#12280,.F.);
#12305 = PLANE('',#12306);
#12306 = AXIS2_PLACEMENT_3D('',#12307,#12308,#12309);
#12307 = CARTESIAN_POINT('',(-45.9,15.4,65.));
#12308 = DIRECTION('',(0.,1.,0.));
#12309 = DIRECTION('',(-1.,0.,6.661338147751E-16));
#12310 = ADVANCED_FACE('',(#12311),#12322,.T.);
#12311 = FACE_BOUND('',#12312,.T.);
#12312 = EDGE_LOOP('',(#12313,#12319,#12320,#12321));
#12313 = ORIENTED_EDGE('',*,*,#12314,.F.);
#12314 = EDGE_CURVE('',#10588,#11324,#12315,.T.);
#12315 = LINE('',#12316,#12317);
#12316 = CARTESIAN_POINT('',(-46.,19.6,59.75));
#12317 = VECTOR('',#12318,1.);
#12318 = DIRECTION('',(-1.670621313245E-15,0.,-1.));
#12319 = ORIENTED_EDGE('',*,*,#10595,.T.);
#12320 = ORIENTED_EDGE('',*,*,#12298,.F.);
#12321 = ORIENTED_EDGE('',*,*,#11323,.T.);
#12322 = PLANE('',#12323);
#12323 = AXIS2_PLACEMENT_3D('',#12324,#12325,#12326);
#12324 = CARTESIAN_POINT('',(-46.,0.,54.5));
#12325 = DIRECTION('',(1.,0.,-1.670621313245E-15));
#12326 = DIRECTION('',(1.670621313245E-15,0.,1.));
#12327 = ADVANCED_FACE('',(#12328),#12339,.F.);
#12328 = FACE_BOUND('',#12329,.F.);
#12329 = EDGE_LOOP('',(#12330,#12331,#12337,#12338));
#12330 = ORIENTED_EDGE('',*,*,#10587,.F.);
#12331 = ORIENTED_EDGE('',*,*,#12332,.T.);
#12332 = EDGE_CURVE('',#10580,#11332,#12333,.T.);
#12333 = LINE('',#12334,#12335);
#12334 = CARTESIAN_POINT('',(-46.8,19.6,65.));
#12335 = VECTOR('',#12336,1.);
#12336 = DIRECTION('',(-6.661338147751E-16,0.,-1.));
#12337 = ORIENTED_EDGE('',*,*,#11331,.T.);
#12338 = ORIENTED_EDGE('',*,*,#12314,.F.);
#12339 = PLANE('',#12340);
#12340 = AXIS2_PLACEMENT_3D('',#12341,#12342,#12343);
#12341 = CARTESIAN_POINT('',(-46.8,19.6,65.));
#12342 = DIRECTION('',(0.,-1.,-0.));
#12343 = DIRECTION('',(1.,0.,-6.661338147751E-16));
#12344 = ADVANCED_FACE('',(#12345),#12356,.F.);
#12345 = FACE_BOUND('',#12346,.F.);
#12346 = EDGE_LOOP('',(#12347,#12353,#12354,#12355));
#12347 = ORIENTED_EDGE('',*,*,#12348,.T.);
#12348 = EDGE_CURVE('',#10572,#11340,#12349,.T.);
#12349 = LINE('',#12350,#12351);
#12350 = CARTESIAN_POINT('',(-46.8,20.4,65.));
#12351 = VECTOR('',#12352,1.);
#12352 = DIRECTION('',(-6.661338147751E-16,0.,-1.));
#12353 = ORIENTED_EDGE('',*,*,#11339,.T.);
#12354 = ORIENTED_EDGE('',*,*,#12332,.F.);
#12355 = ORIENTED_EDGE('',*,*,#10579,.F.);
#12356 = PLANE('',#12357);
#12357 = AXIS2_PLACEMENT_3D('',#12358,#12359,#12360);
#12358 = CARTESIAN_POINT('',(-46.8,20.4,65.));
#12359 = DIRECTION('',(-1.,0.,6.661338147751E-16));
#12360 = DIRECTION('',(0.,-1.,-0.));
#12361 = ADVANCED_FACE('',(#12362),#12373,.F.);
#12362 = FACE_BOUND('',#12363,.F.);
#12363 = EDGE_LOOP('',(#12364,#12365,#12371,#12372));
#12364 = ORIENTED_EDGE('',*,*,#10571,.F.);
#12365 = ORIENTED_EDGE('',*,*,#12366,.F.);
#12366 = EDGE_CURVE('',#11348,#10564,#12367,.T.);
#12367 = LINE('',#12368,#12369);
#12368 = CARTESIAN_POINT('',(-46.,20.4,59.75));
#12369 = VECTOR('',#12370,1.);
#12370 = DIRECTION('',(1.670621313245E-15,0.,1.));
#12371 = ORIENTED_EDGE('',*,*,#11347,.T.);
#12372 = ORIENTED_EDGE('',*,*,#12348,.F.);
#12373 = PLANE('',#12374);
#12374 = AXIS2_PLACEMENT_3D('',#12375,#12376,#12377);
#12375 = CARTESIAN_POINT('',(-45.9,20.4,65.));
#12376 = DIRECTION('',(0.,1.,0.));
#12377 = DIRECTION('',(-1.,0.,6.661338147751E-16));
#12378 = ADVANCED_FACE('',(#12379),#12407,.T.);
#12379 = FACE_BOUND('',#12380,.T.);
#12380 = EDGE_LOOP('',(#12381,#12389,#12390,#12391,#12392,#12400));
#12381 = ORIENTED_EDGE('',*,*,#12382,.F.);
#12382 = EDGE_CURVE('',#10556,#12383,#12385,.T.);
#12383 = VERTEX_POINT('',#12384);
#12384 = CARTESIAN_POINT('',(-46.,24.6,58.881780460041));
#12385 = LINE('',#12386,#12387);
#12386 = CARTESIAN_POINT('',(-46.,24.6,59.75));
#12387 = VECTOR('',#12388,1.);
#12388 = DIRECTION('',(-1.670621313245E-15,0.,-1.));
#12389 = ORIENTED_EDGE('',*,*,#10563,.T.);
#12390 = ORIENTED_EDGE('',*,*,#12366,.F.);
#12391 = ORIENTED_EDGE('',*,*,#11355,.T.);
#12392 = ORIENTED_EDGE('',*,*,#12393,.F.);
#12393 = EDGE_CURVE('',#12394,#11356,#12396,.T.);
#12394 = VERTEX_POINT('',#12395);
#12395 = CARTESIAN_POINT('',(-46.,24.6,50.118219539959));
#12396 = LINE('',#12397,#12398);
#12397 = CARTESIAN_POINT('',(-46.,24.6,59.75));
#12398 = VECTOR('',#12399,1.);
#12399 = DIRECTION('',(-1.670621313245E-15,0.,-1.));
#12400 = ORIENTED_EDGE('',*,*,#12401,.F.);
#12401 = EDGE_CURVE('',#12383,#12394,#12402,.T.);
#12402 = CIRCLE('',#12403,4.4);
#12403 = AXIS2_PLACEMENT_3D('',#12404,#12405,#12406);
#12404 = CARTESIAN_POINT('',(-46.,25.,54.5));
#12405 = DIRECTION('',(1.,0.,-5.551115123126E-16));
#12406 = DIRECTION('',(-5.551115123126E-16,0.,-1.));
#12407 = PLANE('',#12408);
#12408 = AXIS2_PLACEMENT_3D('',#12409,#12410,#12411);
#12409 = CARTESIAN_POINT('',(-46.,0.,54.5));
#12410 = DIRECTION('',(1.,0.,-1.670621313245E-15));
#12411 = DIRECTION('',(1.670621313245E-15,0.,1.));
#12412 = ADVANCED_FACE('',(#12413),#12431,.F.);
#12413 = FACE_BOUND('',#12414,.F.);
#12414 = EDGE_LOOP('',(#12415,#12416,#12424,#12430));
#12415 = ORIENTED_EDGE('',*,*,#10555,.F.);
#12416 = ORIENTED_EDGE('',*,*,#12417,.T.);
#12417 = EDGE_CURVE('',#10548,#12418,#12420,.T.);
#12418 = VERTEX_POINT('',#12419);
#12419 = CARTESIAN_POINT('',(-46.8,24.6,58.881780460041));
#12420 = LINE('',#12421,#12422);
#12421 = CARTESIAN_POINT('',(-46.8,24.6,65.));
#12422 = VECTOR('',#12423,1.);
#12423 = DIRECTION('',(-6.661338147751E-16,0.,-1.));
#12424 = ORIENTED_EDGE('',*,*,#12425,.T.);
#12425 = EDGE_CURVE('',#12418,#12383,#12426,.T.);
#12426 = LINE('',#12427,#12428);
#12427 = CARTESIAN_POINT('',(-46.,24.6,58.881780460041));
#12428 = VECTOR('',#12429,1.);
#12429 = DIRECTION('',(1.,0.,-5.551115123126E-16));
#12430 = ORIENTED_EDGE('',*,*,#12382,.F.);
#12431 = PLANE('',#12432);
#12432 = AXIS2_PLACEMENT_3D('',#12433,#12434,#12435);
#12433 = CARTESIAN_POINT('',(-46.8,24.6,65.));
#12434 = DIRECTION('',(0.,-1.,-0.));
#12435 = DIRECTION('',(1.,0.,-6.661338147751E-16));
#12436 = ADVANCED_FACE('',(#12437),#12456,.F.);
#12437 = FACE_BOUND('',#12438,.F.);
#12438 = EDGE_LOOP('',(#12439,#12440,#12448,#12455));
#12439 = ORIENTED_EDGE('',*,*,#10547,.F.);
#12440 = ORIENTED_EDGE('',*,*,#12441,.T.);
#12441 = EDGE_CURVE('',#10540,#12442,#12444,.T.);
#12442 = VERTEX_POINT('',#12443);
#12443 = CARTESIAN_POINT('',(-46.8,25.4,58.881780460041));
#12444 = LINE('',#12445,#12446);
#12445 = CARTESIAN_POINT('',(-46.8,25.4,65.));
#12446 = VECTOR('',#12447,1.);
#12447 = DIRECTION('',(-6.661338147751E-16,0.,-1.));
#12448 = ORIENTED_EDGE('',*,*,#12449,.T.);
#12449 = EDGE_CURVE('',#12442,#12418,#12450,.T.);
#12450 = CIRCLE('',#12451,4.4);
#12451 = AXIS2_PLACEMENT_3D('',#12452,#12453,#12454);
#12452 = CARTESIAN_POINT('',(-46.8,25.,54.5));
#12453 = DIRECTION('',(1.,0.,-5.551115123126E-16));
#12454 = DIRECTION('',(-5.551115123126E-16,0.,-1.));
#12455 = ORIENTED_EDGE('',*,*,#12417,.F.);
#12456 = PLANE('',#12457);
#12457 = AXIS2_PLACEMENT_3D('',#12458,#12459,#12460);
#12458 = CARTESIAN_POINT('',(-46.8,25.4,65.));
#12459 = DIRECTION('',(-1.,0.,6.661338147751E-16));
#12460 = DIRECTION('',(0.,-1.,-0.));
#12461 = ADVANCED_FACE('',(#12462),#12480,.F.);
#12462 = FACE_BOUND('',#12463,.F.);
#12463 = EDGE_LOOP('',(#12464,#12465,#12473,#12479));
#12464 = ORIENTED_EDGE('',*,*,#10539,.F.);
#12465 = ORIENTED_EDGE('',*,*,#12466,.F.);
#12466 = EDGE_CURVE('',#12467,#10532,#12469,.T.);
#12467 = VERTEX_POINT('',#12468);
#12468 = CARTESIAN_POINT('',(-46.,25.4,58.881780460041));
#12469 = LINE('',#12470,#12471);
#12470 = CARTESIAN_POINT('',(-46.,25.4,59.75));
#12471 = VECTOR('',#12472,1.);
#12472 = DIRECTION('',(1.670621313245E-15,0.,1.));
#12473 = ORIENTED_EDGE('',*,*,#12474,.F.);
#12474 = EDGE_CURVE('',#12442,#12467,#12475,.T.);
#12475 = LINE('',#12476,#12477);
#12476 = CARTESIAN_POINT('',(-46.,25.4,58.881780460041));
#12477 = VECTOR('',#12478,1.);
#12478 = DIRECTION('',(1.,0.,-5.551115123126E-16));
#12479 = ORIENTED_EDGE('',*,*,#12441,.F.);
#12480 = PLANE('',#12481);
#12481 = AXIS2_PLACEMENT_3D('',#12482,#12483,#12484);
#12482 = CARTESIAN_POINT('',(-45.9,25.4,65.));
#12483 = DIRECTION('',(0.,1.,0.));
#12484 = DIRECTION('',(-1.,0.,6.661338147751E-16));
#12485 = ADVANCED_FACE('',(#12486),#12512,.T.);
#12486 = FACE_BOUND('',#12487,.T.);
#12487 = EDGE_LOOP('',(#12488,#12494,#12495,#12496,#12505,#12511));
#12488 = ORIENTED_EDGE('',*,*,#12489,.F.);
#12489 = EDGE_CURVE('',#10524,#11388,#12490,.T.);
#12490 = LINE('',#12491,#12492);
#12491 = CARTESIAN_POINT('',(-46.,29.6,59.75));
#12492 = VECTOR('',#12493,1.);
#12493 = DIRECTION('',(-1.670621313245E-15,0.,-1.));
#12494 = ORIENTED_EDGE('',*,*,#10531,.T.);
#12495 = ORIENTED_EDGE('',*,*,#12466,.F.);
#12496 = ORIENTED_EDGE('',*,*,#12497,.F.);
#12497 = EDGE_CURVE('',#12498,#12467,#12500,.T.);
#12498 = VERTEX_POINT('',#12499);
#12499 = CARTESIAN_POINT('',(-46.,25.4,50.118219539959));
#12500 = CIRCLE('',#12501,4.4);
#12501 = AXIS2_PLACEMENT_3D('',#12502,#12503,#12504);
#12502 = CARTESIAN_POINT('',(-46.,25.,54.5));
#12503 = DIRECTION('',(1.,0.,-5.551115123126E-16));
#12504 = DIRECTION('',(-5.551115123126E-16,0.,-1.));
#12505 = ORIENTED_EDGE('',*,*,#12506,.F.);
#12506 = EDGE_CURVE('',#11380,#12498,#12507,.T.);
#12507 = LINE('',#12508,#12509);
#12508 = CARTESIAN_POINT('',(-46.,25.4,59.75));
#12509 = VECTOR('',#12510,1.);
#12510 = DIRECTION('',(1.670621313245E-15,0.,1.));
#12511 = ORIENTED_EDGE('',*,*,#11387,.T.);
#12512 = PLANE('',#12513);
#12513 = AXIS2_PLACEMENT_3D('',#12514,#12515,#12516);
#12514 = CARTESIAN_POINT('',(-46.,0.,54.5));
#12515 = DIRECTION('',(1.,0.,-1.670621313245E-15));
#12516 = DIRECTION('',(1.670621313245E-15,0.,1.));
#12517 = ADVANCED_FACE('',(#12518),#12529,.F.);
#12518 = FACE_BOUND('',#12519,.F.);
#12519 = EDGE_LOOP('',(#12520,#12521,#12527,#12528));
#12520 = ORIENTED_EDGE('',*,*,#10523,.F.);
#12521 = ORIENTED_EDGE('',*,*,#12522,.T.);
#12522 = EDGE_CURVE('',#10516,#11396,#12523,.T.);
#12523 = LINE('',#12524,#12525);
#12524 = CARTESIAN_POINT('',(-46.8,29.6,65.));
#12525 = VECTOR('',#12526,1.);
#12526 = DIRECTION('',(-6.661338147751E-16,0.,-1.));
#12527 = ORIENTED_EDGE('',*,*,#11395,.T.);
#12528 = ORIENTED_EDGE('',*,*,#12489,.F.);
#12529 = PLANE('',#12530);
#12530 = AXIS2_PLACEMENT_3D('',#12531,#12532,#12533);
#12531 = CARTESIAN_POINT('',(-46.8,29.6,65.));
#12532 = DIRECTION('',(0.,-1.,-0.));
#12533 = DIRECTION('',(1.,0.,-6.661338147751E-16));
#12534 = ADVANCED_FACE('',(#12535),#12546,.F.);
#12535 = FACE_BOUND('',#12536,.F.);
#12536 = EDGE_LOOP('',(#12537,#12543,#12544,#12545));
#12537 = ORIENTED_EDGE('',*,*,#12538,.T.);
#12538 = EDGE_CURVE('',#10508,#11404,#12539,.T.);
#12539 = LINE('',#12540,#12541);
#12540 = CARTESIAN_POINT('',(-46.8,30.4,65.));
#12541 = VECTOR('',#12542,1.);
#12542 = DIRECTION('',(-6.661338147751E-16,0.,-1.));
#12543 = ORIENTED_EDGE('',*,*,#11403,.T.);
#12544 = ORIENTED_EDGE('',*,*,#12522,.F.);
#12545 = ORIENTED_EDGE('',*,*,#10515,.F.);
#12546 = PLANE('',#12547);
#12547 = AXIS2_PLACEMENT_3D('',#12548,#12549,#12550);
#12548 = CARTESIAN_POINT('',(-46.8,30.4,65.));
#12549 = DIRECTION('',(-1.,0.,6.661338147751E-16));
#12550 = DIRECTION('',(0.,-1.,-0.));
#12551 = ADVANCED_FACE('',(#12552),#12563,.F.);
#12552 = FACE_BOUND('',#12553,.F.);
#12553 = EDGE_LOOP('',(#12554,#12555,#12561,#12562));
#12554 = ORIENTED_EDGE('',*,*,#10507,.F.);
#12555 = ORIENTED_EDGE('',*,*,#12556,.F.);
#12556 = EDGE_CURVE('',#11412,#10500,#12557,.T.);
#12557 = LINE('',#12558,#12559);
#12558 = CARTESIAN_POINT('',(-46.,30.4,59.75));
#12559 = VECTOR('',#12560,1.);
#12560 = DIRECTION('',(1.670621313245E-15,0.,1.));
#12561 = ORIENTED_EDGE('',*,*,#11411,.T.);
#12562 = ORIENTED_EDGE('',*,*,#12538,.F.);
#12563 = PLANE('',#12564);
#12564 = AXIS2_PLACEMENT_3D('',#12565,#12566,#12567);
#12565 = CARTESIAN_POINT('',(-45.9,30.4,65.));
#12566 = DIRECTION('',(0.,1.,0.));
#12567 = DIRECTION('',(-1.,0.,6.661338147751E-16));
#12568 = ADVANCED_FACE('',(#12569),#12580,.T.);
#12569 = FACE_BOUND('',#12570,.T.);
#12570 = EDGE_LOOP('',(#12571,#12577,#12578,#12579));
#12571 = ORIENTED_EDGE('',*,*,#12572,.F.);
#12572 = EDGE_CURVE('',#10492,#11420,#12573,.T.);
#12573 = LINE('',#12574,#12575);
#12574 = CARTESIAN_POINT('',(-46.,34.6,59.75));
#12575 = VECTOR('',#12576,1.);
#12576 = DIRECTION('',(-1.670621313245E-15,0.,-1.));
#12577 = ORIENTED_EDGE('',*,*,#10499,.T.);
#12578 = ORIENTED_EDGE('',*,*,#12556,.F.);
#12579 = ORIENTED_EDGE('',*,*,#11419,.T.);
#12580 = PLANE('',#12581);
#12581 = AXIS2_PLACEMENT_3D('',#12582,#12583,#12584);
#12582 = CARTESIAN_POINT('',(-46.,0.,54.5));
#12583 = DIRECTION('',(1.,0.,-1.670621313245E-15));
#12584 = DIRECTION('',(1.670621313245E-15,0.,1.));
#12585 = ADVANCED_FACE('',(#12586),#12597,.F.);
#12586 = FACE_BOUND('',#12587,.F.);
#12587 = EDGE_LOOP('',(#12588,#12589,#12595,#12596));
#12588 = ORIENTED_EDGE('',*,*,#10491,.F.);
#12589 = ORIENTED_EDGE('',*,*,#12590,.T.);
#12590 = EDGE_CURVE('',#10484,#11428,#12591,.T.);
#12591 = LINE('',#12592,#12593);
#12592 = CARTESIAN_POINT('',(-46.8,34.6,65.));
#12593 = VECTOR('',#12594,1.);
#12594 = DIRECTION('',(-6.661338147751E-16,0.,-1.));
#12595 = ORIENTED_EDGE('',*,*,#11427,.T.);
#12596 = ORIENTED_EDGE('',*,*,#12572,.F.);
#12597 = PLANE('',#12598);
#12598 = AXIS2_PLACEMENT_3D('',#12599,#12600,#12601);
#12599 = CARTESIAN_POINT('',(-46.8,34.6,65.));
#12600 = DIRECTION('',(0.,-1.,-0.));
#12601 = DIRECTION('',(1.,0.,-6.661338147751E-16));
#12602 = ADVANCED_FACE('',(#12603),#12614,.F.);
#12603 = FACE_BOUND('',#12604,.F.);
#12604 = EDGE_LOOP('',(#12605,#12611,#12612,#12613));
#12605 = ORIENTED_EDGE('',*,*,#12606,.T.);
#12606 = EDGE_CURVE('',#10476,#11436,#12607,.T.);
#12607 = LINE('',#12608,#12609);
#12608 = CARTESIAN_POINT('',(-46.8,35.4,65.));
#12609 = VECTOR('',#12610,1.);
#12610 = DIRECTION('',(-6.661338147751E-16,0.,-1.));
#12611 = ORIENTED_EDGE('',*,*,#11435,.T.);
#12612 = ORIENTED_EDGE('',*,*,#12590,.F.);
#12613 = ORIENTED_EDGE('',*,*,#10483,.F.);
#12614 = PLANE('',#12615);
#12615 = AXIS2_PLACEMENT_3D('',#12616,#12617,#12618);
#12616 = CARTESIAN_POINT('',(-46.8,35.4,65.));
#12617 = DIRECTION('',(-1.,0.,6.661338147751E-16));
#12618 = DIRECTION('',(0.,-1.,-0.));
#12619 = ADVANCED_FACE('',(#12620),#12631,.F.);
#12620 = FACE_BOUND('',#12621,.F.);
#12621 = EDGE_LOOP('',(#12622,#12623,#12629,#12630));
#12622 = ORIENTED_EDGE('',*,*,#10475,.F.);
#12623 = ORIENTED_EDGE('',*,*,#12624,.F.);
#12624 = EDGE_CURVE('',#11444,#10468,#12625,.T.);
#12625 = LINE('',#12626,#12627);
#12626 = CARTESIAN_POINT('',(-46.,35.4,59.75));
#12627 = VECTOR('',#12628,1.);
#12628 = DIRECTION('',(1.670621313245E-15,0.,1.));
#12629 = ORIENTED_EDGE('',*,*,#11443,.T.);
#12630 = ORIENTED_EDGE('',*,*,#12606,.F.);
#12631 = PLANE('',#12632);
#12632 = AXIS2_PLACEMENT_3D('',#12633,#12634,#12635);
#12633 = CARTESIAN_POINT('',(-45.9,35.4,65.));
#12634 = DIRECTION('',(0.,1.,0.));
#12635 = DIRECTION('',(-1.,0.,6.661338147751E-16));
#12636 = ADVANCED_FACE('',(#12637),#12648,.T.);
#12637 = FACE_BOUND('',#12638,.T.);
#12638 = EDGE_LOOP('',(#12639,#12645,#12646,#12647));
#12639 = ORIENTED_EDGE('',*,*,#12640,.T.);
#12640 = EDGE_CURVE('',#11452,#10460,#12641,.T.);
#12641 = LINE('',#12642,#12643);
#12642 = CARTESIAN_POINT('',(-46.,39.,44.));
#12643 = VECTOR('',#12644,1.);
#12644 = DIRECTION('',(1.554312234475E-15,0.,1.));
#12645 = ORIENTED_EDGE('',*,*,#10467,.T.);
#12646 = ORIENTED_EDGE('',*,*,#12624,.F.);
#12647 = ORIENTED_EDGE('',*,*,#11451,.T.);
#12648 = PLANE('',#12649);
#12649 = AXIS2_PLACEMENT_3D('',#12650,#12651,#12652);
#12650 = CARTESIAN_POINT('',(-46.,0.,54.5));
#12651 = DIRECTION('',(1.,0.,-1.670621313245E-15));
#12652 = DIRECTION('',(1.670621313245E-15,0.,1.));
#12653 = ADVANCED_FACE('',(#12654),#12660,.F.);
#12654 = FACE_BOUND('',#12655,.F.);
#12655 = EDGE_LOOP('',(#12656,#12657,#12658,#12659));
#12656 = ORIENTED_EDGE('',*,*,#11459,.T.);
#12657 = ORIENTED_EDGE('',*,*,#12640,.T.);
#12658 = ORIENTED_EDGE('',*,*,#10459,.F.);
#12659 = ORIENTED_EDGE('',*,*,#11475,.F.);
#12660 = PLANE('',#12661);
#12661 = AXIS2_PLACEMENT_3D('',#12662,#12663,#12664);
#12662 = CARTESIAN_POINT('',(-50.,39.,44.));
#12663 = DIRECTION('',(0.,-1.,-0.));
#12664 = DIRECTION('',(1.554312234475E-15,0.,1.));
#12665 = ADVANCED_FACE('',(#12666),#12684,.F.);
#12666 = FACE_BOUND('',#12667,.F.);
#12667 = EDGE_LOOP('',(#12668,#12676,#12682,#12683));
#12668 = ORIENTED_EDGE('',*,*,#12669,.F.);
#12669 = EDGE_CURVE('',#12670,#11372,#12672,.T.);
#12670 = VERTEX_POINT('',#12671);
#12671 = CARTESIAN_POINT('',(-46.8,25.4,50.118219539959));
#12672 = LINE('',#12673,#12674);
#12673 = CARTESIAN_POINT('',(-46.8,25.4,65.));
#12674 = VECTOR('',#12675,1.);
#12675 = DIRECTION('',(-6.661338147751E-16,0.,-1.));
#12676 = ORIENTED_EDGE('',*,*,#12677,.T.);
#12677 = EDGE_CURVE('',#12670,#12498,#12678,.T.);
#12678 = LINE('',#12679,#12680);
#12679 = CARTESIAN_POINT('',(-46.,25.4,50.118219539959));
#12680 = VECTOR('',#12681,1.);
#12681 = DIRECTION('',(1.,0.,-5.551115123126E-16));
#12682 = ORIENTED_EDGE('',*,*,#12506,.F.);
#12683 = ORIENTED_EDGE('',*,*,#11379,.T.);
#12684 = PLANE('',#12685);
#12685 = AXIS2_PLACEMENT_3D('',#12686,#12687,#12688);
#12686 = CARTESIAN_POINT('',(-45.9,25.4,65.));
#12687 = DIRECTION('',(0.,1.,0.));
#12688 = DIRECTION('',(-1.,0.,6.661338147751E-16));
#12689 = ADVANCED_FACE('',(#12690),#12718,.F.);
#12690 = FACE_BOUND('',#12691,.F.);
#12691 = EDGE_LOOP('',(#12692,#12701,#12702,#12703,#12711));
#12692 = ORIENTED_EDGE('',*,*,#12693,.T.);
#12693 = EDGE_CURVE('',#12694,#12670,#12696,.T.);
#12694 = VERTEX_POINT('',#12695);
#12695 = CARTESIAN_POINT('',(-46.8,25.,50.1));
#12696 = CIRCLE('',#12697,4.4);
#12697 = AXIS2_PLACEMENT_3D('',#12698,#12699,#12700);
#12698 = CARTESIAN_POINT('',(-46.8,25.,54.5));
#12699 = DIRECTION('',(1.,0.,-5.551115123126E-16));
#12700 = DIRECTION('',(-5.551115123126E-16,0.,-1.));
#12701 = ORIENTED_EDGE('',*,*,#12669,.T.);
#12702 = ORIENTED_EDGE('',*,*,#11371,.T.);
#12703 = ORIENTED_EDGE('',*,*,#12704,.F.);
#12704 = EDGE_CURVE('',#12705,#11364,#12707,.T.);
#12705 = VERTEX_POINT('',#12706);
#12706 = CARTESIAN_POINT('',(-46.8,24.6,50.118219539959));
#12707 = LINE('',#12708,#12709);
#12708 = CARTESIAN_POINT('',(-46.8,24.6,65.));
#12709 = VECTOR('',#12710,1.);
#12710 = DIRECTION('',(-6.661338147751E-16,0.,-1.));
#12711 = ORIENTED_EDGE('',*,*,#12712,.T.);
#12712 = EDGE_CURVE('',#12705,#12694,#12713,.T.);
#12713 = CIRCLE('',#12714,4.4);
#12714 = AXIS2_PLACEMENT_3D('',#12715,#12716,#12717);
#12715 = CARTESIAN_POINT('',(-46.8,25.,54.5));
#12716 = DIRECTION('',(1.,0.,-5.551115123126E-16));
#12717 = DIRECTION('',(-5.551115123126E-16,0.,-1.));
#12718 = PLANE('',#12719);
#12719 = AXIS2_PLACEMENT_3D('',#12720,#12721,#12722);
#12720 = CARTESIAN_POINT('',(-46.8,25.4,65.));
#12721 = DIRECTION('',(-1.,0.,6.661338147751E-16));
#12722 = DIRECTION('',(0.,-1.,-0.));
#12723 = ADVANCED_FACE('',(#12724),#12735,.F.);
#12724 = FACE_BOUND('',#12725,.F.);
#12725 = EDGE_LOOP('',(#12726,#12732,#12733,#12734));
#12726 = ORIENTED_EDGE('',*,*,#12727,.F.);
#12727 = EDGE_CURVE('',#12705,#12394,#12728,.T.);
#12728 = LINE('',#12729,#12730);
#12729 = CARTESIAN_POINT('',(-46.,24.6,50.118219539959));
#12730 = VECTOR('',#12731,1.);
#12731 = DIRECTION('',(1.,0.,-5.551115123126E-16));
#12732 = ORIENTED_EDGE('',*,*,#12704,.T.);
#12733 = ORIENTED_EDGE('',*,*,#11363,.T.);
#12734 = ORIENTED_EDGE('',*,*,#12393,.F.);
#12735 = PLANE('',#12736);
#12736 = AXIS2_PLACEMENT_3D('',#12737,#12738,#12739);
#12737 = CARTESIAN_POINT('',(-46.8,24.6,65.));
#12738 = DIRECTION('',(0.,-1.,-0.));
#12739 = DIRECTION('',(1.,0.,-6.661338147751E-16));
#12740 = ADVANCED_FACE('',(#12741),#12759,.F.);
#12741 = FACE_BOUND('',#12742,.F.);
#12742 = EDGE_LOOP('',(#12743,#12751,#12757,#12758));
#12743 = ORIENTED_EDGE('',*,*,#12744,.F.);
#12744 = EDGE_CURVE('',#12745,#11052,#12747,.T.);
#12745 = VERTEX_POINT('',#12746);
#12746 = CARTESIAN_POINT('',(-46.8,-24.6,50.118219539959));
#12747 = LINE('',#12748,#12749);
#12748 = CARTESIAN_POINT('',(-46.8,-24.6,65.));
#12749 = VECTOR('',#12750,1.);
#12750 = DIRECTION('',(-6.661338147751E-16,0.,-1.));
#12751 = ORIENTED_EDGE('',*,*,#12752,.T.);
#12752 = EDGE_CURVE('',#12745,#11764,#12753,.T.);
#12753 = LINE('',#12754,#12755);
#12754 = CARTESIAN_POINT('',(-46.,-24.6,50.118219539959));
#12755 = VECTOR('',#12756,1.);
#12756 = DIRECTION('',(1.,0.,-5.551115123126E-16));
#12757 = ORIENTED_EDGE('',*,*,#11772,.F.);
#12758 = ORIENTED_EDGE('',*,*,#11059,.T.);
#12759 = PLANE('',#12760);
#12760 = AXIS2_PLACEMENT_3D('',#12761,#12762,#12763);
#12761 = CARTESIAN_POINT('',(-45.9,-24.6,65.));
#12762 = DIRECTION('',(0.,1.,0.));
#12763 = DIRECTION('',(-1.,0.,6.661338147751E-16));
#12764 = ADVANCED_FACE('',(#12765),#12793,.F.);
#12765 = FACE_BOUND('',#12766,.F.);
#12766 = EDGE_LOOP('',(#12767,#12776,#12777,#12778,#12786));
#12767 = ORIENTED_EDGE('',*,*,#12768,.T.);
#12768 = EDGE_CURVE('',#12769,#12745,#12771,.T.);
#12769 = VERTEX_POINT('',#12770);
#12770 = CARTESIAN_POINT('',(-46.8,-25.,50.1));
#12771 = CIRCLE('',#12772,4.4);
#12772 = AXIS2_PLACEMENT_3D('',#12773,#12774,#12775);
#12773 = CARTESIAN_POINT('',(-46.8,-25.,54.5));
#12774 = DIRECTION('',(1.,0.,-5.551115123126E-16));
#12775 = DIRECTION('',(-5.551115123126E-16,0.,-1.));
#12776 = ORIENTED_EDGE('',*,*,#12744,.T.);
#12777 = ORIENTED_EDGE('',*,*,#11051,.T.);
#12778 = ORIENTED_EDGE('',*,*,#12779,.F.);
#12779 = EDGE_CURVE('',#12780,#11044,#12782,.T.);
#12780 = VERTEX_POINT('',#12781);
#12781 = CARTESIAN_POINT('',(-46.8,-25.4,50.118219539959));
#12782 = LINE('',#12783,#12784);
#12783 = CARTESIAN_POINT('',(-46.8,-25.4,65.));
#12784 = VECTOR('',#12785,1.);
#12785 = DIRECTION('',(-6.661338147751E-16,0.,-1.));
#12786 = ORIENTED_EDGE('',*,*,#12787,.T.);
#12787 = EDGE_CURVE('',#12780,#12769,#12788,.T.);
#12788 = CIRCLE('',#12789,4.4);
#12789 = AXIS2_PLACEMENT_3D('',#12790,#12791,#12792);
#12790 = CARTESIAN_POINT('',(-46.8,-25.,54.5));
#12791 = DIRECTION('',(1.,0.,-5.551115123126E-16));
#12792 = DIRECTION('',(-5.551115123126E-16,0.,-1.));
#12793 = PLANE('',#12794);
#12794 = AXIS2_PLACEMENT_3D('',#12795,#12796,#12797);
#12795 = CARTESIAN_POINT('',(-46.8,-24.6,65.));
#12796 = DIRECTION('',(-1.,0.,6.661338147751E-16));
#12797 = DIRECTION('',(0.,-1.,-0.));
#12798 = ADVANCED_FACE('',(#12799),#12810,.F.);
#12799 = FACE_BOUND('',#12800,.F.);
#12800 = EDGE_LOOP('',(#12801,#12807,#12808,#12809));
#12801 = ORIENTED_EDGE('',*,*,#12802,.F.);
#12802 = EDGE_CURVE('',#12780,#11660,#12803,.T.);
#12803 = LINE('',#12804,#12805);
#12804 = CARTESIAN_POINT('',(-46.,-25.4,50.118219539959));
#12805 = VECTOR('',#12806,1.);
#12806 = DIRECTION('',(1.,0.,-5.551115123126E-16));
#12807 = ORIENTED_EDGE('',*,*,#12779,.T.);
#12808 = ORIENTED_EDGE('',*,*,#11043,.T.);
#12809 = ORIENTED_EDGE('',*,*,#11659,.F.);
#12810 = PLANE('',#12811);
#12811 = AXIS2_PLACEMENT_3D('',#12812,#12813,#12814);
#12812 = CARTESIAN_POINT('',(-46.8,-25.4,65.));
#12813 = DIRECTION('',(0.,-1.,-0.));
#12814 = DIRECTION('',(1.,0.,-6.661338147751E-16));
#12815 = ADVANCED_FACE('',(#12816),#12835,.F.);
#12816 = FACE_BOUND('',#12817,.F.);
#12817 = EDGE_LOOP('',(#12818,#12827,#12833,#12834));
#12818 = ORIENTED_EDGE('',*,*,#12819,.F.);
#12819 = EDGE_CURVE('',#12820,#12820,#12822,.T.);
#12820 = VERTEX_POINT('',#12821);
#12821 = CARTESIAN_POINT('',(-47.5,25.,51.8));
#12822 = CIRCLE('',#12823,2.7);
#12823 = AXIS2_PLACEMENT_3D('',#12824,#12825,#12826);
#12824 = CARTESIAN_POINT('',(-47.5,25.,54.5));
#12825 = DIRECTION('',(1.,0.,-8.881784197001E-16));
#12826 = DIRECTION('',(-8.881784197001E-16,0.,-1.));
#12827 = ORIENTED_EDGE('',*,*,#12828,.T.);
#12828 = EDGE_CURVE('',#12820,#11485,#12829,.T.);
#12829 = LINE('',#12830,#12831);
#12830 = CARTESIAN_POINT('',(-46.,25.,51.8));
#12831 = VECTOR('',#12832,1.);
#12832 = DIRECTION('',(-1.,0.,6.661338147751E-16));
#12833 = ORIENTED_EDGE('',*,*,#11484,.T.);
#12834 = ORIENTED_EDGE('',*,*,#12828,.F.);
#12835 = CYLINDRICAL_SURFACE('',#12836,2.7);
#12836 = AXIS2_PLACEMENT_3D('',#12837,#12838,#12839);
#12837 = CARTESIAN_POINT('',(-46.,25.,54.5));
#12838 = DIRECTION('',(1.,0.,-8.881784197001E-16));
#12839 = DIRECTION('',(-8.881784197001E-16,0.,-1.));
#12840 = ADVANCED_FACE('',(#12841),#12860,.F.);
#12841 = FACE_BOUND('',#12842,.F.);
#12842 = EDGE_LOOP('',(#12843,#12852,#12858,#12859));
#12843 = ORIENTED_EDGE('',*,*,#12844,.F.);
#12844 = EDGE_CURVE('',#12845,#12845,#12847,.T.);
#12845 = VERTEX_POINT('',#12846);
#12846 = CARTESIAN_POINT('',(-47.5,-25.,51.8));
#12847 = CIRCLE('',#12848,2.7);
#12848 = AXIS2_PLACEMENT_3D('',#12849,#12850,#12851);
#12849 = CARTESIAN_POINT('',(-47.5,-25.,54.5));
#12850 = DIRECTION('',(1.,0.,-8.881784197001E-16));
#12851 = DIRECTION('',(-8.881784197001E-16,0.,-1.));
#12852 = ORIENTED_EDGE('',*,*,#12853,.T.);
#12853 = EDGE_CURVE('',#12845,#11496,#12854,.T.);
#12854 = LINE('',#12855,#12856);
#12855 = CARTESIAN_POINT('',(-46.,-25.,51.8));
#12856 = VECTOR('',#12857,1.);
#12857 = DIRECTION('',(-1.,0.,6.661338147751E-16));
#12858 = ORIENTED_EDGE('',*,*,#11495,.T.);
#12859 = ORIENTED_EDGE('',*,*,#12853,.F.);
#12860 = CYLINDRICAL_SURFACE('',#12861,2.7);
#12861 = AXIS2_PLACEMENT_3D('',#12862,#12863,#12864);
#12862 = CARTESIAN_POINT('',(-46.,-25.,54.5));
#12863 = DIRECTION('',(1.,0.,-8.881784197001E-16));
#12864 = DIRECTION('',(-8.881784197001E-16,0.,-1.));
#12865 = ADVANCED_FACE('',(#12866),#12893,.F.);
#12866 = FACE_BOUND('',#12867,.F.);
#12867 = EDGE_LOOP('',(#12868,#12869,#12877,#12884,#12885,#12886,#12887,
    #12888,#12889,#12890,#12891,#12892));
#12868 = ORIENTED_EDGE('',*,*,#12768,.F.);
#12869 = ORIENTED_EDGE('',*,*,#12870,.T.);
#12870 = EDGE_CURVE('',#12769,#12871,#12873,.T.);
#12871 = VERTEX_POINT('',#12872);
#12872 = CARTESIAN_POINT('',(-47.5,-25.,50.1));
#12873 = LINE('',#12874,#12875);
#12874 = CARTESIAN_POINT('',(-46.,-25.,50.1));
#12875 = VECTOR('',#12876,1.);
#12876 = DIRECTION('',(-1.,-0.,3.330669073875E-16));
#12877 = ORIENTED_EDGE('',*,*,#12878,.T.);
#12878 = EDGE_CURVE('',#12871,#12871,#12879,.T.);
#12879 = CIRCLE('',#12880,4.4);
#12880 = AXIS2_PLACEMENT_3D('',#12881,#12882,#12883);
#12881 = CARTESIAN_POINT('',(-47.5,-25.,54.5));
#12882 = DIRECTION('',(1.,0.,-5.551115123126E-16));
#12883 = DIRECTION('',(-5.551115123126E-16,0.,-1.));
#12884 = ORIENTED_EDGE('',*,*,#12870,.F.);
#12885 = ORIENTED_EDGE('',*,*,#12787,.F.);
#12886 = ORIENTED_EDGE('',*,*,#12802,.T.);
#12887 = ORIENTED_EDGE('',*,*,#11667,.F.);
#12888 = ORIENTED_EDGE('',*,*,#11691,.F.);
#12889 = ORIENTED_EDGE('',*,*,#11715,.F.);
#12890 = ORIENTED_EDGE('',*,*,#11740,.T.);
#12891 = ORIENTED_EDGE('',*,*,#11763,.F.);
#12892 = ORIENTED_EDGE('',*,*,#12752,.F.);
#12893 = CYLINDRICAL_SURFACE('',#12894,4.4);
#12894 = AXIS2_PLACEMENT_3D('',#12895,#12896,#12897);
#12895 = CARTESIAN_POINT('',(-46.,-25.,54.5));
#12896 = DIRECTION('',(1.,0.,-5.551115123126E-16));
#12897 = DIRECTION('',(-5.551115123126E-16,0.,-1.));
#12898 = ADVANCED_FACE('',(#12899),#12926,.F.);
#12899 = FACE_BOUND('',#12900,.F.);
#12900 = EDGE_LOOP('',(#12901,#12902,#12910,#12917,#12918,#12919,#12920,
    #12921,#12922,#12923,#12924,#12925));
#12901 = ORIENTED_EDGE('',*,*,#12693,.F.);
#12902 = ORIENTED_EDGE('',*,*,#12903,.T.);
#12903 = EDGE_CURVE('',#12694,#12904,#12906,.T.);
#12904 = VERTEX_POINT('',#12905);
#12905 = CARTESIAN_POINT('',(-47.5,25.,50.1));
#12906 = LINE('',#12907,#12908);
#12907 = CARTESIAN_POINT('',(-46.,25.,50.1));
#12908 = VECTOR('',#12909,1.);
#12909 = DIRECTION('',(-1.,-0.,3.330669073875E-16));
#12910 = ORIENTED_EDGE('',*,*,#12911,.T.);
#12911 = EDGE_CURVE('',#12904,#12904,#12912,.T.);
#12912 = CIRCLE('',#12913,4.4);
#12913 = AXIS2_PLACEMENT_3D('',#12914,#12915,#12916);
#12914 = CARTESIAN_POINT('',(-47.5,25.,54.5));
#12915 = DIRECTION('',(1.,0.,-5.551115123126E-16));
#12916 = DIRECTION('',(-5.551115123126E-16,0.,-1.));
#12917 = ORIENTED_EDGE('',*,*,#12903,.F.);
#12918 = ORIENTED_EDGE('',*,*,#12712,.F.);
#12919 = ORIENTED_EDGE('',*,*,#12727,.T.);
#12920 = ORIENTED_EDGE('',*,*,#12401,.F.);
#12921 = ORIENTED_EDGE('',*,*,#12425,.F.);
#12922 = ORIENTED_EDGE('',*,*,#12449,.F.);
#12923 = ORIENTED_EDGE('',*,*,#12474,.T.);
#12924 = ORIENTED_EDGE('',*,*,#12497,.F.);
#12925 = ORIENTED_EDGE('',*,*,#12677,.F.);
#12926 = CYLINDRICAL_SURFACE('',#12927,4.4);
#12927 = AXIS2_PLACEMENT_3D('',#12928,#12929,#12930);
#12928 = CARTESIAN_POINT('',(-46.,25.,54.5));
#12929 = DIRECTION('',(1.,0.,-5.551115123126E-16));
#12930 = DIRECTION('',(-5.551115123126E-16,0.,-1.));
#12931 = ADVANCED_FACE('',(#12932,#12935),#12938,.T.);
#12932 = FACE_BOUND('',#12933,.T.);
#12933 = EDGE_LOOP('',(#12934));
#12934 = ORIENTED_EDGE('',*,*,#12911,.T.);
#12935 = FACE_BOUND('',#12936,.T.);
#12936 = EDGE_LOOP('',(#12937));
#12937 = ORIENTED_EDGE('',*,*,#12819,.F.);
#12938 = PLANE('',#12939);
#12939 = AXIS2_PLACEMENT_3D('',#12940,#12941,#12942);
#12940 = CARTESIAN_POINT('',(-47.5,3.107818483044E-16,54.5));
#12941 = DIRECTION('',(1.,0.,-3.330669073875E-16));
#12942 = DIRECTION('',(3.330669073875E-16,0.,1.));
#12943 = ADVANCED_FACE('',(#12944,#12947),#12950,.T.);
#12944 = FACE_BOUND('',#12945,.T.);
#12945 = EDGE_LOOP('',(#12946));
#12946 = ORIENTED_EDGE('',*,*,#12878,.T.);
#12947 = FACE_BOUND('',#12948,.T.);
#12948 = EDGE_LOOP('',(#12949));
#12949 = ORIENTED_EDGE('',*,*,#12844,.F.);
#12950 = PLANE('',#12951);
#12951 = AXIS2_PLACEMENT_3D('',#12952,#12953,#12954);
#12952 = CARTESIAN_POINT('',(-47.5,3.107818483044E-16,54.5));
#12953 = DIRECTION('',(1.,0.,-3.330669073875E-16));
#12954 = DIRECTION('',(3.330669073875E-16,0.,1.));
#12955 = ( GEOMETRIC_REPRESENTATION_CONTEXT(3) 
GLOBAL_UNCERTAINTY_ASSIGNED_CONTEXT((#12959)) 
GLOBAL_UNIT_ASSIGNED_CONTEXT((#12956,#12957,#12958)) 
REPRESENTATION_CONTEXT('Context #1',
  '3D Context with UNIT and UNCERTAINTY') );
#12956 = ( LENGTH_UNIT() NAMED_UNIT(*) SI_UNIT(.MILLI.,.METRE.) );
#12957 = ( NAMED_UNIT(*) PLANE_ANGLE_UNIT() SI_UNIT($,.RADIAN.) );
#12958 = ( NAMED_UNIT(*) SI_UNIT($,.STERADIAN.) SOLID_ANGLE_UNIT() );
#12959 = UNCERTAINTY_MEASURE_WITH_UNIT(LENGTH_MEASURE(2.E-05),#12956,
  'distance_accuracy_value','confusion accuracy');
#12960 = CONTEXT_DEPENDENT_SHAPE_REPRESENTATION(#12961,#12963);
#12961 = ( REPRESENTATION_RELATIONSHIP('','',#10404,#10) 
REPRESENTATION_RELATIONSHIP_WITH_TRANSFORMATION(#12962) 
SHAPE_REPRESENTATION_RELATIONSHIP() );
#12962 = ITEM_DEFINED_TRANSFORMATION('','',#11,#39);
#12963 = PRODUCT_DEFINITION_SHAPE('Placement','Placement of an item',
  #12964);
#12964 = NEXT_ASSEMBLY_USAGE_OCCURRENCE('18',
  '05 | Gehaertete feste Spannbacke','',#5,#10399,$);
#12965 = PRODUCT_RELATED_PRODUCT_CATEGORY('part',$,(#10401));
#12966 = SHAPE_DEFINITION_REPRESENTATION(#12967,#12973);
#12967 = PRODUCT_DEFINITION_SHAPE('','',#12968);
#12968 = PRODUCT_DEFINITION('design','',#12969,#12972);
#12969 = PRODUCT_DEFINITION_FORMATION('','',#12970);
#12970 = PRODUCT('06 | Gehaertete bewegliche Spannbacke',
  '06 | Gehaertete bewegliche Spannbacke','',(#12971));
#12971 = PRODUCT_CONTEXT('',#2,'mechanical');
#12972 = PRODUCT_DEFINITION_CONTEXT('part definition',#2,'design');
#12973 = ADVANCED_BREP_SHAPE_REPRESENTATION('',(#11,#12974),#15524);
#12974 = MANIFOLD_SOLID_BREP('',#12975);
#12975 = CLOSED_SHELL('',(#12976,#13016,#13527,#14038,#14055,#14094,
    #14116,#14133,#14150,#14167,#14184,#14201,#14218,#14235,#14269,
    #14293,#14318,#14342,#14374,#14391,#14408,#14425,#14442,#14459,
    #14476,#14493,#14510,#14527,#14544,#14561,#14578,#14595,#14612,
    #14629,#14646,#14663,#14680,#14697,#14714,#14731,#14748,#14765,
    #14782,#14799,#14816,#14833,#14850,#14867,#14884,#14901,#14918,
    #14935,#14952,#14969,#15003,#15027,#15052,#15076,#15108,#15125,
    #15142,#15159,#15176,#15193,#15210,#15222,#15234,#15258,#15292,
    #15309,#15333,#15367,#15384,#15409,#15434,#15467,#15500,#15512));
#12976 = ADVANCED_FACE('',(#12977),#13011,.F.);
#12977 = FACE_BOUND('',#12978,.F.);
#12978 = EDGE_LOOP('',(#12979,#12989,#12997,#13005));
#12979 = ORIENTED_EDGE('',*,*,#12980,.T.);
#12980 = EDGE_CURVE('',#12981,#12983,#12985,.T.);
#12981 = VERTEX_POINT('',#12982);
#12982 = CARTESIAN_POINT('',(12.,-39.,65.));
#12983 = VERTEX_POINT('',#12984);
#12984 = CARTESIAN_POINT('',(16.,-39.,65.));
#12985 = LINE('',#12986,#12987);
#12986 = CARTESIAN_POINT('',(12.,-39.,65.));
#12987 = VECTOR('',#12988,1.);
#12988 = DIRECTION('',(1.,0.,-1.33226762955E-15));
#12989 = ORIENTED_EDGE('',*,*,#12990,.T.);
#12990 = EDGE_CURVE('',#12983,#12991,#12993,.T.);
#12991 = VERTEX_POINT('',#12992);
#12992 = CARTESIAN_POINT('',(16.,-39.,44.));
#12993 = LINE('',#12994,#12995);
#12994 = CARTESIAN_POINT('',(16.,-39.,65.));
#12995 = VECTOR('',#12996,1.);
#12996 = DIRECTION('',(-1.554312234475E-15,0.,-1.));
#12997 = ORIENTED_EDGE('',*,*,#12998,.F.);
#12998 = EDGE_CURVE('',#12999,#12991,#13001,.T.);
#12999 = VERTEX_POINT('',#13000);
#13000 = CARTESIAN_POINT('',(12.,-39.,44.));
#13001 = LINE('',#13002,#13003);
#13002 = CARTESIAN_POINT('',(12.,-39.,44.));
#13003 = VECTOR('',#13004,1.);
#13004 = DIRECTION('',(1.,0.,-1.33226762955E-15));
#13005 = ORIENTED_EDGE('',*,*,#13006,.F.);
#13006 = EDGE_CURVE('',#12981,#12999,#13007,.T.);
#13007 = LINE('',#13008,#13009);
#13008 = CARTESIAN_POINT('',(12.,-39.,65.));
#13009 = VECTOR('',#13010,1.);
#13010 = DIRECTION('',(-1.554312234475E-15,0.,-1.));
#13011 = PLANE('',#13012);
#13012 = AXIS2_PLACEMENT_3D('',#13013,#13014,#13015);
#13013 = CARTESIAN_POINT('',(12.,-39.,65.));
#13014 = DIRECTION('',(0.,1.,0.));
#13015 = DIRECTION('',(-1.554312234475E-15,0.,-1.));
#13016 = ADVANCED_FACE('',(#13017),#13522,.F.);
#13017 = FACE_BOUND('',#13018,.F.);
#13018 = EDGE_LOOP('',(#13019,#13029,#13037,#13043,#13044,#13052,#13060,
    #13068,#13076,#13084,#13092,#13100,#13108,#13116,#13124,#13132,
    #13140,#13148,#13156,#13164,#13172,#13180,#13188,#13196,#13204,
    #13212,#13220,#13228,#13236,#13244,#13252,#13260,#13268,#13276,
    #13284,#13292,#13300,#13308,#13316,#13324,#13332,#13340,#13348,
    #13356,#13364,#13372,#13380,#13388,#13396,#13404,#13412,#13420,
    #13428,#13436,#13444,#13452,#13460,#13468,#13476,#13484,#13492,
    #13500,#13508,#13516));
#13019 = ORIENTED_EDGE('',*,*,#13020,.F.);
#13020 = EDGE_CURVE('',#13021,#13023,#13025,.T.);
#13021 = VERTEX_POINT('',#13022);
#13022 = CARTESIAN_POINT('',(12.,39.,65.));
#13023 = VERTEX_POINT('',#13024);
#13024 = CARTESIAN_POINT('',(12.,35.4,65.));
#13025 = LINE('',#13026,#13027);
#13026 = CARTESIAN_POINT('',(12.,39.,65.));
#13027 = VECTOR('',#13028,1.);
#13028 = DIRECTION('',(0.,-1.,-0.));
#13029 = ORIENTED_EDGE('',*,*,#13030,.T.);
#13030 = EDGE_CURVE('',#13021,#13031,#13033,.T.);
#13031 = VERTEX_POINT('',#13032);
#13032 = CARTESIAN_POINT('',(16.,39.,65.));
#13033 = LINE('',#13034,#13035);
#13034 = CARTESIAN_POINT('',(12.,39.,65.));
#13035 = VECTOR('',#13036,1.);
#13036 = DIRECTION('',(1.,0.,-1.33226762955E-15));
#13037 = ORIENTED_EDGE('',*,*,#13038,.T.);
#13038 = EDGE_CURVE('',#13031,#12983,#13039,.T.);
#13039 = LINE('',#13040,#13041);
#13040 = CARTESIAN_POINT('',(16.,39.,65.));
#13041 = VECTOR('',#13042,1.);
#13042 = DIRECTION('',(0.,-1.,-0.));
#13043 = ORIENTED_EDGE('',*,*,#12980,.F.);
#13044 = ORIENTED_EDGE('',*,*,#13045,.F.);
#13045 = EDGE_CURVE('',#13046,#12981,#13048,.T.);
#13046 = VERTEX_POINT('',#13047);
#13047 = CARTESIAN_POINT('',(12.,-35.4,65.));
#13048 = LINE('',#13049,#13050);
#13049 = CARTESIAN_POINT('',(12.,39.,65.));
#13050 = VECTOR('',#13051,1.);
#13051 = DIRECTION('',(0.,-1.,-0.));
#13052 = ORIENTED_EDGE('',*,*,#13053,.T.);
#13053 = EDGE_CURVE('',#13046,#13054,#13056,.T.);
#13054 = VERTEX_POINT('',#13055);
#13055 = CARTESIAN_POINT('',(12.8,-35.4,65.));
#13056 = LINE('',#13057,#13058);
#13057 = CARTESIAN_POINT('',(11.9,-35.4,65.));
#13058 = VECTOR('',#13059,1.);
#13059 = DIRECTION('',(1.,0.,-9.992007221626E-16));
#13060 = ORIENTED_EDGE('',*,*,#13061,.T.);
#13061 = EDGE_CURVE('',#13054,#13062,#13064,.T.);
#13062 = VERTEX_POINT('',#13063);
#13063 = CARTESIAN_POINT('',(12.8,-34.6,65.));
#13064 = LINE('',#13065,#13066);
#13065 = CARTESIAN_POINT('',(12.8,-35.4,65.));
#13066 = VECTOR('',#13067,1.);
#13067 = DIRECTION('',(0.,1.,0.));
#13068 = ORIENTED_EDGE('',*,*,#13069,.T.);
#13069 = EDGE_CURVE('',#13062,#13070,#13072,.T.);
#13070 = VERTEX_POINT('',#13071);
#13071 = CARTESIAN_POINT('',(12.,-34.6,65.));
#13072 = LINE('',#13073,#13074);
#13073 = CARTESIAN_POINT('',(12.8,-34.6,65.));
#13074 = VECTOR('',#13075,1.);
#13075 = DIRECTION('',(-1.,0.,9.992007221626E-16));
#13076 = ORIENTED_EDGE('',*,*,#13077,.F.);
#13077 = EDGE_CURVE('',#13078,#13070,#13080,.T.);
#13078 = VERTEX_POINT('',#13079);
#13079 = CARTESIAN_POINT('',(12.,-30.4,65.));
#13080 = LINE('',#13081,#13082);
#13081 = CARTESIAN_POINT('',(12.,39.,65.));
#13082 = VECTOR('',#13083,1.);
#13083 = DIRECTION('',(0.,-1.,-0.));
#13084 = ORIENTED_EDGE('',*,*,#13085,.T.);
#13085 = EDGE_CURVE('',#13078,#13086,#13088,.T.);
#13086 = VERTEX_POINT('',#13087);
#13087 = CARTESIAN_POINT('',(12.8,-30.4,65.));
#13088 = LINE('',#13089,#13090);
#13089 = CARTESIAN_POINT('',(11.9,-30.4,65.));
#13090 = VECTOR('',#13091,1.);
#13091 = DIRECTION('',(1.,0.,-6.661338147751E-16));
#13092 = ORIENTED_EDGE('',*,*,#13093,.T.);
#13093 = EDGE_CURVE('',#13086,#13094,#13096,.T.);
#13094 = VERTEX_POINT('',#13095);
#13095 = CARTESIAN_POINT('',(12.8,-29.6,65.));
#13096 = LINE('',#13097,#13098);
#13097 = CARTESIAN_POINT('',(12.8,-30.4,65.));
#13098 = VECTOR('',#13099,1.);
#13099 = DIRECTION('',(0.,1.,0.));
#13100 = ORIENTED_EDGE('',*,*,#13101,.T.);
#13101 = EDGE_CURVE('',#13094,#13102,#13104,.T.);
#13102 = VERTEX_POINT('',#13103);
#13103 = CARTESIAN_POINT('',(12.,-29.6,65.));
#13104 = LINE('',#13105,#13106);
#13105 = CARTESIAN_POINT('',(12.8,-29.6,65.));
#13106 = VECTOR('',#13107,1.);
#13107 = DIRECTION('',(-1.,0.,6.661338147751E-16));
#13108 = ORIENTED_EDGE('',*,*,#13109,.F.);
#13109 = EDGE_CURVE('',#13110,#13102,#13112,.T.);
#13110 = VERTEX_POINT('',#13111);
#13111 = CARTESIAN_POINT('',(12.,-25.4,65.));
#13112 = LINE('',#13113,#13114);
#13113 = CARTESIAN_POINT('',(12.,39.,65.));
#13114 = VECTOR('',#13115,1.);
#13115 = DIRECTION('',(0.,-1.,-0.));
#13116 = ORIENTED_EDGE('',*,*,#13117,.T.);
#13117 = EDGE_CURVE('',#13110,#13118,#13120,.T.);
#13118 = VERTEX_POINT('',#13119);
#13119 = CARTESIAN_POINT('',(12.8,-25.4,65.));
#13120 = LINE('',#13121,#13122);
#13121 = CARTESIAN_POINT('',(11.9,-25.4,65.));
#13122 = VECTOR('',#13123,1.);
#13123 = DIRECTION('',(1.,0.,-6.661338147751E-16));
#13124 = ORIENTED_EDGE('',*,*,#13125,.T.);
#13125 = EDGE_CURVE('',#13118,#13126,#13128,.T.);
#13126 = VERTEX_POINT('',#13127);
#13127 = CARTESIAN_POINT('',(12.8,-24.6,65.));
#13128 = LINE('',#13129,#13130);
#13129 = CARTESIAN_POINT('',(12.8,-25.4,65.));
#13130 = VECTOR('',#13131,1.);
#13131 = DIRECTION('',(0.,1.,0.));
#13132 = ORIENTED_EDGE('',*,*,#13133,.T.);
#13133 = EDGE_CURVE('',#13126,#13134,#13136,.T.);
#13134 = VERTEX_POINT('',#13135);
#13135 = CARTESIAN_POINT('',(12.,-24.6,65.));
#13136 = LINE('',#13137,#13138);
#13137 = CARTESIAN_POINT('',(12.8,-24.6,65.));
#13138 = VECTOR('',#13139,1.);
#13139 = DIRECTION('',(-1.,0.,6.661338147751E-16));
#13140 = ORIENTED_EDGE('',*,*,#13141,.F.);
#13141 = EDGE_CURVE('',#13142,#13134,#13144,.T.);
#13142 = VERTEX_POINT('',#13143);
#13143 = CARTESIAN_POINT('',(12.,-20.4,65.));
#13144 = LINE('',#13145,#13146);
#13145 = CARTESIAN_POINT('',(12.,39.,65.));
#13146 = VECTOR('',#13147,1.);
#13147 = DIRECTION('',(0.,-1.,-0.));
#13148 = ORIENTED_EDGE('',*,*,#13149,.T.);
#13149 = EDGE_CURVE('',#13142,#13150,#13152,.T.);
#13150 = VERTEX_POINT('',#13151);
#13151 = CARTESIAN_POINT('',(12.8,-20.4,65.));
#13152 = LINE('',#13153,#13154);
#13153 = CARTESIAN_POINT('',(11.9,-20.4,65.));
#13154 = VECTOR('',#13155,1.);
#13155 = DIRECTION('',(1.,0.,-6.661338147751E-16));
#13156 = ORIENTED_EDGE('',*,*,#13157,.T.);
#13157 = EDGE_CURVE('',#13150,#13158,#13160,.T.);
#13158 = VERTEX_POINT('',#13159);
#13159 = CARTESIAN_POINT('',(12.8,-19.6,65.));
#13160 = LINE('',#13161,#13162);
#13161 = CARTESIAN_POINT('',(12.8,-20.4,65.));
#13162 = VECTOR('',#13163,1.);
#13163 = DIRECTION('',(0.,1.,0.));
#13164 = ORIENTED_EDGE('',*,*,#13165,.T.);
#13165 = EDGE_CURVE('',#13158,#13166,#13168,.T.);
#13166 = VERTEX_POINT('',#13167);
#13167 = CARTESIAN_POINT('',(12.,-19.6,65.));
#13168 = LINE('',#13169,#13170);
#13169 = CARTESIAN_POINT('',(12.8,-19.6,65.));
#13170 = VECTOR('',#13171,1.);
#13171 = DIRECTION('',(-1.,0.,6.661338147751E-16));
#13172 = ORIENTED_EDGE('',*,*,#13173,.F.);
#13173 = EDGE_CURVE('',#13174,#13166,#13176,.T.);
#13174 = VERTEX_POINT('',#13175);
#13175 = CARTESIAN_POINT('',(12.,-15.4,65.));
#13176 = LINE('',#13177,#13178);
#13177 = CARTESIAN_POINT('',(12.,39.,65.));
#13178 = VECTOR('',#13179,1.);
#13179 = DIRECTION('',(0.,-1.,-0.));
#13180 = ORIENTED_EDGE('',*,*,#13181,.T.);
#13181 = EDGE_CURVE('',#13174,#13182,#13184,.T.);
#13182 = VERTEX_POINT('',#13183);
#13183 = CARTESIAN_POINT('',(12.8,-15.4,65.));
#13184 = LINE('',#13185,#13186);
#13185 = CARTESIAN_POINT('',(11.9,-15.4,65.));
#13186 = VECTOR('',#13187,1.);
#13187 = DIRECTION('',(1.,0.,-6.661338147751E-16));
#13188 = ORIENTED_EDGE('',*,*,#13189,.T.);
#13189 = EDGE_CURVE('',#13182,#13190,#13192,.T.);
#13190 = VERTEX_POINT('',#13191);
#13191 = CARTESIAN_POINT('',(12.8,-14.6,65.));
#13192 = LINE('',#13193,#13194);
#13193 = CARTESIAN_POINT('',(12.8,-15.4,65.));
#13194 = VECTOR('',#13195,1.);
#13195 = DIRECTION('',(0.,1.,0.));
#13196 = ORIENTED_EDGE('',*,*,#13197,.T.);
#13197 = EDGE_CURVE('',#13190,#13198,#13200,.T.);
#13198 = VERTEX_POINT('',#13199);
#13199 = CARTESIAN_POINT('',(12.,-14.6,65.));
#13200 = LINE('',#13201,#13202);
#13201 = CARTESIAN_POINT('',(12.8,-14.6,65.));
#13202 = VECTOR('',#13203,1.);
#13203 = DIRECTION('',(-1.,0.,6.661338147751E-16));
#13204 = ORIENTED_EDGE('',*,*,#13205,.F.);
#13205 = EDGE_CURVE('',#13206,#13198,#13208,.T.);
#13206 = VERTEX_POINT('',#13207);
#13207 = CARTESIAN_POINT('',(12.,-10.4,65.));
#13208 = LINE('',#13209,#13210);
#13209 = CARTESIAN_POINT('',(12.,39.,65.));
#13210 = VECTOR('',#13211,1.);
#13211 = DIRECTION('',(0.,-1.,-0.));
#13212 = ORIENTED_EDGE('',*,*,#13213,.T.);
#13213 = EDGE_CURVE('',#13206,#13214,#13216,.T.);
#13214 = VERTEX_POINT('',#13215);
#13215 = CARTESIAN_POINT('',(12.8,-10.4,65.));
#13216 = LINE('',#13217,#13218);
#13217 = CARTESIAN_POINT('',(11.9,-10.4,65.));
#13218 = VECTOR('',#13219,1.);
#13219 = DIRECTION('',(1.,0.,-6.661338147751E-16));
#13220 = ORIENTED_EDGE('',*,*,#13221,.T.);
#13221 = EDGE_CURVE('',#13214,#13222,#13224,.T.);
#13222 = VERTEX_POINT('',#13223);
#13223 = CARTESIAN_POINT('',(12.8,-9.6,65.));
#13224 = LINE('',#13225,#13226);
#13225 = CARTESIAN_POINT('',(12.8,-10.4,65.));
#13226 = VECTOR('',#13227,1.);
#13227 = DIRECTION('',(0.,1.,0.));
#13228 = ORIENTED_EDGE('',*,*,#13229,.T.);
#13229 = EDGE_CURVE('',#13222,#13230,#13232,.T.);
#13230 = VERTEX_POINT('',#13231);
#13231 = CARTESIAN_POINT('',(12.,-9.6,65.));
#13232 = LINE('',#13233,#13234);
#13233 = CARTESIAN_POINT('',(12.8,-9.6,65.));
#13234 = VECTOR('',#13235,1.);
#13235 = DIRECTION('',(-1.,0.,6.661338147751E-16));
#13236 = ORIENTED_EDGE('',*,*,#13237,.F.);
#13237 = EDGE_CURVE('',#13238,#13230,#13240,.T.);
#13238 = VERTEX_POINT('',#13239);
#13239 = CARTESIAN_POINT('',(12.,-5.4,65.));
#13240 = LINE('',#13241,#13242);
#13241 = CARTESIAN_POINT('',(12.,39.,65.));
#13242 = VECTOR('',#13243,1.);
#13243 = DIRECTION('',(0.,-1.,-0.));
#13244 = ORIENTED_EDGE('',*,*,#13245,.T.);
#13245 = EDGE_CURVE('',#13238,#13246,#13248,.T.);
#13246 = VERTEX_POINT('',#13247);
#13247 = CARTESIAN_POINT('',(12.8,-5.4,65.));
#13248 = LINE('',#13249,#13250);
#13249 = CARTESIAN_POINT('',(11.9,-5.4,65.));
#13250 = VECTOR('',#13251,1.);
#13251 = DIRECTION('',(1.,0.,-6.661338147751E-16));
#13252 = ORIENTED_EDGE('',*,*,#13253,.T.);
#13253 = EDGE_CURVE('',#13246,#13254,#13256,.T.);
#13254 = VERTEX_POINT('',#13255);
#13255 = CARTESIAN_POINT('',(12.8,-4.6,65.));
#13256 = LINE('',#13257,#13258);
#13257 = CARTESIAN_POINT('',(12.8,-5.4,65.));
#13258 = VECTOR('',#13259,1.);
#13259 = DIRECTION('',(0.,1.,0.));
#13260 = ORIENTED_EDGE('',*,*,#13261,.T.);
#13261 = EDGE_CURVE('',#13254,#13262,#13264,.T.);
#13262 = VERTEX_POINT('',#13263);
#13263 = CARTESIAN_POINT('',(12.,-4.6,65.));
#13264 = LINE('',#13265,#13266);
#13265 = CARTESIAN_POINT('',(12.8,-4.6,65.));
#13266 = VECTOR('',#13267,1.);
#13267 = DIRECTION('',(-1.,0.,6.661338147751E-16));
#13268 = ORIENTED_EDGE('',*,*,#13269,.F.);
#13269 = EDGE_CURVE('',#13270,#13262,#13272,.T.);
#13270 = VERTEX_POINT('',#13271);
#13271 = CARTESIAN_POINT('',(12.,-0.4,65.));
#13272 = LINE('',#13273,#13274);
#13273 = CARTESIAN_POINT('',(12.,39.,65.));
#13274 = VECTOR('',#13275,1.);
#13275 = DIRECTION('',(0.,-1.,-0.));
#13276 = ORIENTED_EDGE('',*,*,#13277,.T.);
#13277 = EDGE_CURVE('',#13270,#13278,#13280,.T.);
#13278 = VERTEX_POINT('',#13279);
#13279 = CARTESIAN_POINT('',(12.8,-0.4,65.));
#13280 = LINE('',#13281,#13282);
#13281 = CARTESIAN_POINT('',(11.9,-0.4,65.));
#13282 = VECTOR('',#13283,1.);
#13283 = DIRECTION('',(1.,0.,-6.661338147751E-16));
#13284 = ORIENTED_EDGE('',*,*,#13285,.T.);
#13285 = EDGE_CURVE('',#13278,#13286,#13288,.T.);
#13286 = VERTEX_POINT('',#13287);
#13287 = CARTESIAN_POINT('',(12.8,0.4,65.));
#13288 = LINE('',#13289,#13290);
#13289 = CARTESIAN_POINT('',(12.8,-0.4,65.));
#13290 = VECTOR('',#13291,1.);
#13291 = DIRECTION('',(0.,1.,0.));
#13292 = ORIENTED_EDGE('',*,*,#13293,.T.);
#13293 = EDGE_CURVE('',#13286,#13294,#13296,.T.);
#13294 = VERTEX_POINT('',#13295);
#13295 = CARTESIAN_POINT('',(12.,0.4,65.));
#13296 = LINE('',#13297,#13298);
#13297 = CARTESIAN_POINT('',(12.8,0.4,65.));
#13298 = VECTOR('',#13299,1.);
#13299 = DIRECTION('',(-1.,0.,6.661338147751E-16));
#13300 = ORIENTED_EDGE('',*,*,#13301,.F.);
#13301 = EDGE_CURVE('',#13302,#13294,#13304,.T.);
#13302 = VERTEX_POINT('',#13303);
#13303 = CARTESIAN_POINT('',(12.,4.6,65.));
#13304 = LINE('',#13305,#13306);
#13305 = CARTESIAN_POINT('',(12.,39.,65.));
#13306 = VECTOR('',#13307,1.);
#13307 = DIRECTION('',(0.,-1.,-0.));
#13308 = ORIENTED_EDGE('',*,*,#13309,.T.);
#13309 = EDGE_CURVE('',#13302,#13310,#13312,.T.);
#13310 = VERTEX_POINT('',#13311);
#13311 = CARTESIAN_POINT('',(12.8,4.6,65.));
#13312 = LINE('',#13313,#13314);
#13313 = CARTESIAN_POINT('',(11.9,4.6,65.));
#13314 = VECTOR('',#13315,1.);
#13315 = DIRECTION('',(1.,0.,-6.661338147751E-16));
#13316 = ORIENTED_EDGE('',*,*,#13317,.T.);
#13317 = EDGE_CURVE('',#13310,#13318,#13320,.T.);
#13318 = VERTEX_POINT('',#13319);
#13319 = CARTESIAN_POINT('',(12.8,5.4,65.));
#13320 = LINE('',#13321,#13322);
#13321 = CARTESIAN_POINT('',(12.8,4.6,65.));
#13322 = VECTOR('',#13323,1.);
#13323 = DIRECTION('',(0.,1.,0.));
#13324 = ORIENTED_EDGE('',*,*,#13325,.T.);
#13325 = EDGE_CURVE('',#13318,#13326,#13328,.T.);
#13326 = VERTEX_POINT('',#13327);
#13327 = CARTESIAN_POINT('',(12.,5.4,65.));
#13328 = LINE('',#13329,#13330);
#13329 = CARTESIAN_POINT('',(12.8,5.4,65.));
#13330 = VECTOR('',#13331,1.);
#13331 = DIRECTION('',(-1.,0.,6.661338147751E-16));
#13332 = ORIENTED_EDGE('',*,*,#13333,.F.);
#13333 = EDGE_CURVE('',#13334,#13326,#13336,.T.);
#13334 = VERTEX_POINT('',#13335);
#13335 = CARTESIAN_POINT('',(12.,9.6,65.));
#13336 = LINE('',#13337,#13338);
#13337 = CARTESIAN_POINT('',(12.,39.,65.));
#13338 = VECTOR('',#13339,1.);
#13339 = DIRECTION('',(0.,-1.,-0.));
#13340 = ORIENTED_EDGE('',*,*,#13341,.T.);
#13341 = EDGE_CURVE('',#13334,#13342,#13344,.T.);
#13342 = VERTEX_POINT('',#13343);
#13343 = CARTESIAN_POINT('',(12.8,9.6,65.));
#13344 = LINE('',#13345,#13346);
#13345 = CARTESIAN_POINT('',(11.9,9.6,65.));
#13346 = VECTOR('',#13347,1.);
#13347 = DIRECTION('',(1.,0.,-6.661338147751E-16));
#13348 = ORIENTED_EDGE('',*,*,#13349,.T.);
#13349 = EDGE_CURVE('',#13342,#13350,#13352,.T.);
#13350 = VERTEX_POINT('',#13351);
#13351 = CARTESIAN_POINT('',(12.8,10.4,65.));
#13352 = LINE('',#13353,#13354);
#13353 = CARTESIAN_POINT('',(12.8,9.6,65.));
#13354 = VECTOR('',#13355,1.);
#13355 = DIRECTION('',(0.,1.,0.));
#13356 = ORIENTED_EDGE('',*,*,#13357,.T.);
#13357 = EDGE_CURVE('',#13350,#13358,#13360,.T.);
#13358 = VERTEX_POINT('',#13359);
#13359 = CARTESIAN_POINT('',(12.,10.4,65.));
#13360 = LINE('',#13361,#13362);
#13361 = CARTESIAN_POINT('',(12.8,10.4,65.));
#13362 = VECTOR('',#13363,1.);
#13363 = DIRECTION('',(-1.,0.,6.661338147751E-16));
#13364 = ORIENTED_EDGE('',*,*,#13365,.F.);
#13365 = EDGE_CURVE('',#13366,#13358,#13368,.T.);
#13366 = VERTEX_POINT('',#13367);
#13367 = CARTESIAN_POINT('',(12.,14.6,65.));
#13368 = LINE('',#13369,#13370);
#13369 = CARTESIAN_POINT('',(12.,39.,65.));
#13370 = VECTOR('',#13371,1.);
#13371 = DIRECTION('',(0.,-1.,-0.));
#13372 = ORIENTED_EDGE('',*,*,#13373,.T.);
#13373 = EDGE_CURVE('',#13366,#13374,#13376,.T.);
#13374 = VERTEX_POINT('',#13375);
#13375 = CARTESIAN_POINT('',(12.8,14.6,65.));
#13376 = LINE('',#13377,#13378);
#13377 = CARTESIAN_POINT('',(11.9,14.6,65.));
#13378 = VECTOR('',#13379,1.);
#13379 = DIRECTION('',(1.,0.,-6.661338147751E-16));
#13380 = ORIENTED_EDGE('',*,*,#13381,.T.);
#13381 = EDGE_CURVE('',#13374,#13382,#13384,.T.);
#13382 = VERTEX_POINT('',#13383);
#13383 = CARTESIAN_POINT('',(12.8,15.4,65.));
#13384 = LINE('',#13385,#13386);
#13385 = CARTESIAN_POINT('',(12.8,14.6,65.));
#13386 = VECTOR('',#13387,1.);
#13387 = DIRECTION('',(0.,1.,0.));
#13388 = ORIENTED_EDGE('',*,*,#13389,.T.);
#13389 = EDGE_CURVE('',#13382,#13390,#13392,.T.);
#13390 = VERTEX_POINT('',#13391);
#13391 = CARTESIAN_POINT('',(12.,15.4,65.));
#13392 = LINE('',#13393,#13394);
#13393 = CARTESIAN_POINT('',(12.8,15.4,65.));
#13394 = VECTOR('',#13395,1.);
#13395 = DIRECTION('',(-1.,0.,6.661338147751E-16));
#13396 = ORIENTED_EDGE('',*,*,#13397,.F.);
#13397 = EDGE_CURVE('',#13398,#13390,#13400,.T.);
#13398 = VERTEX_POINT('',#13399);
#13399 = CARTESIAN_POINT('',(12.,19.6,65.));
#13400 = LINE('',#13401,#13402);
#13401 = CARTESIAN_POINT('',(12.,39.,65.));
#13402 = VECTOR('',#13403,1.);
#13403 = DIRECTION('',(0.,-1.,-0.));
#13404 = ORIENTED_EDGE('',*,*,#13405,.T.);
#13405 = EDGE_CURVE('',#13398,#13406,#13408,.T.);
#13406 = VERTEX_POINT('',#13407);
#13407 = CARTESIAN_POINT('',(12.8,19.6,65.));
#13408 = LINE('',#13409,#13410);
#13409 = CARTESIAN_POINT('',(11.9,19.6,65.));
#13410 = VECTOR('',#13411,1.);
#13411 = DIRECTION('',(1.,0.,-6.661338147751E-16));
#13412 = ORIENTED_EDGE('',*,*,#13413,.T.);
#13413 = EDGE_CURVE('',#13406,#13414,#13416,.T.);
#13414 = VERTEX_POINT('',#13415);
#13415 = CARTESIAN_POINT('',(12.8,20.4,65.));
#13416 = LINE('',#13417,#13418);
#13417 = CARTESIAN_POINT('',(12.8,19.6,65.));
#13418 = VECTOR('',#13419,1.);
#13419 = DIRECTION('',(0.,1.,0.));
#13420 = ORIENTED_EDGE('',*,*,#13421,.T.);
#13421 = EDGE_CURVE('',#13414,#13422,#13424,.T.);
#13422 = VERTEX_POINT('',#13423);
#13423 = CARTESIAN_POINT('',(12.,20.4,65.));
#13424 = LINE('',#13425,#13426);
#13425 = CARTESIAN_POINT('',(12.8,20.4,65.));
#13426 = VECTOR('',#13427,1.);
#13427 = DIRECTION('',(-1.,0.,6.661338147751E-16));
#13428 = ORIENTED_EDGE('',*,*,#13429,.F.);
#13429 = EDGE_CURVE('',#13430,#13422,#13432,.T.);
#13430 = VERTEX_POINT('',#13431);
#13431 = CARTESIAN_POINT('',(12.,24.6,65.));
#13432 = LINE('',#13433,#13434);
#13433 = CARTESIAN_POINT('',(12.,39.,65.));
#13434 = VECTOR('',#13435,1.);
#13435 = DIRECTION('',(0.,-1.,-0.));
#13436 = ORIENTED_EDGE('',*,*,#13437,.T.);
#13437 = EDGE_CURVE('',#13430,#13438,#13440,.T.);
#13438 = VERTEX_POINT('',#13439);
#13439 = CARTESIAN_POINT('',(12.8,24.6,65.));
#13440 = LINE('',#13441,#13442);
#13441 = CARTESIAN_POINT('',(11.9,24.6,65.));
#13442 = VECTOR('',#13443,1.);
#13443 = DIRECTION('',(1.,0.,-6.661338147751E-16));
#13444 = ORIENTED_EDGE('',*,*,#13445,.T.);
#13445 = EDGE_CURVE('',#13438,#13446,#13448,.T.);
#13446 = VERTEX_POINT('',#13447);
#13447 = CARTESIAN_POINT('',(12.8,25.4,65.));
#13448 = LINE('',#13449,#13450);
#13449 = CARTESIAN_POINT('',(12.8,24.6,65.));
#13450 = VECTOR('',#13451,1.);
#13451 = DIRECTION('',(0.,1.,0.));
#13452 = ORIENTED_EDGE('',*,*,#13453,.T.);
#13453 = EDGE_CURVE('',#13446,#13454,#13456,.T.);
#13454 = VERTEX_POINT('',#13455);
#13455 = CARTESIAN_POINT('',(12.,25.4,65.));
#13456 = LINE('',#13457,#13458);
#13457 = CARTESIAN_POINT('',(12.8,25.4,65.));
#13458 = VECTOR('',#13459,1.);
#13459 = DIRECTION('',(-1.,0.,6.661338147751E-16));
#13460 = ORIENTED_EDGE('',*,*,#13461,.F.);
#13461 = EDGE_CURVE('',#13462,#13454,#13464,.T.);
#13462 = VERTEX_POINT('',#13463);
#13463 = CARTESIAN_POINT('',(12.,29.6,65.));
#13464 = LINE('',#13465,#13466);
#13465 = CARTESIAN_POINT('',(12.,39.,65.));
#13466 = VECTOR('',#13467,1.);
#13467 = DIRECTION('',(0.,-1.,-0.));
#13468 = ORIENTED_EDGE('',*,*,#13469,.T.);
#13469 = EDGE_CURVE('',#13462,#13470,#13472,.T.);
#13470 = VERTEX_POINT('',#13471);
#13471 = CARTESIAN_POINT('',(12.8,29.6,65.));
#13472 = LINE('',#13473,#13474);
#13473 = CARTESIAN_POINT('',(11.9,29.6,65.));
#13474 = VECTOR('',#13475,1.);
#13475 = DIRECTION('',(1.,0.,-6.661338147751E-16));
#13476 = ORIENTED_EDGE('',*,*,#13477,.T.);
#13477 = EDGE_CURVE('',#13470,#13478,#13480,.T.);
#13478 = VERTEX_POINT('',#13479);
#13479 = CARTESIAN_POINT('',(12.8,30.4,65.));
#13480 = LINE('',#13481,#13482);
#13481 = CARTESIAN_POINT('',(12.8,29.6,65.));
#13482 = VECTOR('',#13483,1.);
#13483 = DIRECTION('',(0.,1.,0.));
#13484 = ORIENTED_EDGE('',*,*,#13485,.T.);
#13485 = EDGE_CURVE('',#13478,#13486,#13488,.T.);
#13486 = VERTEX_POINT('',#13487);
#13487 = CARTESIAN_POINT('',(12.,30.4,65.));
#13488 = LINE('',#13489,#13490);
#13489 = CARTESIAN_POINT('',(12.8,30.4,65.));
#13490 = VECTOR('',#13491,1.);
#13491 = DIRECTION('',(-1.,0.,6.661338147751E-16));
#13492 = ORIENTED_EDGE('',*,*,#13493,.F.);
#13493 = EDGE_CURVE('',#13494,#13486,#13496,.T.);
#13494 = VERTEX_POINT('',#13495);
#13495 = CARTESIAN_POINT('',(12.,34.6,65.));
#13496 = LINE('',#13497,#13498);
#13497 = CARTESIAN_POINT('',(12.,39.,65.));
#13498 = VECTOR('',#13499,1.);
#13499 = DIRECTION('',(0.,-1.,-0.));
#13500 = ORIENTED_EDGE('',*,*,#13501,.T.);
#13501 = EDGE_CURVE('',#13494,#13502,#13504,.T.);
#13502 = VERTEX_POINT('',#13503);
#13503 = CARTESIAN_POINT('',(12.8,34.6,65.));
#13504 = LINE('',#13505,#13506);
#13505 = CARTESIAN_POINT('',(11.9,34.6,65.));
#13506 = VECTOR('',#13507,1.);
#13507 = DIRECTION('',(1.,0.,-6.661338147751E-16));
#13508 = ORIENTED_EDGE('',*,*,#13509,.T.);
#13509 = EDGE_CURVE('',#13502,#13510,#13512,.T.);
#13510 = VERTEX_POINT('',#13511);
#13511 = CARTESIAN_POINT('',(12.8,35.4,65.));
#13512 = LINE('',#13513,#13514);
#13513 = CARTESIAN_POINT('',(12.8,34.6,65.));
#13514 = VECTOR('',#13515,1.);
#13515 = DIRECTION('',(0.,1.,0.));
#13516 = ORIENTED_EDGE('',*,*,#13517,.T.);
#13517 = EDGE_CURVE('',#13510,#13023,#13518,.T.);
#13518 = LINE('',#13519,#13520);
#13519 = CARTESIAN_POINT('',(12.8,35.4,65.));
#13520 = VECTOR('',#13521,1.);
#13521 = DIRECTION('',(-1.,0.,6.661338147751E-16));
#13522 = PLANE('',#13523);
#13523 = AXIS2_PLACEMENT_3D('',#13524,#13525,#13526);
#13524 = CARTESIAN_POINT('',(12.,39.,65.));
#13525 = DIRECTION('',(-1.33226762955E-15,0.,-1.));
#13526 = DIRECTION('',(0.,-1.,-0.));
#13527 = ADVANCED_FACE('',(#13528),#14033,.F.);
#13528 = FACE_BOUND('',#13529,.F.);
#13529 = EDGE_LOOP('',(#13530,#13538,#13539,#13547,#13555,#13563,#13571,
    #13579,#13587,#13595,#13603,#13611,#13619,#13627,#13635,#13643,
    #13651,#13659,#13667,#13675,#13683,#13691,#13699,#13707,#13715,
    #13723,#13731,#13739,#13747,#13755,#13763,#13771,#13779,#13787,
    #13795,#13803,#13811,#13819,#13827,#13835,#13843,#13851,#13859,
    #13867,#13875,#13883,#13891,#13899,#13907,#13915,#13923,#13931,
    #13939,#13947,#13955,#13963,#13971,#13979,#13987,#13995,#14003,
    #14011,#14019,#14027));
#13530 = ORIENTED_EDGE('',*,*,#13531,.F.);
#13531 = EDGE_CURVE('',#12999,#13532,#13534,.T.);
#13532 = VERTEX_POINT('',#13533);
#13533 = CARTESIAN_POINT('',(12.,-35.4,44.));
#13534 = LINE('',#13535,#13536);
#13535 = CARTESIAN_POINT('',(12.,-39.,44.));
#13536 = VECTOR('',#13537,1.);
#13537 = DIRECTION('',(0.,1.,0.));
#13538 = ORIENTED_EDGE('',*,*,#12998,.T.);
#13539 = ORIENTED_EDGE('',*,*,#13540,.T.);
#13540 = EDGE_CURVE('',#12991,#13541,#13543,.T.);
#13541 = VERTEX_POINT('',#13542);
#13542 = CARTESIAN_POINT('',(16.,39.,44.));
#13543 = LINE('',#13544,#13545);
#13544 = CARTESIAN_POINT('',(16.,-39.,44.));
#13545 = VECTOR('',#13546,1.);
#13546 = DIRECTION('',(0.,1.,0.));
#13547 = ORIENTED_EDGE('',*,*,#13548,.F.);
#13548 = EDGE_CURVE('',#13549,#13541,#13551,.T.);
#13549 = VERTEX_POINT('',#13550);
#13550 = CARTESIAN_POINT('',(12.,39.,44.));
#13551 = LINE('',#13552,#13553);
#13552 = CARTESIAN_POINT('',(12.,39.,44.));
#13553 = VECTOR('',#13554,1.);
#13554 = DIRECTION('',(1.,0.,-1.33226762955E-15));
#13555 = ORIENTED_EDGE('',*,*,#13556,.F.);
#13556 = EDGE_CURVE('',#13557,#13549,#13559,.T.);
#13557 = VERTEX_POINT('',#13558);
#13558 = CARTESIAN_POINT('',(12.,35.4,44.));
#13559 = LINE('',#13560,#13561);
#13560 = CARTESIAN_POINT('',(12.,-39.,44.));
#13561 = VECTOR('',#13562,1.);
#13562 = DIRECTION('',(0.,1.,0.));
#13563 = ORIENTED_EDGE('',*,*,#13564,.F.);
#13564 = EDGE_CURVE('',#13565,#13557,#13567,.T.);
#13565 = VERTEX_POINT('',#13566);
#13566 = CARTESIAN_POINT('',(12.8,35.4,44.));
#13567 = LINE('',#13568,#13569);
#13568 = CARTESIAN_POINT('',(12.8,35.4,44.));
#13569 = VECTOR('',#13570,1.);
#13570 = DIRECTION('',(-1.,0.,6.661338147751E-16));
#13571 = ORIENTED_EDGE('',*,*,#13572,.F.);
#13572 = EDGE_CURVE('',#13573,#13565,#13575,.T.);
#13573 = VERTEX_POINT('',#13574);
#13574 = CARTESIAN_POINT('',(12.8,34.6,44.));
#13575 = LINE('',#13576,#13577);
#13576 = CARTESIAN_POINT('',(12.8,34.6,44.));
#13577 = VECTOR('',#13578,1.);
#13578 = DIRECTION('',(0.,1.,0.));
#13579 = ORIENTED_EDGE('',*,*,#13580,.F.);
#13580 = EDGE_CURVE('',#13581,#13573,#13583,.T.);
#13581 = VERTEX_POINT('',#13582);
#13582 = CARTESIAN_POINT('',(12.,34.6,44.));
#13583 = LINE('',#13584,#13585);
#13584 = CARTESIAN_POINT('',(11.9,34.6,44.));
#13585 = VECTOR('',#13586,1.);
#13586 = DIRECTION('',(1.,0.,-6.661338147751E-16));
#13587 = ORIENTED_EDGE('',*,*,#13588,.F.);
#13588 = EDGE_CURVE('',#13589,#13581,#13591,.T.);
#13589 = VERTEX_POINT('',#13590);
#13590 = CARTESIAN_POINT('',(12.,30.4,44.));
#13591 = LINE('',#13592,#13593);
#13592 = CARTESIAN_POINT('',(12.,-39.,44.));
#13593 = VECTOR('',#13594,1.);
#13594 = DIRECTION('',(0.,1.,0.));
#13595 = ORIENTED_EDGE('',*,*,#13596,.F.);
#13596 = EDGE_CURVE('',#13597,#13589,#13599,.T.);
#13597 = VERTEX_POINT('',#13598);
#13598 = CARTESIAN_POINT('',(12.8,30.4,44.));
#13599 = LINE('',#13600,#13601);
#13600 = CARTESIAN_POINT('',(12.8,30.4,44.));
#13601 = VECTOR('',#13602,1.);
#13602 = DIRECTION('',(-1.,0.,6.661338147751E-16));
#13603 = ORIENTED_EDGE('',*,*,#13604,.F.);
#13604 = EDGE_CURVE('',#13605,#13597,#13607,.T.);
#13605 = VERTEX_POINT('',#13606);
#13606 = CARTESIAN_POINT('',(12.8,29.6,44.));
#13607 = LINE('',#13608,#13609);
#13608 = CARTESIAN_POINT('',(12.8,29.6,44.));
#13609 = VECTOR('',#13610,1.);
#13610 = DIRECTION('',(0.,1.,0.));
#13611 = ORIENTED_EDGE('',*,*,#13612,.F.);
#13612 = EDGE_CURVE('',#13613,#13605,#13615,.T.);
#13613 = VERTEX_POINT('',#13614);
#13614 = CARTESIAN_POINT('',(12.,29.6,44.));
#13615 = LINE('',#13616,#13617);
#13616 = CARTESIAN_POINT('',(11.9,29.6,44.));
#13617 = VECTOR('',#13618,1.);
#13618 = DIRECTION('',(1.,0.,-6.661338147751E-16));
#13619 = ORIENTED_EDGE('',*,*,#13620,.F.);
#13620 = EDGE_CURVE('',#13621,#13613,#13623,.T.);
#13621 = VERTEX_POINT('',#13622);
#13622 = CARTESIAN_POINT('',(12.,25.4,44.));
#13623 = LINE('',#13624,#13625);
#13624 = CARTESIAN_POINT('',(12.,-39.,44.));
#13625 = VECTOR('',#13626,1.);
#13626 = DIRECTION('',(0.,1.,0.));
#13627 = ORIENTED_EDGE('',*,*,#13628,.F.);
#13628 = EDGE_CURVE('',#13629,#13621,#13631,.T.);
#13629 = VERTEX_POINT('',#13630);
#13630 = CARTESIAN_POINT('',(12.8,25.4,44.));
#13631 = LINE('',#13632,#13633);
#13632 = CARTESIAN_POINT('',(12.8,25.4,44.));
#13633 = VECTOR('',#13634,1.);
#13634 = DIRECTION('',(-1.,0.,6.661338147751E-16));
#13635 = ORIENTED_EDGE('',*,*,#13636,.F.);
#13636 = EDGE_CURVE('',#13637,#13629,#13639,.T.);
#13637 = VERTEX_POINT('',#13638);
#13638 = CARTESIAN_POINT('',(12.8,24.6,44.));
#13639 = LINE('',#13640,#13641);
#13640 = CARTESIAN_POINT('',(12.8,24.6,44.));
#13641 = VECTOR('',#13642,1.);
#13642 = DIRECTION('',(0.,1.,0.));
#13643 = ORIENTED_EDGE('',*,*,#13644,.F.);
#13644 = EDGE_CURVE('',#13645,#13637,#13647,.T.);
#13645 = VERTEX_POINT('',#13646);
#13646 = CARTESIAN_POINT('',(12.,24.6,44.));
#13647 = LINE('',#13648,#13649);
#13648 = CARTESIAN_POINT('',(11.9,24.6,44.));
#13649 = VECTOR('',#13650,1.);
#13650 = DIRECTION('',(1.,0.,-6.661338147751E-16));
#13651 = ORIENTED_EDGE('',*,*,#13652,.F.);
#13652 = EDGE_CURVE('',#13653,#13645,#13655,.T.);
#13653 = VERTEX_POINT('',#13654);
#13654 = CARTESIAN_POINT('',(12.,20.4,44.));
#13655 = LINE('',#13656,#13657);
#13656 = CARTESIAN_POINT('',(12.,-39.,44.));
#13657 = VECTOR('',#13658,1.);
#13658 = DIRECTION('',(0.,1.,0.));
#13659 = ORIENTED_EDGE('',*,*,#13660,.F.);
#13660 = EDGE_CURVE('',#13661,#13653,#13663,.T.);
#13661 = VERTEX_POINT('',#13662);
#13662 = CARTESIAN_POINT('',(12.8,20.4,44.));
#13663 = LINE('',#13664,#13665);
#13664 = CARTESIAN_POINT('',(12.8,20.4,44.));
#13665 = VECTOR('',#13666,1.);
#13666 = DIRECTION('',(-1.,0.,6.661338147751E-16));
#13667 = ORIENTED_EDGE('',*,*,#13668,.F.);
#13668 = EDGE_CURVE('',#13669,#13661,#13671,.T.);
#13669 = VERTEX_POINT('',#13670);
#13670 = CARTESIAN_POINT('',(12.8,19.6,44.));
#13671 = LINE('',#13672,#13673);
#13672 = CARTESIAN_POINT('',(12.8,19.6,44.));
#13673 = VECTOR('',#13674,1.);
#13674 = DIRECTION('',(0.,1.,0.));
#13675 = ORIENTED_EDGE('',*,*,#13676,.F.);
#13676 = EDGE_CURVE('',#13677,#13669,#13679,.T.);
#13677 = VERTEX_POINT('',#13678);
#13678 = CARTESIAN_POINT('',(12.,19.6,44.));
#13679 = LINE('',#13680,#13681);
#13680 = CARTESIAN_POINT('',(11.9,19.6,44.));
#13681 = VECTOR('',#13682,1.);
#13682 = DIRECTION('',(1.,0.,-6.661338147751E-16));
#13683 = ORIENTED_EDGE('',*,*,#13684,.F.);
#13684 = EDGE_CURVE('',#13685,#13677,#13687,.T.);
#13685 = VERTEX_POINT('',#13686);
#13686 = CARTESIAN_POINT('',(12.,15.4,44.));
#13687 = LINE('',#13688,#13689);
#13688 = CARTESIAN_POINT('',(12.,-39.,44.));
#13689 = VECTOR('',#13690,1.);
#13690 = DIRECTION('',(0.,1.,0.));
#13691 = ORIENTED_EDGE('',*,*,#13692,.F.);
#13692 = EDGE_CURVE('',#13693,#13685,#13695,.T.);
#13693 = VERTEX_POINT('',#13694);
#13694 = CARTESIAN_POINT('',(12.8,15.4,44.));
#13695 = LINE('',#13696,#13697);
#13696 = CARTESIAN_POINT('',(12.8,15.4,44.));
#13697 = VECTOR('',#13698,1.);
#13698 = DIRECTION('',(-1.,0.,6.661338147751E-16));
#13699 = ORIENTED_EDGE('',*,*,#13700,.F.);
#13700 = EDGE_CURVE('',#13701,#13693,#13703,.T.);
#13701 = VERTEX_POINT('',#13702);
#13702 = CARTESIAN_POINT('',(12.8,14.6,44.));
#13703 = LINE('',#13704,#13705);
#13704 = CARTESIAN_POINT('',(12.8,14.6,44.));
#13705 = VECTOR('',#13706,1.);
#13706 = DIRECTION('',(0.,1.,0.));
#13707 = ORIENTED_EDGE('',*,*,#13708,.F.);
#13708 = EDGE_CURVE('',#13709,#13701,#13711,.T.);
#13709 = VERTEX_POINT('',#13710);
#13710 = CARTESIAN_POINT('',(12.,14.6,44.));
#13711 = LINE('',#13712,#13713);
#13712 = CARTESIAN_POINT('',(11.9,14.6,44.));
#13713 = VECTOR('',#13714,1.);
#13714 = DIRECTION('',(1.,0.,-6.661338147751E-16));
#13715 = ORIENTED_EDGE('',*,*,#13716,.F.);
#13716 = EDGE_CURVE('',#13717,#13709,#13719,.T.);
#13717 = VERTEX_POINT('',#13718);
#13718 = CARTESIAN_POINT('',(12.,10.4,44.));
#13719 = LINE('',#13720,#13721);
#13720 = CARTESIAN_POINT('',(12.,-39.,44.));
#13721 = VECTOR('',#13722,1.);
#13722 = DIRECTION('',(0.,1.,0.));
#13723 = ORIENTED_EDGE('',*,*,#13724,.F.);
#13724 = EDGE_CURVE('',#13725,#13717,#13727,.T.);
#13725 = VERTEX_POINT('',#13726);
#13726 = CARTESIAN_POINT('',(12.8,10.4,44.));
#13727 = LINE('',#13728,#13729);
#13728 = CARTESIAN_POINT('',(12.8,10.4,44.));
#13729 = VECTOR('',#13730,1.);
#13730 = DIRECTION('',(-1.,0.,6.661338147751E-16));
#13731 = ORIENTED_EDGE('',*,*,#13732,.F.);
#13732 = EDGE_CURVE('',#13733,#13725,#13735,.T.);
#13733 = VERTEX_POINT('',#13734);
#13734 = CARTESIAN_POINT('',(12.8,9.6,44.));
#13735 = LINE('',#13736,#13737);
#13736 = CARTESIAN_POINT('',(12.8,9.6,44.));
#13737 = VECTOR('',#13738,1.);
#13738 = DIRECTION('',(0.,1.,0.));
#13739 = ORIENTED_EDGE('',*,*,#13740,.F.);
#13740 = EDGE_CURVE('',#13741,#13733,#13743,.T.);
#13741 = VERTEX_POINT('',#13742);
#13742 = CARTESIAN_POINT('',(12.,9.6,44.));
#13743 = LINE('',#13744,#13745);
#13744 = CARTESIAN_POINT('',(11.9,9.6,44.));
#13745 = VECTOR('',#13746,1.);
#13746 = DIRECTION('',(1.,0.,-6.661338147751E-16));
#13747 = ORIENTED_EDGE('',*,*,#13748,.F.);
#13748 = EDGE_CURVE('',#13749,#13741,#13751,.T.);
#13749 = VERTEX_POINT('',#13750);
#13750 = CARTESIAN_POINT('',(12.,5.4,44.));
#13751 = LINE('',#13752,#13753);
#13752 = CARTESIAN_POINT('',(12.,-39.,44.));
#13753 = VECTOR('',#13754,1.);
#13754 = DIRECTION('',(0.,1.,0.));
#13755 = ORIENTED_EDGE('',*,*,#13756,.F.);
#13756 = EDGE_CURVE('',#13757,#13749,#13759,.T.);
#13757 = VERTEX_POINT('',#13758);
#13758 = CARTESIAN_POINT('',(12.8,5.4,44.));
#13759 = LINE('',#13760,#13761);
#13760 = CARTESIAN_POINT('',(12.8,5.4,44.));
#13761 = VECTOR('',#13762,1.);
#13762 = DIRECTION('',(-1.,0.,6.661338147751E-16));
#13763 = ORIENTED_EDGE('',*,*,#13764,.F.);
#13764 = EDGE_CURVE('',#13765,#13757,#13767,.T.);
#13765 = VERTEX_POINT('',#13766);
#13766 = CARTESIAN_POINT('',(12.8,4.6,44.));
#13767 = LINE('',#13768,#13769);
#13768 = CARTESIAN_POINT('',(12.8,4.6,44.));
#13769 = VECTOR('',#13770,1.);
#13770 = DIRECTION('',(0.,1.,0.));
#13771 = ORIENTED_EDGE('',*,*,#13772,.F.);
#13772 = EDGE_CURVE('',#13773,#13765,#13775,.T.);
#13773 = VERTEX_POINT('',#13774);
#13774 = CARTESIAN_POINT('',(12.,4.6,44.));
#13775 = LINE('',#13776,#13777);
#13776 = CARTESIAN_POINT('',(11.9,4.6,44.));
#13777 = VECTOR('',#13778,1.);
#13778 = DIRECTION('',(1.,0.,-6.661338147751E-16));
#13779 = ORIENTED_EDGE('',*,*,#13780,.F.);
#13780 = EDGE_CURVE('',#13781,#13773,#13783,.T.);
#13781 = VERTEX_POINT('',#13782);
#13782 = CARTESIAN_POINT('',(12.,0.4,44.));
#13783 = LINE('',#13784,#13785);
#13784 = CARTESIAN_POINT('',(12.,-39.,44.));
#13785 = VECTOR('',#13786,1.);
#13786 = DIRECTION('',(0.,1.,0.));
#13787 = ORIENTED_EDGE('',*,*,#13788,.F.);
#13788 = EDGE_CURVE('',#13789,#13781,#13791,.T.);
#13789 = VERTEX_POINT('',#13790);
#13790 = CARTESIAN_POINT('',(12.8,0.4,44.));
#13791 = LINE('',#13792,#13793);
#13792 = CARTESIAN_POINT('',(12.8,0.4,44.));
#13793 = VECTOR('',#13794,1.);
#13794 = DIRECTION('',(-1.,0.,6.661338147751E-16));
#13795 = ORIENTED_EDGE('',*,*,#13796,.F.);
#13796 = EDGE_CURVE('',#13797,#13789,#13799,.T.);
#13797 = VERTEX_POINT('',#13798);
#13798 = CARTESIAN_POINT('',(12.8,-0.4,44.));
#13799 = LINE('',#13800,#13801);
#13800 = CARTESIAN_POINT('',(12.8,-0.4,44.));
#13801 = VECTOR('',#13802,1.);
#13802 = DIRECTION('',(0.,1.,0.));
#13803 = ORIENTED_EDGE('',*,*,#13804,.F.);
#13804 = EDGE_CURVE('',#13805,#13797,#13807,.T.);
#13805 = VERTEX_POINT('',#13806);
#13806 = CARTESIAN_POINT('',(12.,-0.4,44.));
#13807 = LINE('',#13808,#13809);
#13808 = CARTESIAN_POINT('',(11.9,-0.4,44.));
#13809 = VECTOR('',#13810,1.);
#13810 = DIRECTION('',(1.,0.,-6.661338147751E-16));
#13811 = ORIENTED_EDGE('',*,*,#13812,.F.);
#13812 = EDGE_CURVE('',#13813,#13805,#13815,.T.);
#13813 = VERTEX_POINT('',#13814);
#13814 = CARTESIAN_POINT('',(12.,-4.6,44.));
#13815 = LINE('',#13816,#13817);
#13816 = CARTESIAN_POINT('',(12.,-39.,44.));
#13817 = VECTOR('',#13818,1.);
#13818 = DIRECTION('',(0.,1.,0.));
#13819 = ORIENTED_EDGE('',*,*,#13820,.F.);
#13820 = EDGE_CURVE('',#13821,#13813,#13823,.T.);
#13821 = VERTEX_POINT('',#13822);
#13822 = CARTESIAN_POINT('',(12.8,-4.6,44.));
#13823 = LINE('',#13824,#13825);
#13824 = CARTESIAN_POINT('',(12.8,-4.6,44.));
#13825 = VECTOR('',#13826,1.);
#13826 = DIRECTION('',(-1.,0.,6.661338147751E-16));
#13827 = ORIENTED_EDGE('',*,*,#13828,.F.);
#13828 = EDGE_CURVE('',#13829,#13821,#13831,.T.);
#13829 = VERTEX_POINT('',#13830);
#13830 = CARTESIAN_POINT('',(12.8,-5.4,44.));
#13831 = LINE('',#13832,#13833);
#13832 = CARTESIAN_POINT('',(12.8,-5.4,44.));
#13833 = VECTOR('',#13834,1.);
#13834 = DIRECTION('',(0.,1.,0.));
#13835 = ORIENTED_EDGE('',*,*,#13836,.F.);
#13836 = EDGE_CURVE('',#13837,#13829,#13839,.T.);
#13837 = VERTEX_POINT('',#13838);
#13838 = CARTESIAN_POINT('',(12.,-5.4,44.));
#13839 = LINE('',#13840,#13841);
#13840 = CARTESIAN_POINT('',(11.9,-5.4,44.));
#13841 = VECTOR('',#13842,1.);
#13842 = DIRECTION('',(1.,0.,-6.661338147751E-16));
#13843 = ORIENTED_EDGE('',*,*,#13844,.F.);
#13844 = EDGE_CURVE('',#13845,#13837,#13847,.T.);
#13845 = VERTEX_POINT('',#13846);
#13846 = CARTESIAN_POINT('',(12.,-9.6,44.));
#13847 = LINE('',#13848,#13849);
#13848 = CARTESIAN_POINT('',(12.,-39.,44.));
#13849 = VECTOR('',#13850,1.);
#13850 = DIRECTION('',(0.,1.,0.));
#13851 = ORIENTED_EDGE('',*,*,#13852,.F.);
#13852 = EDGE_CURVE('',#13853,#13845,#13855,.T.);
#13853 = VERTEX_POINT('',#13854);
#13854 = CARTESIAN_POINT('',(12.8,-9.6,44.));
#13855 = LINE('',#13856,#13857);
#13856 = CARTESIAN_POINT('',(12.8,-9.6,44.));
#13857 = VECTOR('',#13858,1.);
#13858 = DIRECTION('',(-1.,0.,6.661338147751E-16));
#13859 = ORIENTED_EDGE('',*,*,#13860,.F.);
#13860 = EDGE_CURVE('',#13861,#13853,#13863,.T.);
#13861 = VERTEX_POINT('',#13862);
#13862 = CARTESIAN_POINT('',(12.8,-10.4,44.));
#13863 = LINE('',#13864,#13865);
#13864 = CARTESIAN_POINT('',(12.8,-10.4,44.));
#13865 = VECTOR('',#13866,1.);
#13866 = DIRECTION('',(0.,1.,0.));
#13867 = ORIENTED_EDGE('',*,*,#13868,.F.);
#13868 = EDGE_CURVE('',#13869,#13861,#13871,.T.);
#13869 = VERTEX_POINT('',#13870);
#13870 = CARTESIAN_POINT('',(12.,-10.4,44.));
#13871 = LINE('',#13872,#13873);
#13872 = CARTESIAN_POINT('',(11.9,-10.4,44.));
#13873 = VECTOR('',#13874,1.);
#13874 = DIRECTION('',(1.,0.,-6.661338147751E-16));
#13875 = ORIENTED_EDGE('',*,*,#13876,.F.);
#13876 = EDGE_CURVE('',#13877,#13869,#13879,.T.);
#13877 = VERTEX_POINT('',#13878);
#13878 = CARTESIAN_POINT('',(12.,-14.6,44.));
#13879 = LINE('',#13880,#13881);
#13880 = CARTESIAN_POINT('',(12.,-39.,44.));
#13881 = VECTOR('',#13882,1.);
#13882 = DIRECTION('',(0.,1.,0.));
#13883 = ORIENTED_EDGE('',*,*,#13884,.F.);
#13884 = EDGE_CURVE('',#13885,#13877,#13887,.T.);
#13885 = VERTEX_POINT('',#13886);
#13886 = CARTESIAN_POINT('',(12.8,-14.6,44.));
#13887 = LINE('',#13888,#13889);
#13888 = CARTESIAN_POINT('',(12.8,-14.6,44.));
#13889 = VECTOR('',#13890,1.);
#13890 = DIRECTION('',(-1.,0.,6.661338147751E-16));
#13891 = ORIENTED_EDGE('',*,*,#13892,.F.);
#13892 = EDGE_CURVE('',#13893,#13885,#13895,.T.);
#13893 = VERTEX_POINT('',#13894);
#13894 = CARTESIAN_POINT('',(12.8,-15.4,44.));
#13895 = LINE('',#13896,#13897);
#13896 = CARTESIAN_POINT('',(12.8,-15.4,44.));
#13897 = VECTOR('',#13898,1.);
#13898 = DIRECTION('',(0.,1.,0.));
#13899 = ORIENTED_EDGE('',*,*,#13900,.F.);
#13900 = EDGE_CURVE('',#13901,#13893,#13903,.T.);
#13901 = VERTEX_POINT('',#13902);
#13902 = CARTESIAN_POINT('',(12.,-15.4,44.));
#13903 = LINE('',#13904,#13905);
#13904 = CARTESIAN_POINT('',(11.9,-15.4,44.));
#13905 = VECTOR('',#13906,1.);
#13906 = DIRECTION('',(1.,0.,-6.661338147751E-16));
#13907 = ORIENTED_EDGE('',*,*,#13908,.F.);
#13908 = EDGE_CURVE('',#13909,#13901,#13911,.T.);
#13909 = VERTEX_POINT('',#13910);
#13910 = CARTESIAN_POINT('',(12.,-19.6,44.));
#13911 = LINE('',#13912,#13913);
#13912 = CARTESIAN_POINT('',(12.,-39.,44.));
#13913 = VECTOR('',#13914,1.);
#13914 = DIRECTION('',(0.,1.,0.));
#13915 = ORIENTED_EDGE('',*,*,#13916,.F.);
#13916 = EDGE_CURVE('',#13917,#13909,#13919,.T.);
#13917 = VERTEX_POINT('',#13918);
#13918 = CARTESIAN_POINT('',(12.8,-19.6,44.));
#13919 = LINE('',#13920,#13921);
#13920 = CARTESIAN_POINT('',(12.8,-19.6,44.));
#13921 = VECTOR('',#13922,1.);
#13922 = DIRECTION('',(-1.,0.,6.661338147751E-16));
#13923 = ORIENTED_EDGE('',*,*,#13924,.F.);
#13924 = EDGE_CURVE('',#13925,#13917,#13927,.T.);
#13925 = VERTEX_POINT('',#13926);
#13926 = CARTESIAN_POINT('',(12.8,-20.4,44.));
#13927 = LINE('',#13928,#13929);
#13928 = CARTESIAN_POINT('',(12.8,-20.4,44.));
#13929 = VECTOR('',#13930,1.);
#13930 = DIRECTION('',(0.,1.,0.));
#13931 = ORIENTED_EDGE('',*,*,#13932,.F.);
#13932 = EDGE_CURVE('',#13933,#13925,#13935,.T.);
#13933 = VERTEX_POINT('',#13934);
#13934 = CARTESIAN_POINT('',(12.,-20.4,44.));
#13935 = LINE('',#13936,#13937);
#13936 = CARTESIAN_POINT('',(11.9,-20.4,44.));
#13937 = VECTOR('',#13938,1.);
#13938 = DIRECTION('',(1.,0.,-6.661338147751E-16));
#13939 = ORIENTED_EDGE('',*,*,#13940,.F.);
#13940 = EDGE_CURVE('',#13941,#13933,#13943,.T.);
#13941 = VERTEX_POINT('',#13942);
#13942 = CARTESIAN_POINT('',(12.,-24.6,44.));
#13943 = LINE('',#13944,#13945);
#13944 = CARTESIAN_POINT('',(12.,-39.,44.));
#13945 = VECTOR('',#13946,1.);
#13946 = DIRECTION('',(0.,1.,0.));
#13947 = ORIENTED_EDGE('',*,*,#13948,.F.);
#13948 = EDGE_CURVE('',#13949,#13941,#13951,.T.);
#13949 = VERTEX_POINT('',#13950);
#13950 = CARTESIAN_POINT('',(12.8,-24.6,44.));
#13951 = LINE('',#13952,#13953);
#13952 = CARTESIAN_POINT('',(12.8,-24.6,44.));
#13953 = VECTOR('',#13954,1.);
#13954 = DIRECTION('',(-1.,0.,6.661338147751E-16));
#13955 = ORIENTED_EDGE('',*,*,#13956,.F.);
#13956 = EDGE_CURVE('',#13957,#13949,#13959,.T.);
#13957 = VERTEX_POINT('',#13958);
#13958 = CARTESIAN_POINT('',(12.8,-25.4,44.));
#13959 = LINE('',#13960,#13961);
#13960 = CARTESIAN_POINT('',(12.8,-25.4,44.));
#13961 = VECTOR('',#13962,1.);
#13962 = DIRECTION('',(0.,1.,0.));
#13963 = ORIENTED_EDGE('',*,*,#13964,.F.);
#13964 = EDGE_CURVE('',#13965,#13957,#13967,.T.);
#13965 = VERTEX_POINT('',#13966);
#13966 = CARTESIAN_POINT('',(12.,-25.4,44.));
#13967 = LINE('',#13968,#13969);
#13968 = CARTESIAN_POINT('',(11.9,-25.4,44.));
#13969 = VECTOR('',#13970,1.);
#13970 = DIRECTION('',(1.,0.,-6.661338147751E-16));
#13971 = ORIENTED_EDGE('',*,*,#13972,.F.);
#13972 = EDGE_CURVE('',#13973,#13965,#13975,.T.);
#13973 = VERTEX_POINT('',#13974);
#13974 = CARTESIAN_POINT('',(12.,-29.6,44.));
#13975 = LINE('',#13976,#13977);
#13976 = CARTESIAN_POINT('',(12.,-39.,44.));
#13977 = VECTOR('',#13978,1.);
#13978 = DIRECTION('',(0.,1.,0.));
#13979 = ORIENTED_EDGE('',*,*,#13980,.F.);
#13980 = EDGE_CURVE('',#13981,#13973,#13983,.T.);
#13981 = VERTEX_POINT('',#13982);
#13982 = CARTESIAN_POINT('',(12.8,-29.6,44.));
#13983 = LINE('',#13984,#13985);
#13984 = CARTESIAN_POINT('',(12.8,-29.6,44.));
#13985 = VECTOR('',#13986,1.);
#13986 = DIRECTION('',(-1.,0.,6.661338147751E-16));
#13987 = ORIENTED_EDGE('',*,*,#13988,.F.);
#13988 = EDGE_CURVE('',#13989,#13981,#13991,.T.);
#13989 = VERTEX_POINT('',#13990);
#13990 = CARTESIAN_POINT('',(12.8,-30.4,44.));
#13991 = LINE('',#13992,#13993);
#13992 = CARTESIAN_POINT('',(12.8,-30.4,44.));
#13993 = VECTOR('',#13994,1.);
#13994 = DIRECTION('',(0.,1.,0.));
#13995 = ORIENTED_EDGE('',*,*,#13996,.F.);
#13996 = EDGE_CURVE('',#13997,#13989,#13999,.T.);
#13997 = VERTEX_POINT('',#13998);
#13998 = CARTESIAN_POINT('',(12.,-30.4,44.));
#13999 = LINE('',#14000,#14001);
#14000 = CARTESIAN_POINT('',(11.9,-30.4,44.));
#14001 = VECTOR('',#14002,1.);
#14002 = DIRECTION('',(1.,0.,-6.661338147751E-16));
#14003 = ORIENTED_EDGE('',*,*,#14004,.F.);
#14004 = EDGE_CURVE('',#14005,#13997,#14007,.T.);
#14005 = VERTEX_POINT('',#14006);
#14006 = CARTESIAN_POINT('',(12.,-34.6,44.));
#14007 = LINE('',#14008,#14009);
#14008 = CARTESIAN_POINT('',(12.,-39.,44.));
#14009 = VECTOR('',#14010,1.);
#14010 = DIRECTION('',(0.,1.,0.));
#14011 = ORIENTED_EDGE('',*,*,#14012,.F.);
#14012 = EDGE_CURVE('',#14013,#14005,#14015,.T.);
#14013 = VERTEX_POINT('',#14014);
#14014 = CARTESIAN_POINT('',(12.8,-34.6,44.));
#14015 = LINE('',#14016,#14017);
#14016 = CARTESIAN_POINT('',(12.8,-34.6,44.));
#14017 = VECTOR('',#14018,1.);
#14018 = DIRECTION('',(-1.,0.,9.992007221626E-16));
#14019 = ORIENTED_EDGE('',*,*,#14020,.F.);
#14020 = EDGE_CURVE('',#14021,#14013,#14023,.T.);
#14021 = VERTEX_POINT('',#14022);
#14022 = CARTESIAN_POINT('',(12.8,-35.4,44.));
#14023 = LINE('',#14024,#14025);
#14024 = CARTESIAN_POINT('',(12.8,-35.4,44.));
#14025 = VECTOR('',#14026,1.);
#14026 = DIRECTION('',(0.,1.,0.));
#14027 = ORIENTED_EDGE('',*,*,#14028,.F.);
#14028 = EDGE_CURVE('',#13532,#14021,#14029,.T.);
#14029 = LINE('',#14030,#14031);
#14030 = CARTESIAN_POINT('',(11.9,-35.4,44.));
#14031 = VECTOR('',#14032,1.);
#14032 = DIRECTION('',(1.,0.,-9.992007221626E-16));
#14033 = PLANE('',#14034);
#14034 = AXIS2_PLACEMENT_3D('',#14035,#14036,#14037);
#14035 = CARTESIAN_POINT('',(12.,-39.,44.));
#14036 = DIRECTION('',(1.33226762955E-15,0.,1.));
#14037 = DIRECTION('',(0.,1.,0.));
#14038 = ADVANCED_FACE('',(#14039),#14050,.F.);
#14039 = FACE_BOUND('',#14040,.F.);
#14040 = EDGE_LOOP('',(#14041,#14042,#14043,#14044));
#14041 = ORIENTED_EDGE('',*,*,#13045,.T.);
#14042 = ORIENTED_EDGE('',*,*,#13006,.T.);
#14043 = ORIENTED_EDGE('',*,*,#13531,.T.);
#14044 = ORIENTED_EDGE('',*,*,#14045,.F.);
#14045 = EDGE_CURVE('',#13046,#13532,#14046,.T.);
#14046 = LINE('',#14047,#14048);
#14047 = CARTESIAN_POINT('',(12.,-35.4,59.75));
#14048 = VECTOR('',#14049,1.);
#14049 = DIRECTION('',(-1.33226762955E-15,0.,-1.));
#14050 = PLANE('',#14051);
#14051 = AXIS2_PLACEMENT_3D('',#14052,#14053,#14054);
#14052 = CARTESIAN_POINT('',(12.,0.,54.5));
#14053 = DIRECTION('',(1.,0.,-1.33226762955E-15));
#14054 = DIRECTION('',(1.33226762955E-15,0.,1.));
#14055 = ADVANCED_FACE('',(#14056,#14067,#14078),#14089,.T.);
#14056 = FACE_BOUND('',#14057,.T.);
#14057 = EDGE_LOOP('',(#14058,#14059,#14060,#14066));
#14058 = ORIENTED_EDGE('',*,*,#12990,.T.);
#14059 = ORIENTED_EDGE('',*,*,#13540,.T.);
#14060 = ORIENTED_EDGE('',*,*,#14061,.T.);
#14061 = EDGE_CURVE('',#13541,#13031,#14062,.T.);
#14062 = LINE('',#14063,#14064);
#14063 = CARTESIAN_POINT('',(16.,39.,44.));
#14064 = VECTOR('',#14065,1.);
#14065 = DIRECTION('',(1.554312234475E-15,0.,1.));
#14066 = ORIENTED_EDGE('',*,*,#13038,.T.);
#14067 = FACE_BOUND('',#14068,.T.);
#14068 = EDGE_LOOP('',(#14069));
#14069 = ORIENTED_EDGE('',*,*,#14070,.F.);
#14070 = EDGE_CURVE('',#14071,#14071,#14073,.T.);
#14071 = VERTEX_POINT('',#14072);
#14072 = CARTESIAN_POINT('',(16.,25.,51.8));
#14073 = CIRCLE('',#14074,2.7);
#14074 = AXIS2_PLACEMENT_3D('',#14075,#14076,#14077);
#14075 = CARTESIAN_POINT('',(16.,25.,54.5));
#14076 = DIRECTION('',(1.,0.,-8.881784197001E-16));
#14077 = DIRECTION('',(-8.881784197001E-16,0.,-1.));
#14078 = FACE_BOUND('',#14079,.T.);
#14079 = EDGE_LOOP('',(#14080));
#14080 = ORIENTED_EDGE('',*,*,#14081,.F.);
#14081 = EDGE_CURVE('',#14082,#14082,#14084,.T.);
#14082 = VERTEX_POINT('',#14083);
#14083 = CARTESIAN_POINT('',(16.,-25.,51.8));
#14084 = CIRCLE('',#14085,2.7);
#14085 = AXIS2_PLACEMENT_3D('',#14086,#14087,#14088);
#14086 = CARTESIAN_POINT('',(16.,-25.,54.5));
#14087 = DIRECTION('',(1.,0.,-8.881784197001E-16));
#14088 = DIRECTION('',(-8.881784197001E-16,0.,-1.));
#14089 = PLANE('',#14090);
#14090 = AXIS2_PLACEMENT_3D('',#14091,#14092,#14093);
#14091 = CARTESIAN_POINT('',(16.,0.,54.5));
#14092 = DIRECTION('',(1.,0.,-1.33226762955E-15));
#14093 = DIRECTION('',(1.33226762955E-15,0.,1.));
#14094 = ADVANCED_FACE('',(#14095),#14111,.F.);
#14095 = FACE_BOUND('',#14096,.F.);
#14096 = EDGE_LOOP('',(#14097,#14103,#14104,#14110));
#14097 = ORIENTED_EDGE('',*,*,#14098,.T.);
#14098 = EDGE_CURVE('',#13549,#13021,#14099,.T.);
#14099 = LINE('',#14100,#14101);
#14100 = CARTESIAN_POINT('',(12.,39.,44.));
#14101 = VECTOR('',#14102,1.);
#14102 = DIRECTION('',(1.554312234475E-15,0.,1.));
#14103 = ORIENTED_EDGE('',*,*,#13020,.T.);
#14104 = ORIENTED_EDGE('',*,*,#14105,.F.);
#14105 = EDGE_CURVE('',#13557,#13023,#14106,.T.);
#14106 = LINE('',#14107,#14108);
#14107 = CARTESIAN_POINT('',(12.,35.4,59.75));
#14108 = VECTOR('',#14109,1.);
#14109 = DIRECTION('',(1.33226762955E-15,0.,1.));
#14110 = ORIENTED_EDGE('',*,*,#13556,.T.);
#14111 = PLANE('',#14112);
#14112 = AXIS2_PLACEMENT_3D('',#14113,#14114,#14115);
#14113 = CARTESIAN_POINT('',(12.,0.,54.5));
#14114 = DIRECTION('',(1.,0.,-1.33226762955E-15));
#14115 = DIRECTION('',(1.33226762955E-15,0.,1.));
#14116 = ADVANCED_FACE('',(#14117),#14128,.F.);
#14117 = FACE_BOUND('',#14118,.F.);
#14118 = EDGE_LOOP('',(#14119,#14120,#14126,#14127));
#14119 = ORIENTED_EDGE('',*,*,#13517,.F.);
#14120 = ORIENTED_EDGE('',*,*,#14121,.T.);
#14121 = EDGE_CURVE('',#13510,#13565,#14122,.T.);
#14122 = LINE('',#14123,#14124);
#14123 = CARTESIAN_POINT('',(12.8,35.4,65.));
#14124 = VECTOR('',#14125,1.);
#14125 = DIRECTION('',(-6.661338147751E-16,0.,-1.));
#14126 = ORIENTED_EDGE('',*,*,#13564,.T.);
#14127 = ORIENTED_EDGE('',*,*,#14105,.T.);
#14128 = PLANE('',#14129);
#14129 = AXIS2_PLACEMENT_3D('',#14130,#14131,#14132);
#14130 = CARTESIAN_POINT('',(12.8,35.4,65.));
#14131 = DIRECTION('',(0.,1.,0.));
#14132 = DIRECTION('',(-1.,0.,6.661338147751E-16));
#14133 = ADVANCED_FACE('',(#14134),#14145,.F.);
#14134 = FACE_BOUND('',#14135,.F.);
#14135 = EDGE_LOOP('',(#14136,#14142,#14143,#14144));
#14136 = ORIENTED_EDGE('',*,*,#14137,.T.);
#14137 = EDGE_CURVE('',#13502,#13573,#14138,.T.);
#14138 = LINE('',#14139,#14140);
#14139 = CARTESIAN_POINT('',(12.8,34.6,65.));
#14140 = VECTOR('',#14141,1.);
#14141 = DIRECTION('',(-6.661338147751E-16,0.,-1.));
#14142 = ORIENTED_EDGE('',*,*,#13572,.T.);
#14143 = ORIENTED_EDGE('',*,*,#14121,.F.);
#14144 = ORIENTED_EDGE('',*,*,#13509,.F.);
#14145 = PLANE('',#14146);
#14146 = AXIS2_PLACEMENT_3D('',#14147,#14148,#14149);
#14147 = CARTESIAN_POINT('',(12.8,34.6,65.));
#14148 = DIRECTION('',(1.,0.,-6.661338147751E-16));
#14149 = DIRECTION('',(0.,1.,0.));
#14150 = ADVANCED_FACE('',(#14151),#14162,.F.);
#14151 = FACE_BOUND('',#14152,.F.);
#14152 = EDGE_LOOP('',(#14153,#14154,#14160,#14161));
#14153 = ORIENTED_EDGE('',*,*,#13501,.F.);
#14154 = ORIENTED_EDGE('',*,*,#14155,.T.);
#14155 = EDGE_CURVE('',#13494,#13581,#14156,.T.);
#14156 = LINE('',#14157,#14158);
#14157 = CARTESIAN_POINT('',(12.,34.6,59.75));
#14158 = VECTOR('',#14159,1.);
#14159 = DIRECTION('',(-1.33226762955E-15,0.,-1.));
#14160 = ORIENTED_EDGE('',*,*,#13580,.T.);
#14161 = ORIENTED_EDGE('',*,*,#14137,.F.);
#14162 = PLANE('',#14163);
#14163 = AXIS2_PLACEMENT_3D('',#14164,#14165,#14166);
#14164 = CARTESIAN_POINT('',(11.9,34.6,65.));
#14165 = DIRECTION('',(0.,-1.,-0.));
#14166 = DIRECTION('',(1.,0.,-6.661338147751E-16));
#14167 = ADVANCED_FACE('',(#14168),#14179,.F.);
#14168 = FACE_BOUND('',#14169,.F.);
#14169 = EDGE_LOOP('',(#14170,#14171,#14172,#14178));
#14170 = ORIENTED_EDGE('',*,*,#14155,.F.);
#14171 = ORIENTED_EDGE('',*,*,#13493,.T.);
#14172 = ORIENTED_EDGE('',*,*,#14173,.F.);
#14173 = EDGE_CURVE('',#13589,#13486,#14174,.T.);
#14174 = LINE('',#14175,#14176);
#14175 = CARTESIAN_POINT('',(12.,30.4,59.75));
#14176 = VECTOR('',#14177,1.);
#14177 = DIRECTION('',(1.33226762955E-15,0.,1.));
#14178 = ORIENTED_EDGE('',*,*,#13588,.T.);
#14179 = PLANE('',#14180);
#14180 = AXIS2_PLACEMENT_3D('',#14181,#14182,#14183);
#14181 = CARTESIAN_POINT('',(12.,0.,54.5));
#14182 = DIRECTION('',(1.,0.,-1.33226762955E-15));
#14183 = DIRECTION('',(1.33226762955E-15,0.,1.));
#14184 = ADVANCED_FACE('',(#14185),#14196,.F.);
#14185 = FACE_BOUND('',#14186,.F.);
#14186 = EDGE_LOOP('',(#14187,#14188,#14194,#14195));
#14187 = ORIENTED_EDGE('',*,*,#13485,.F.);
#14188 = ORIENTED_EDGE('',*,*,#14189,.T.);
#14189 = EDGE_CURVE('',#13478,#13597,#14190,.T.);
#14190 = LINE('',#14191,#14192);
#14191 = CARTESIAN_POINT('',(12.8,30.4,65.));
#14192 = VECTOR('',#14193,1.);
#14193 = DIRECTION('',(-6.661338147751E-16,0.,-1.));
#14194 = ORIENTED_EDGE('',*,*,#13596,.T.);
#14195 = ORIENTED_EDGE('',*,*,#14173,.T.);
#14196 = PLANE('',#14197);
#14197 = AXIS2_PLACEMENT_3D('',#14198,#14199,#14200);
#14198 = CARTESIAN_POINT('',(12.8,30.4,65.));
#14199 = DIRECTION('',(0.,1.,0.));
#14200 = DIRECTION('',(-1.,0.,6.661338147751E-16));
#14201 = ADVANCED_FACE('',(#14202),#14213,.F.);
#14202 = FACE_BOUND('',#14203,.F.);
#14203 = EDGE_LOOP('',(#14204,#14210,#14211,#14212));
#14204 = ORIENTED_EDGE('',*,*,#14205,.T.);
#14205 = EDGE_CURVE('',#13470,#13605,#14206,.T.);
#14206 = LINE('',#14207,#14208);
#14207 = CARTESIAN_POINT('',(12.8,29.6,65.));
#14208 = VECTOR('',#14209,1.);
#14209 = DIRECTION('',(-6.661338147751E-16,0.,-1.));
#14210 = ORIENTED_EDGE('',*,*,#13604,.T.);
#14211 = ORIENTED_EDGE('',*,*,#14189,.F.);
#14212 = ORIENTED_EDGE('',*,*,#13477,.F.);
#14213 = PLANE('',#14214);
#14214 = AXIS2_PLACEMENT_3D('',#14215,#14216,#14217);
#14215 = CARTESIAN_POINT('',(12.8,29.6,65.));
#14216 = DIRECTION('',(1.,0.,-6.661338147751E-16));
#14217 = DIRECTION('',(0.,1.,0.));
#14218 = ADVANCED_FACE('',(#14219),#14230,.F.);
#14219 = FACE_BOUND('',#14220,.F.);
#14220 = EDGE_LOOP('',(#14221,#14222,#14228,#14229));
#14221 = ORIENTED_EDGE('',*,*,#13469,.F.);
#14222 = ORIENTED_EDGE('',*,*,#14223,.T.);
#14223 = EDGE_CURVE('',#13462,#13613,#14224,.T.);
#14224 = LINE('',#14225,#14226);
#14225 = CARTESIAN_POINT('',(12.,29.6,59.75));
#14226 = VECTOR('',#14227,1.);
#14227 = DIRECTION('',(-1.33226762955E-15,0.,-1.));
#14228 = ORIENTED_EDGE('',*,*,#13612,.T.);
#14229 = ORIENTED_EDGE('',*,*,#14205,.F.);
#14230 = PLANE('',#14231);
#14231 = AXIS2_PLACEMENT_3D('',#14232,#14233,#14234);
#14232 = CARTESIAN_POINT('',(11.9,29.6,65.));
#14233 = DIRECTION('',(0.,-1.,-0.));
#14234 = DIRECTION('',(1.,0.,-6.661338147751E-16));
#14235 = ADVANCED_FACE('',(#14236),#14264,.F.);
#14236 = FACE_BOUND('',#14237,.F.);
#14237 = EDGE_LOOP('',(#14238,#14239,#14240,#14248,#14257,#14263));
#14238 = ORIENTED_EDGE('',*,*,#14223,.F.);
#14239 = ORIENTED_EDGE('',*,*,#13461,.T.);
#14240 = ORIENTED_EDGE('',*,*,#14241,.F.);
#14241 = EDGE_CURVE('',#14242,#13454,#14244,.T.);
#14242 = VERTEX_POINT('',#14243);
#14243 = CARTESIAN_POINT('',(12.,25.4,58.881780460041));
#14244 = LINE('',#14245,#14246);
#14245 = CARTESIAN_POINT('',(12.,25.4,59.75));
#14246 = VECTOR('',#14247,1.);
#14247 = DIRECTION('',(1.33226762955E-15,0.,1.));
#14248 = ORIENTED_EDGE('',*,*,#14249,.F.);
#14249 = EDGE_CURVE('',#14250,#14242,#14252,.T.);
#14250 = VERTEX_POINT('',#14251);
#14251 = CARTESIAN_POINT('',(12.,25.4,50.118219539959));
#14252 = CIRCLE('',#14253,4.4);
#14253 = AXIS2_PLACEMENT_3D('',#14254,#14255,#14256);
#14254 = CARTESIAN_POINT('',(12.,25.,54.5));
#14255 = DIRECTION('',(1.,0.,-5.551115123126E-16));
#14256 = DIRECTION('',(-5.551115123126E-16,0.,-1.));
#14257 = ORIENTED_EDGE('',*,*,#14258,.F.);
#14258 = EDGE_CURVE('',#13621,#14250,#14259,.T.);
#14259 = LINE('',#14260,#14261);
#14260 = CARTESIAN_POINT('',(12.,25.4,59.75));
#14261 = VECTOR('',#14262,1.);
#14262 = DIRECTION('',(1.33226762955E-15,0.,1.));
#14263 = ORIENTED_EDGE('',*,*,#13620,.T.);
#14264 = PLANE('',#14265);
#14265 = AXIS2_PLACEMENT_3D('',#14266,#14267,#14268);
#14266 = CARTESIAN_POINT('',(12.,0.,54.5));
#14267 = DIRECTION('',(1.,0.,-1.33226762955E-15));
#14268 = DIRECTION('',(1.33226762955E-15,0.,1.));
#14269 = ADVANCED_FACE('',(#14270),#14288,.F.);
#14270 = FACE_BOUND('',#14271,.F.);
#14271 = EDGE_LOOP('',(#14272,#14273,#14281,#14287));
#14272 = ORIENTED_EDGE('',*,*,#13453,.F.);
#14273 = ORIENTED_EDGE('',*,*,#14274,.T.);
#14274 = EDGE_CURVE('',#13446,#14275,#14277,.T.);
#14275 = VERTEX_POINT('',#14276);
#14276 = CARTESIAN_POINT('',(12.8,25.4,58.881780460041));
#14277 = LINE('',#14278,#14279);
#14278 = CARTESIAN_POINT('',(12.8,25.4,65.));
#14279 = VECTOR('',#14280,1.);
#14280 = DIRECTION('',(-6.661338147751E-16,0.,-1.));
#14281 = ORIENTED_EDGE('',*,*,#14282,.T.);
#14282 = EDGE_CURVE('',#14275,#14242,#14283,.T.);
#14283 = LINE('',#14284,#14285);
#14284 = CARTESIAN_POINT('',(12.,25.4,58.881780460041));
#14285 = VECTOR('',#14286,1.);
#14286 = DIRECTION('',(-1.,0.,5.551115123126E-16));
#14287 = ORIENTED_EDGE('',*,*,#14241,.T.);
#14288 = PLANE('',#14289);
#14289 = AXIS2_PLACEMENT_3D('',#14290,#14291,#14292);
#14290 = CARTESIAN_POINT('',(12.8,25.4,65.));
#14291 = DIRECTION('',(0.,1.,0.));
#14292 = DIRECTION('',(-1.,0.,6.661338147751E-16));
#14293 = ADVANCED_FACE('',(#14294),#14313,.F.);
#14294 = FACE_BOUND('',#14295,.F.);
#14295 = EDGE_LOOP('',(#14296,#14297,#14305,#14312));
#14296 = ORIENTED_EDGE('',*,*,#13445,.F.);
#14297 = ORIENTED_EDGE('',*,*,#14298,.T.);
#14298 = EDGE_CURVE('',#13438,#14299,#14301,.T.);
#14299 = VERTEX_POINT('',#14300);
#14300 = CARTESIAN_POINT('',(12.8,24.6,58.881780460042));
#14301 = LINE('',#14302,#14303);
#14302 = CARTESIAN_POINT('',(12.8,24.6,65.));
#14303 = VECTOR('',#14304,1.);
#14304 = DIRECTION('',(-6.661338147751E-16,0.,-1.));
#14305 = ORIENTED_EDGE('',*,*,#14306,.T.);
#14306 = EDGE_CURVE('',#14299,#14275,#14307,.T.);
#14307 = CIRCLE('',#14308,4.4);
#14308 = AXIS2_PLACEMENT_3D('',#14309,#14310,#14311);
#14309 = CARTESIAN_POINT('',(12.8,25.,54.5));
#14310 = DIRECTION('',(-1.,0.,5.551115123126E-16));
#14311 = DIRECTION('',(-5.551115123126E-16,0.,-1.));
#14312 = ORIENTED_EDGE('',*,*,#14274,.F.);
#14313 = PLANE('',#14314);
#14314 = AXIS2_PLACEMENT_3D('',#14315,#14316,#14317);
#14315 = CARTESIAN_POINT('',(12.8,24.6,65.));
#14316 = DIRECTION('',(1.,0.,-6.661338147751E-16));
#14317 = DIRECTION('',(0.,1.,0.));
#14318 = ADVANCED_FACE('',(#14319),#14337,.F.);
#14319 = FACE_BOUND('',#14320,.F.);
#14320 = EDGE_LOOP('',(#14321,#14322,#14330,#14336));
#14321 = ORIENTED_EDGE('',*,*,#13437,.F.);
#14322 = ORIENTED_EDGE('',*,*,#14323,.T.);
#14323 = EDGE_CURVE('',#13430,#14324,#14326,.T.);
#14324 = VERTEX_POINT('',#14325);
#14325 = CARTESIAN_POINT('',(12.,24.6,58.881780460041));
#14326 = LINE('',#14327,#14328);
#14327 = CARTESIAN_POINT('',(12.,24.6,59.75));
#14328 = VECTOR('',#14329,1.);
#14329 = DIRECTION('',(-1.33226762955E-15,0.,-1.));
#14330 = ORIENTED_EDGE('',*,*,#14331,.F.);
#14331 = EDGE_CURVE('',#14299,#14324,#14332,.T.);
#14332 = LINE('',#14333,#14334);
#14333 = CARTESIAN_POINT('',(12.,24.6,58.881780460041));
#14334 = VECTOR('',#14335,1.);
#14335 = DIRECTION('',(-1.,0.,5.551115123126E-16));
#14336 = ORIENTED_EDGE('',*,*,#14298,.F.);
#14337 = PLANE('',#14338);
#14338 = AXIS2_PLACEMENT_3D('',#14339,#14340,#14341);
#14339 = CARTESIAN_POINT('',(11.9,24.6,65.));
#14340 = DIRECTION('',(0.,-1.,-0.));
#14341 = DIRECTION('',(1.,0.,-6.661338147751E-16));
#14342 = ADVANCED_FACE('',(#14343),#14369,.F.);
#14343 = FACE_BOUND('',#14344,.F.);
#14344 = EDGE_LOOP('',(#14345,#14346,#14347,#14353,#14354,#14362));
#14345 = ORIENTED_EDGE('',*,*,#14323,.F.);
#14346 = ORIENTED_EDGE('',*,*,#13429,.T.);
#14347 = ORIENTED_EDGE('',*,*,#14348,.F.);
#14348 = EDGE_CURVE('',#13653,#13422,#14349,.T.);
#14349 = LINE('',#14350,#14351);
#14350 = CARTESIAN_POINT('',(12.,20.4,59.75));
#14351 = VECTOR('',#14352,1.);
#14352 = DIRECTION('',(1.33226762955E-15,0.,1.));
#14353 = ORIENTED_EDGE('',*,*,#13652,.T.);
#14354 = ORIENTED_EDGE('',*,*,#14355,.F.);
#14355 = EDGE_CURVE('',#14356,#13645,#14358,.T.);
#14356 = VERTEX_POINT('',#14357);
#14357 = CARTESIAN_POINT('',(12.,24.6,50.118219539959));
#14358 = LINE('',#14359,#14360);
#14359 = CARTESIAN_POINT('',(12.,24.6,59.75));
#14360 = VECTOR('',#14361,1.);
#14361 = DIRECTION('',(-1.33226762955E-15,0.,-1.));
#14362 = ORIENTED_EDGE('',*,*,#14363,.F.);
#14363 = EDGE_CURVE('',#14324,#14356,#14364,.T.);
#14364 = CIRCLE('',#14365,4.4);
#14365 = AXIS2_PLACEMENT_3D('',#14366,#14367,#14368);
#14366 = CARTESIAN_POINT('',(12.,25.,54.5));
#14367 = DIRECTION('',(1.,0.,-5.551115123126E-16));
#14368 = DIRECTION('',(-5.551115123126E-16,0.,-1.));
#14369 = PLANE('',#14370);
#14370 = AXIS2_PLACEMENT_3D('',#14371,#14372,#14373);
#14371 = CARTESIAN_POINT('',(12.,0.,54.5));
#14372 = DIRECTION('',(1.,0.,-1.33226762955E-15));
#14373 = DIRECTION('',(1.33226762955E-15,0.,1.));
#14374 = ADVANCED_FACE('',(#14375),#14386,.F.);
#14375 = FACE_BOUND('',#14376,.F.);
#14376 = EDGE_LOOP('',(#14377,#14378,#14384,#14385));
#14377 = ORIENTED_EDGE('',*,*,#13421,.F.);
#14378 = ORIENTED_EDGE('',*,*,#14379,.T.);
#14379 = EDGE_CURVE('',#13414,#13661,#14380,.T.);
#14380 = LINE('',#14381,#14382);
#14381 = CARTESIAN_POINT('',(12.8,20.4,65.));
#14382 = VECTOR('',#14383,1.);
#14383 = DIRECTION('',(-6.661338147751E-16,0.,-1.));
#14384 = ORIENTED_EDGE('',*,*,#13660,.T.);
#14385 = ORIENTED_EDGE('',*,*,#14348,.T.);
#14386 = PLANE('',#14387);
#14387 = AXIS2_PLACEMENT_3D('',#14388,#14389,#14390);
#14388 = CARTESIAN_POINT('',(12.8,20.4,65.));
#14389 = DIRECTION('',(0.,1.,0.));
#14390 = DIRECTION('',(-1.,0.,6.661338147751E-16));
#14391 = ADVANCED_FACE('',(#14392),#14403,.F.);
#14392 = FACE_BOUND('',#14393,.F.);
#14393 = EDGE_LOOP('',(#14394,#14400,#14401,#14402));
#14394 = ORIENTED_EDGE('',*,*,#14395,.T.);
#14395 = EDGE_CURVE('',#13406,#13669,#14396,.T.);
#14396 = LINE('',#14397,#14398);
#14397 = CARTESIAN_POINT('',(12.8,19.6,65.));
#14398 = VECTOR('',#14399,1.);
#14399 = DIRECTION('',(-6.661338147751E-16,0.,-1.));
#14400 = ORIENTED_EDGE('',*,*,#13668,.T.);
#14401 = ORIENTED_EDGE('',*,*,#14379,.F.);
#14402 = ORIENTED_EDGE('',*,*,#13413,.F.);
#14403 = PLANE('',#14404);
#14404 = AXIS2_PLACEMENT_3D('',#14405,#14406,#14407);
#14405 = CARTESIAN_POINT('',(12.8,19.6,65.));
#14406 = DIRECTION('',(1.,0.,-6.661338147751E-16));
#14407 = DIRECTION('',(0.,1.,0.));
#14408 = ADVANCED_FACE('',(#14409),#14420,.F.);
#14409 = FACE_BOUND('',#14410,.F.);
#14410 = EDGE_LOOP('',(#14411,#14412,#14418,#14419));
#14411 = ORIENTED_EDGE('',*,*,#13405,.F.);
#14412 = ORIENTED_EDGE('',*,*,#14413,.T.);
#14413 = EDGE_CURVE('',#13398,#13677,#14414,.T.);
#14414 = LINE('',#14415,#14416);
#14415 = CARTESIAN_POINT('',(12.,19.6,59.75));
#14416 = VECTOR('',#14417,1.);
#14417 = DIRECTION('',(-1.33226762955E-15,0.,-1.));
#14418 = ORIENTED_EDGE('',*,*,#13676,.T.);
#14419 = ORIENTED_EDGE('',*,*,#14395,.F.);
#14420 = PLANE('',#14421);
#14421 = AXIS2_PLACEMENT_3D('',#14422,#14423,#14424);
#14422 = CARTESIAN_POINT('',(11.9,19.6,65.));
#14423 = DIRECTION('',(0.,-1.,-0.));
#14424 = DIRECTION('',(1.,0.,-6.661338147751E-16));
#14425 = ADVANCED_FACE('',(#14426),#14437,.F.);
#14426 = FACE_BOUND('',#14427,.F.);
#14427 = EDGE_LOOP('',(#14428,#14429,#14430,#14436));
#14428 = ORIENTED_EDGE('',*,*,#14413,.F.);
#14429 = ORIENTED_EDGE('',*,*,#13397,.T.);
#14430 = ORIENTED_EDGE('',*,*,#14431,.F.);
#14431 = EDGE_CURVE('',#13685,#13390,#14432,.T.);
#14432 = LINE('',#14433,#14434);
#14433 = CARTESIAN_POINT('',(12.,15.4,59.75));
#14434 = VECTOR('',#14435,1.);
#14435 = DIRECTION('',(1.33226762955E-15,0.,1.));
#14436 = ORIENTED_EDGE('',*,*,#13684,.T.);
#14437 = PLANE('',#14438);
#14438 = AXIS2_PLACEMENT_3D('',#14439,#14440,#14441);
#14439 = CARTESIAN_POINT('',(12.,0.,54.5));
#14440 = DIRECTION('',(1.,0.,-1.33226762955E-15));
#14441 = DIRECTION('',(1.33226762955E-15,0.,1.));
#14442 = ADVANCED_FACE('',(#14443),#14454,.F.);
#14443 = FACE_BOUND('',#14444,.F.);
#14444 = EDGE_LOOP('',(#14445,#14446,#14452,#14453));
#14445 = ORIENTED_EDGE('',*,*,#13389,.F.);
#14446 = ORIENTED_EDGE('',*,*,#14447,.T.);
#14447 = EDGE_CURVE('',#13382,#13693,#14448,.T.);
#14448 = LINE('',#14449,#14450);
#14449 = CARTESIAN_POINT('',(12.8,15.4,65.));
#14450 = VECTOR('',#14451,1.);
#14451 = DIRECTION('',(-6.661338147751E-16,0.,-1.));
#14452 = ORIENTED_EDGE('',*,*,#13692,.T.);
#14453 = ORIENTED_EDGE('',*,*,#14431,.T.);
#14454 = PLANE('',#14455);
#14455 = AXIS2_PLACEMENT_3D('',#14456,#14457,#14458);
#14456 = CARTESIAN_POINT('',(12.8,15.4,65.));
#14457 = DIRECTION('',(0.,1.,0.));
#14458 = DIRECTION('',(-1.,0.,6.661338147751E-16));
#14459 = ADVANCED_FACE('',(#14460),#14471,.F.);
#14460 = FACE_BOUND('',#14461,.F.);
#14461 = EDGE_LOOP('',(#14462,#14468,#14469,#14470));
#14462 = ORIENTED_EDGE('',*,*,#14463,.T.);
#14463 = EDGE_CURVE('',#13374,#13701,#14464,.T.);
#14464 = LINE('',#14465,#14466);
#14465 = CARTESIAN_POINT('',(12.8,14.6,65.));
#14466 = VECTOR('',#14467,1.);
#14467 = DIRECTION('',(-6.661338147751E-16,0.,-1.));
#14468 = ORIENTED_EDGE('',*,*,#13700,.T.);
#14469 = ORIENTED_EDGE('',*,*,#14447,.F.);
#14470 = ORIENTED_EDGE('',*,*,#13381,.F.);
#14471 = PLANE('',#14472);
#14472 = AXIS2_PLACEMENT_3D('',#14473,#14474,#14475);
#14473 = CARTESIAN_POINT('',(12.8,14.6,65.));
#14474 = DIRECTION('',(1.,0.,-6.661338147751E-16));
#14475 = DIRECTION('',(0.,1.,0.));
#14476 = ADVANCED_FACE('',(#14477),#14488,.F.);
#14477 = FACE_BOUND('',#14478,.F.);
#14478 = EDGE_LOOP('',(#14479,#14480,#14486,#14487));
#14479 = ORIENTED_EDGE('',*,*,#13373,.F.);
#14480 = ORIENTED_EDGE('',*,*,#14481,.T.);
#14481 = EDGE_CURVE('',#13366,#13709,#14482,.T.);
#14482 = LINE('',#14483,#14484);
#14483 = CARTESIAN_POINT('',(12.,14.6,59.75));
#14484 = VECTOR('',#14485,1.);
#14485 = DIRECTION('',(-1.33226762955E-15,0.,-1.));
#14486 = ORIENTED_EDGE('',*,*,#13708,.T.);
#14487 = ORIENTED_EDGE('',*,*,#14463,.F.);
#14488 = PLANE('',#14489);
#14489 = AXIS2_PLACEMENT_3D('',#14490,#14491,#14492);
#14490 = CARTESIAN_POINT('',(11.9,14.6,65.));
#14491 = DIRECTION('',(0.,-1.,-0.));
#14492 = DIRECTION('',(1.,0.,-6.661338147751E-16));
#14493 = ADVANCED_FACE('',(#14494),#14505,.F.);
#14494 = FACE_BOUND('',#14495,.F.);
#14495 = EDGE_LOOP('',(#14496,#14497,#14498,#14504));
#14496 = ORIENTED_EDGE('',*,*,#14481,.F.);
#14497 = ORIENTED_EDGE('',*,*,#13365,.T.);
#14498 = ORIENTED_EDGE('',*,*,#14499,.F.);
#14499 = EDGE_CURVE('',#13717,#13358,#14500,.T.);
#14500 = LINE('',#14501,#14502);
#14501 = CARTESIAN_POINT('',(12.,10.4,59.75));
#14502 = VECTOR('',#14503,1.);
#14503 = DIRECTION('',(1.33226762955E-15,0.,1.));
#14504 = ORIENTED_EDGE('',*,*,#13716,.T.);
#14505 = PLANE('',#14506);
#14506 = AXIS2_PLACEMENT_3D('',#14507,#14508,#14509);
#14507 = CARTESIAN_POINT('',(12.,0.,54.5));
#14508 = DIRECTION('',(1.,0.,-1.33226762955E-15));
#14509 = DIRECTION('',(1.33226762955E-15,0.,1.));
#14510 = ADVANCED_FACE('',(#14511),#14522,.F.);
#14511 = FACE_BOUND('',#14512,.F.);
#14512 = EDGE_LOOP('',(#14513,#14514,#14520,#14521));
#14513 = ORIENTED_EDGE('',*,*,#13357,.F.);
#14514 = ORIENTED_EDGE('',*,*,#14515,.T.);
#14515 = EDGE_CURVE('',#13350,#13725,#14516,.T.);
#14516 = LINE('',#14517,#14518);
#14517 = CARTESIAN_POINT('',(12.8,10.4,65.));
#14518 = VECTOR('',#14519,1.);
#14519 = DIRECTION('',(-6.661338147751E-16,0.,-1.));
#14520 = ORIENTED_EDGE('',*,*,#13724,.T.);
#14521 = ORIENTED_EDGE('',*,*,#14499,.T.);
#14522 = PLANE('',#14523);
#14523 = AXIS2_PLACEMENT_3D('',#14524,#14525,#14526);
#14524 = CARTESIAN_POINT('',(12.8,10.4,65.));
#14525 = DIRECTION('',(0.,1.,0.));
#14526 = DIRECTION('',(-1.,0.,6.661338147751E-16));
#14527 = ADVANCED_FACE('',(#14528),#14539,.F.);
#14528 = FACE_BOUND('',#14529,.F.);
#14529 = EDGE_LOOP('',(#14530,#14536,#14537,#14538));
#14530 = ORIENTED_EDGE('',*,*,#14531,.T.);
#14531 = EDGE_CURVE('',#13342,#13733,#14532,.T.);
#14532 = LINE('',#14533,#14534);
#14533 = CARTESIAN_POINT('',(12.8,9.6,65.));
#14534 = VECTOR('',#14535,1.);
#14535 = DIRECTION('',(-6.661338147751E-16,0.,-1.));
#14536 = ORIENTED_EDGE('',*,*,#13732,.T.);
#14537 = ORIENTED_EDGE('',*,*,#14515,.F.);
#14538 = ORIENTED_EDGE('',*,*,#13349,.F.);
#14539 = PLANE('',#14540);
#14540 = AXIS2_PLACEMENT_3D('',#14541,#14542,#14543);
#14541 = CARTESIAN_POINT('',(12.8,9.6,65.));
#14542 = DIRECTION('',(1.,0.,-6.661338147751E-16));
#14543 = DIRECTION('',(0.,1.,0.));
#14544 = ADVANCED_FACE('',(#14545),#14556,.F.);
#14545 = FACE_BOUND('',#14546,.F.);
#14546 = EDGE_LOOP('',(#14547,#14548,#14554,#14555));
#14547 = ORIENTED_EDGE('',*,*,#13341,.F.);
#14548 = ORIENTED_EDGE('',*,*,#14549,.T.);
#14549 = EDGE_CURVE('',#13334,#13741,#14550,.T.);
#14550 = LINE('',#14551,#14552);
#14551 = CARTESIAN_POINT('',(12.,9.6,59.75));
#14552 = VECTOR('',#14553,1.);
#14553 = DIRECTION('',(-1.33226762955E-15,0.,-1.));
#14554 = ORIENTED_EDGE('',*,*,#13740,.T.);
#14555 = ORIENTED_EDGE('',*,*,#14531,.F.);
#14556 = PLANE('',#14557);
#14557 = AXIS2_PLACEMENT_3D('',#14558,#14559,#14560);
#14558 = CARTESIAN_POINT('',(11.9,9.6,65.));
#14559 = DIRECTION('',(0.,-1.,-0.));
#14560 = DIRECTION('',(1.,0.,-6.661338147751E-16));
#14561 = ADVANCED_FACE('',(#14562),#14573,.F.);
#14562 = FACE_BOUND('',#14563,.F.);
#14563 = EDGE_LOOP('',(#14564,#14565,#14566,#14572));
#14564 = ORIENTED_EDGE('',*,*,#14549,.F.);
#14565 = ORIENTED_EDGE('',*,*,#13333,.T.);
#14566 = ORIENTED_EDGE('',*,*,#14567,.F.);
#14567 = EDGE_CURVE('',#13749,#13326,#14568,.T.);
#14568 = LINE('',#14569,#14570);
#14569 = CARTESIAN_POINT('',(12.,5.4,59.75));
#14570 = VECTOR('',#14571,1.);
#14571 = DIRECTION('',(1.33226762955E-15,0.,1.));
#14572 = ORIENTED_EDGE('',*,*,#13748,.T.);
#14573 = PLANE('',#14574);
#14574 = AXIS2_PLACEMENT_3D('',#14575,#14576,#14577);
#14575 = CARTESIAN_POINT('',(12.,0.,54.5));
#14576 = DIRECTION('',(1.,0.,-1.33226762955E-15));
#14577 = DIRECTION('',(1.33226762955E-15,0.,1.));
#14578 = ADVANCED_FACE('',(#14579),#14590,.F.);
#14579 = FACE_BOUND('',#14580,.F.);
#14580 = EDGE_LOOP('',(#14581,#14582,#14588,#14589));
#14581 = ORIENTED_EDGE('',*,*,#13325,.F.);
#14582 = ORIENTED_EDGE('',*,*,#14583,.T.);
#14583 = EDGE_CURVE('',#13318,#13757,#14584,.T.);
#14584 = LINE('',#14585,#14586);
#14585 = CARTESIAN_POINT('',(12.8,5.4,65.));
#14586 = VECTOR('',#14587,1.);
#14587 = DIRECTION('',(-6.661338147751E-16,0.,-1.));
#14588 = ORIENTED_EDGE('',*,*,#13756,.T.);
#14589 = ORIENTED_EDGE('',*,*,#14567,.T.);
#14590 = PLANE('',#14591);
#14591 = AXIS2_PLACEMENT_3D('',#14592,#14593,#14594);
#14592 = CARTESIAN_POINT('',(12.8,5.4,65.));
#14593 = DIRECTION('',(0.,1.,0.));
#14594 = DIRECTION('',(-1.,0.,6.661338147751E-16));
#14595 = ADVANCED_FACE('',(#14596),#14607,.F.);
#14596 = FACE_BOUND('',#14597,.F.);
#14597 = EDGE_LOOP('',(#14598,#14604,#14605,#14606));
#14598 = ORIENTED_EDGE('',*,*,#14599,.T.);
#14599 = EDGE_CURVE('',#13310,#13765,#14600,.T.);
#14600 = LINE('',#14601,#14602);
#14601 = CARTESIAN_POINT('',(12.8,4.6,65.));
#14602 = VECTOR('',#14603,1.);
#14603 = DIRECTION('',(-6.661338147751E-16,0.,-1.));
#14604 = ORIENTED_EDGE('',*,*,#13764,.T.);
#14605 = ORIENTED_EDGE('',*,*,#14583,.F.);
#14606 = ORIENTED_EDGE('',*,*,#13317,.F.);
#14607 = PLANE('',#14608);
#14608 = AXIS2_PLACEMENT_3D('',#14609,#14610,#14611);
#14609 = CARTESIAN_POINT('',(12.8,4.6,65.));
#14610 = DIRECTION('',(1.,0.,-6.661338147751E-16));
#14611 = DIRECTION('',(0.,1.,0.));
#14612 = ADVANCED_FACE('',(#14613),#14624,.F.);
#14613 = FACE_BOUND('',#14614,.F.);
#14614 = EDGE_LOOP('',(#14615,#14616,#14622,#14623));
#14615 = ORIENTED_EDGE('',*,*,#13309,.F.);
#14616 = ORIENTED_EDGE('',*,*,#14617,.T.);
#14617 = EDGE_CURVE('',#13302,#13773,#14618,.T.);
#14618 = LINE('',#14619,#14620);
#14619 = CARTESIAN_POINT('',(12.,4.6,59.75));
#14620 = VECTOR('',#14621,1.);
#14621 = DIRECTION('',(-1.33226762955E-15,0.,-1.));
#14622 = ORIENTED_EDGE('',*,*,#13772,.T.);
#14623 = ORIENTED_EDGE('',*,*,#14599,.F.);
#14624 = PLANE('',#14625);
#14625 = AXIS2_PLACEMENT_3D('',#14626,#14627,#14628);
#14626 = CARTESIAN_POINT('',(11.9,4.6,65.));
#14627 = DIRECTION('',(0.,-1.,-0.));
#14628 = DIRECTION('',(1.,0.,-6.661338147751E-16));
#14629 = ADVANCED_FACE('',(#14630),#14641,.F.);
#14630 = FACE_BOUND('',#14631,.F.);
#14631 = EDGE_LOOP('',(#14632,#14633,#14634,#14640));
#14632 = ORIENTED_EDGE('',*,*,#14617,.F.);
#14633 = ORIENTED_EDGE('',*,*,#13301,.T.);
#14634 = ORIENTED_EDGE('',*,*,#14635,.F.);
#14635 = EDGE_CURVE('',#13781,#13294,#14636,.T.);
#14636 = LINE('',#14637,#14638);
#14637 = CARTESIAN_POINT('',(12.,0.4,59.75));
#14638 = VECTOR('',#14639,1.);
#14639 = DIRECTION('',(1.33226762955E-15,0.,1.));
#14640 = ORIENTED_EDGE('',*,*,#13780,.T.);
#14641 = PLANE('',#14642);
#14642 = AXIS2_PLACEMENT_3D('',#14643,#14644,#14645);
#14643 = CARTESIAN_POINT('',(12.,0.,54.5));
#14644 = DIRECTION('',(1.,0.,-1.33226762955E-15));
#14645 = DIRECTION('',(1.33226762955E-15,0.,1.));
#14646 = ADVANCED_FACE('',(#14647),#14658,.F.);
#14647 = FACE_BOUND('',#14648,.F.);
#14648 = EDGE_LOOP('',(#14649,#14650,#14656,#14657));
#14649 = ORIENTED_EDGE('',*,*,#13293,.F.);
#14650 = ORIENTED_EDGE('',*,*,#14651,.T.);
#14651 = EDGE_CURVE('',#13286,#13789,#14652,.T.);
#14652 = LINE('',#14653,#14654);
#14653 = CARTESIAN_POINT('',(12.8,0.4,65.));
#14654 = VECTOR('',#14655,1.);
#14655 = DIRECTION('',(-6.661338147751E-16,0.,-1.));
#14656 = ORIENTED_EDGE('',*,*,#13788,.T.);
#14657 = ORIENTED_EDGE('',*,*,#14635,.T.);
#14658 = PLANE('',#14659);
#14659 = AXIS2_PLACEMENT_3D('',#14660,#14661,#14662);
#14660 = CARTESIAN_POINT('',(12.8,0.4,65.));
#14661 = DIRECTION('',(0.,1.,0.));
#14662 = DIRECTION('',(-1.,0.,6.661338147751E-16));
#14663 = ADVANCED_FACE('',(#14664),#14675,.F.);
#14664 = FACE_BOUND('',#14665,.F.);
#14665 = EDGE_LOOP('',(#14666,#14672,#14673,#14674));
#14666 = ORIENTED_EDGE('',*,*,#14667,.T.);
#14667 = EDGE_CURVE('',#13278,#13797,#14668,.T.);
#14668 = LINE('',#14669,#14670);
#14669 = CARTESIAN_POINT('',(12.8,-0.4,65.));
#14670 = VECTOR('',#14671,1.);
#14671 = DIRECTION('',(-6.661338147751E-16,0.,-1.));
#14672 = ORIENTED_EDGE('',*,*,#13796,.T.);
#14673 = ORIENTED_EDGE('',*,*,#14651,.F.);
#14674 = ORIENTED_EDGE('',*,*,#13285,.F.);
#14675 = PLANE('',#14676);
#14676 = AXIS2_PLACEMENT_3D('',#14677,#14678,#14679);
#14677 = CARTESIAN_POINT('',(12.8,-0.4,65.));
#14678 = DIRECTION('',(1.,0.,-6.661338147751E-16));
#14679 = DIRECTION('',(0.,1.,0.));
#14680 = ADVANCED_FACE('',(#14681),#14692,.F.);
#14681 = FACE_BOUND('',#14682,.F.);
#14682 = EDGE_LOOP('',(#14683,#14684,#14690,#14691));
#14683 = ORIENTED_EDGE('',*,*,#13277,.F.);
#14684 = ORIENTED_EDGE('',*,*,#14685,.T.);
#14685 = EDGE_CURVE('',#13270,#13805,#14686,.T.);
#14686 = LINE('',#14687,#14688);
#14687 = CARTESIAN_POINT('',(12.,-0.4,59.75));
#14688 = VECTOR('',#14689,1.);
#14689 = DIRECTION('',(-1.33226762955E-15,0.,-1.));
#14690 = ORIENTED_EDGE('',*,*,#13804,.T.);
#14691 = ORIENTED_EDGE('',*,*,#14667,.F.);
#14692 = PLANE('',#14693);
#14693 = AXIS2_PLACEMENT_3D('',#14694,#14695,#14696);
#14694 = CARTESIAN_POINT('',(11.9,-0.4,65.));
#14695 = DIRECTION('',(0.,-1.,-0.));
#14696 = DIRECTION('',(1.,0.,-6.661338147751E-16));
#14697 = ADVANCED_FACE('',(#14698),#14709,.F.);
#14698 = FACE_BOUND('',#14699,.F.);
#14699 = EDGE_LOOP('',(#14700,#14701,#14702,#14708));
#14700 = ORIENTED_EDGE('',*,*,#14685,.F.);
#14701 = ORIENTED_EDGE('',*,*,#13269,.T.);
#14702 = ORIENTED_EDGE('',*,*,#14703,.F.);
#14703 = EDGE_CURVE('',#13813,#13262,#14704,.T.);
#14704 = LINE('',#14705,#14706);
#14705 = CARTESIAN_POINT('',(12.,-4.6,59.75));
#14706 = VECTOR('',#14707,1.);
#14707 = DIRECTION('',(1.33226762955E-15,0.,1.));
#14708 = ORIENTED_EDGE('',*,*,#13812,.T.);
#14709 = PLANE('',#14710);
#14710 = AXIS2_PLACEMENT_3D('',#14711,#14712,#14713);
#14711 = CARTESIAN_POINT('',(12.,0.,54.5));
#14712 = DIRECTION('',(1.,0.,-1.33226762955E-15));
#14713 = DIRECTION('',(1.33226762955E-15,0.,1.));
#14714 = ADVANCED_FACE('',(#14715),#14726,.F.);
#14715 = FACE_BOUND('',#14716,.F.);
#14716 = EDGE_LOOP('',(#14717,#14718,#14724,#14725));
#14717 = ORIENTED_EDGE('',*,*,#13261,.F.);
#14718 = ORIENTED_EDGE('',*,*,#14719,.T.);
#14719 = EDGE_CURVE('',#13254,#13821,#14720,.T.);
#14720 = LINE('',#14721,#14722);
#14721 = CARTESIAN_POINT('',(12.8,-4.6,65.));
#14722 = VECTOR('',#14723,1.);
#14723 = DIRECTION('',(-6.661338147751E-16,0.,-1.));
#14724 = ORIENTED_EDGE('',*,*,#13820,.T.);
#14725 = ORIENTED_EDGE('',*,*,#14703,.T.);
#14726 = PLANE('',#14727);
#14727 = AXIS2_PLACEMENT_3D('',#14728,#14729,#14730);
#14728 = CARTESIAN_POINT('',(12.8,-4.6,65.));
#14729 = DIRECTION('',(0.,1.,0.));
#14730 = DIRECTION('',(-1.,0.,6.661338147751E-16));
#14731 = ADVANCED_FACE('',(#14732),#14743,.F.);
#14732 = FACE_BOUND('',#14733,.F.);
#14733 = EDGE_LOOP('',(#14734,#14740,#14741,#14742));
#14734 = ORIENTED_EDGE('',*,*,#14735,.T.);
#14735 = EDGE_CURVE('',#13246,#13829,#14736,.T.);
#14736 = LINE('',#14737,#14738);
#14737 = CARTESIAN_POINT('',(12.8,-5.4,65.));
#14738 = VECTOR('',#14739,1.);
#14739 = DIRECTION('',(-6.661338147751E-16,0.,-1.));
#14740 = ORIENTED_EDGE('',*,*,#13828,.T.);
#14741 = ORIENTED_EDGE('',*,*,#14719,.F.);
#14742 = ORIENTED_EDGE('',*,*,#13253,.F.);
#14743 = PLANE('',#14744);
#14744 = AXIS2_PLACEMENT_3D('',#14745,#14746,#14747);
#14745 = CARTESIAN_POINT('',(12.8,-5.4,65.));
#14746 = DIRECTION('',(1.,0.,-6.661338147751E-16));
#14747 = DIRECTION('',(0.,1.,0.));
#14748 = ADVANCED_FACE('',(#14749),#14760,.F.);
#14749 = FACE_BOUND('',#14750,.F.);
#14750 = EDGE_LOOP('',(#14751,#14752,#14758,#14759));
#14751 = ORIENTED_EDGE('',*,*,#13245,.F.);
#14752 = ORIENTED_EDGE('',*,*,#14753,.T.);
#14753 = EDGE_CURVE('',#13238,#13837,#14754,.T.);
#14754 = LINE('',#14755,#14756);
#14755 = CARTESIAN_POINT('',(12.,-5.4,59.75));
#14756 = VECTOR('',#14757,1.);
#14757 = DIRECTION('',(-1.33226762955E-15,0.,-1.));
#14758 = ORIENTED_EDGE('',*,*,#13836,.T.);
#14759 = ORIENTED_EDGE('',*,*,#14735,.F.);
#14760 = PLANE('',#14761);
#14761 = AXIS2_PLACEMENT_3D('',#14762,#14763,#14764);
#14762 = CARTESIAN_POINT('',(11.9,-5.4,65.));
#14763 = DIRECTION('',(0.,-1.,-0.));
#14764 = DIRECTION('',(1.,0.,-6.661338147751E-16));
#14765 = ADVANCED_FACE('',(#14766),#14777,.F.);
#14766 = FACE_BOUND('',#14767,.F.);
#14767 = EDGE_LOOP('',(#14768,#14769,#14770,#14776));
#14768 = ORIENTED_EDGE('',*,*,#14753,.F.);
#14769 = ORIENTED_EDGE('',*,*,#13237,.T.);
#14770 = ORIENTED_EDGE('',*,*,#14771,.F.);
#14771 = EDGE_CURVE('',#13845,#13230,#14772,.T.);
#14772 = LINE('',#14773,#14774);
#14773 = CARTESIAN_POINT('',(12.,-9.6,59.75));
#14774 = VECTOR('',#14775,1.);
#14775 = DIRECTION('',(1.33226762955E-15,0.,1.));
#14776 = ORIENTED_EDGE('',*,*,#13844,.T.);
#14777 = PLANE('',#14778);
#14778 = AXIS2_PLACEMENT_3D('',#14779,#14780,#14781);
#14779 = CARTESIAN_POINT('',(12.,0.,54.5));
#14780 = DIRECTION('',(1.,0.,-1.33226762955E-15));
#14781 = DIRECTION('',(1.33226762955E-15,0.,1.));
#14782 = ADVANCED_FACE('',(#14783),#14794,.F.);
#14783 = FACE_BOUND('',#14784,.F.);
#14784 = EDGE_LOOP('',(#14785,#14786,#14792,#14793));
#14785 = ORIENTED_EDGE('',*,*,#13229,.F.);
#14786 = ORIENTED_EDGE('',*,*,#14787,.T.);
#14787 = EDGE_CURVE('',#13222,#13853,#14788,.T.);
#14788 = LINE('',#14789,#14790);
#14789 = CARTESIAN_POINT('',(12.8,-9.6,65.));
#14790 = VECTOR('',#14791,1.);
#14791 = DIRECTION('',(-6.661338147751E-16,0.,-1.));
#14792 = ORIENTED_EDGE('',*,*,#13852,.T.);
#14793 = ORIENTED_EDGE('',*,*,#14771,.T.);
#14794 = PLANE('',#14795);
#14795 = AXIS2_PLACEMENT_3D('',#14796,#14797,#14798);
#14796 = CARTESIAN_POINT('',(12.8,-9.6,65.));
#14797 = DIRECTION('',(0.,1.,0.));
#14798 = DIRECTION('',(-1.,0.,6.661338147751E-16));
#14799 = ADVANCED_FACE('',(#14800),#14811,.F.);
#14800 = FACE_BOUND('',#14801,.F.);
#14801 = EDGE_LOOP('',(#14802,#14808,#14809,#14810));
#14802 = ORIENTED_EDGE('',*,*,#14803,.T.);
#14803 = EDGE_CURVE('',#13214,#13861,#14804,.T.);
#14804 = LINE('',#14805,#14806);
#14805 = CARTESIAN_POINT('',(12.8,-10.4,65.));
#14806 = VECTOR('',#14807,1.);
#14807 = DIRECTION('',(-6.661338147751E-16,0.,-1.));
#14808 = ORIENTED_EDGE('',*,*,#13860,.T.);
#14809 = ORIENTED_EDGE('',*,*,#14787,.F.);
#14810 = ORIENTED_EDGE('',*,*,#13221,.F.);
#14811 = PLANE('',#14812);
#14812 = AXIS2_PLACEMENT_3D('',#14813,#14814,#14815);
#14813 = CARTESIAN_POINT('',(12.8,-10.4,65.));
#14814 = DIRECTION('',(1.,0.,-6.661338147751E-16));
#14815 = DIRECTION('',(0.,1.,0.));
#14816 = ADVANCED_FACE('',(#14817),#14828,.F.);
#14817 = FACE_BOUND('',#14818,.F.);
#14818 = EDGE_LOOP('',(#14819,#14820,#14826,#14827));
#14819 = ORIENTED_EDGE('',*,*,#13213,.F.);
#14820 = ORIENTED_EDGE('',*,*,#14821,.T.);
#14821 = EDGE_CURVE('',#13206,#13869,#14822,.T.);
#14822 = LINE('',#14823,#14824);
#14823 = CARTESIAN_POINT('',(12.,-10.4,59.75));
#14824 = VECTOR('',#14825,1.);
#14825 = DIRECTION('',(-1.33226762955E-15,0.,-1.));
#14826 = ORIENTED_EDGE('',*,*,#13868,.T.);
#14827 = ORIENTED_EDGE('',*,*,#14803,.F.);
#14828 = PLANE('',#14829);
#14829 = AXIS2_PLACEMENT_3D('',#14830,#14831,#14832);
#14830 = CARTESIAN_POINT('',(11.9,-10.4,65.));
#14831 = DIRECTION('',(0.,-1.,-0.));
#14832 = DIRECTION('',(1.,0.,-6.661338147751E-16));
#14833 = ADVANCED_FACE('',(#14834),#14845,.F.);
#14834 = FACE_BOUND('',#14835,.F.);
#14835 = EDGE_LOOP('',(#14836,#14837,#14838,#14844));
#14836 = ORIENTED_EDGE('',*,*,#14821,.F.);
#14837 = ORIENTED_EDGE('',*,*,#13205,.T.);
#14838 = ORIENTED_EDGE('',*,*,#14839,.F.);
#14839 = EDGE_CURVE('',#13877,#13198,#14840,.T.);
#14840 = LINE('',#14841,#14842);
#14841 = CARTESIAN_POINT('',(12.,-14.6,59.75));
#14842 = VECTOR('',#14843,1.);
#14843 = DIRECTION('',(1.33226762955E-15,0.,1.));
#14844 = ORIENTED_EDGE('',*,*,#13876,.T.);
#14845 = PLANE('',#14846);
#14846 = AXIS2_PLACEMENT_3D('',#14847,#14848,#14849);
#14847 = CARTESIAN_POINT('',(12.,0.,54.5));
#14848 = DIRECTION('',(1.,0.,-1.33226762955E-15));
#14849 = DIRECTION('',(1.33226762955E-15,0.,1.));
#14850 = ADVANCED_FACE('',(#14851),#14862,.F.);
#14851 = FACE_BOUND('',#14852,.F.);
#14852 = EDGE_LOOP('',(#14853,#14854,#14860,#14861));
#14853 = ORIENTED_EDGE('',*,*,#13197,.F.);
#14854 = ORIENTED_EDGE('',*,*,#14855,.T.);
#14855 = EDGE_CURVE('',#13190,#13885,#14856,.T.);
#14856 = LINE('',#14857,#14858);
#14857 = CARTESIAN_POINT('',(12.8,-14.6,65.));
#14858 = VECTOR('',#14859,1.);
#14859 = DIRECTION('',(-6.661338147751E-16,0.,-1.));
#14860 = ORIENTED_EDGE('',*,*,#13884,.T.);
#14861 = ORIENTED_EDGE('',*,*,#14839,.T.);
#14862 = PLANE('',#14863);
#14863 = AXIS2_PLACEMENT_3D('',#14864,#14865,#14866);
#14864 = CARTESIAN_POINT('',(12.8,-14.6,65.));
#14865 = DIRECTION('',(0.,1.,0.));
#14866 = DIRECTION('',(-1.,0.,6.661338147751E-16));
#14867 = ADVANCED_FACE('',(#14868),#14879,.F.);
#14868 = FACE_BOUND('',#14869,.F.);
#14869 = EDGE_LOOP('',(#14870,#14876,#14877,#14878));
#14870 = ORIENTED_EDGE('',*,*,#14871,.T.);
#14871 = EDGE_CURVE('',#13182,#13893,#14872,.T.);
#14872 = LINE('',#14873,#14874);
#14873 = CARTESIAN_POINT('',(12.8,-15.4,65.));
#14874 = VECTOR('',#14875,1.);
#14875 = DIRECTION('',(-6.661338147751E-16,0.,-1.));
#14876 = ORIENTED_EDGE('',*,*,#13892,.T.);
#14877 = ORIENTED_EDGE('',*,*,#14855,.F.);
#14878 = ORIENTED_EDGE('',*,*,#13189,.F.);
#14879 = PLANE('',#14880);
#14880 = AXIS2_PLACEMENT_3D('',#14881,#14882,#14883);
#14881 = CARTESIAN_POINT('',(12.8,-15.4,65.));
#14882 = DIRECTION('',(1.,0.,-6.661338147751E-16));
#14883 = DIRECTION('',(0.,1.,0.));
#14884 = ADVANCED_FACE('',(#14885),#14896,.F.);
#14885 = FACE_BOUND('',#14886,.F.);
#14886 = EDGE_LOOP('',(#14887,#14888,#14894,#14895));
#14887 = ORIENTED_EDGE('',*,*,#13181,.F.);
#14888 = ORIENTED_EDGE('',*,*,#14889,.T.);
#14889 = EDGE_CURVE('',#13174,#13901,#14890,.T.);
#14890 = LINE('',#14891,#14892);
#14891 = CARTESIAN_POINT('',(12.,-15.4,59.75));
#14892 = VECTOR('',#14893,1.);
#14893 = DIRECTION('',(-1.33226762955E-15,0.,-1.));
#14894 = ORIENTED_EDGE('',*,*,#13900,.T.);
#14895 = ORIENTED_EDGE('',*,*,#14871,.F.);
#14896 = PLANE('',#14897);
#14897 = AXIS2_PLACEMENT_3D('',#14898,#14899,#14900);
#14898 = CARTESIAN_POINT('',(11.9,-15.4,65.));
#14899 = DIRECTION('',(0.,-1.,-0.));
#14900 = DIRECTION('',(1.,0.,-6.661338147751E-16));
#14901 = ADVANCED_FACE('',(#14902),#14913,.F.);
#14902 = FACE_BOUND('',#14903,.F.);
#14903 = EDGE_LOOP('',(#14904,#14905,#14906,#14912));
#14904 = ORIENTED_EDGE('',*,*,#14889,.F.);
#14905 = ORIENTED_EDGE('',*,*,#13173,.T.);
#14906 = ORIENTED_EDGE('',*,*,#14907,.F.);
#14907 = EDGE_CURVE('',#13909,#13166,#14908,.T.);
#14908 = LINE('',#14909,#14910);
#14909 = CARTESIAN_POINT('',(12.,-19.6,59.75));
#14910 = VECTOR('',#14911,1.);
#14911 = DIRECTION('',(1.33226762955E-15,0.,1.));
#14912 = ORIENTED_EDGE('',*,*,#13908,.T.);
#14913 = PLANE('',#14914);
#14914 = AXIS2_PLACEMENT_3D('',#14915,#14916,#14917);
#14915 = CARTESIAN_POINT('',(12.,0.,54.5));
#14916 = DIRECTION('',(1.,0.,-1.33226762955E-15));
#14917 = DIRECTION('',(1.33226762955E-15,0.,1.));
#14918 = ADVANCED_FACE('',(#14919),#14930,.F.);
#14919 = FACE_BOUND('',#14920,.F.);
#14920 = EDGE_LOOP('',(#14921,#14922,#14928,#14929));
#14921 = ORIENTED_EDGE('',*,*,#13165,.F.);
#14922 = ORIENTED_EDGE('',*,*,#14923,.T.);
#14923 = EDGE_CURVE('',#13158,#13917,#14924,.T.);
#14924 = LINE('',#14925,#14926);
#14925 = CARTESIAN_POINT('',(12.8,-19.6,65.));
#14926 = VECTOR('',#14927,1.);
#14927 = DIRECTION('',(-6.661338147751E-16,0.,-1.));
#14928 = ORIENTED_EDGE('',*,*,#13916,.T.);
#14929 = ORIENTED_EDGE('',*,*,#14907,.T.);
#14930 = PLANE('',#14931);
#14931 = AXIS2_PLACEMENT_3D('',#14932,#14933,#14934);
#14932 = CARTESIAN_POINT('',(12.8,-19.6,65.));
#14933 = DIRECTION('',(0.,1.,0.));
#14934 = DIRECTION('',(-1.,0.,6.661338147751E-16));
#14935 = ADVANCED_FACE('',(#14936),#14947,.F.);
#14936 = FACE_BOUND('',#14937,.F.);
#14937 = EDGE_LOOP('',(#14938,#14944,#14945,#14946));
#14938 = ORIENTED_EDGE('',*,*,#14939,.T.);
#14939 = EDGE_CURVE('',#13150,#13925,#14940,.T.);
#14940 = LINE('',#14941,#14942);
#14941 = CARTESIAN_POINT('',(12.8,-20.4,65.));
#14942 = VECTOR('',#14943,1.);
#14943 = DIRECTION('',(-6.661338147751E-16,0.,-1.));
#14944 = ORIENTED_EDGE('',*,*,#13924,.T.);
#14945 = ORIENTED_EDGE('',*,*,#14923,.F.);
#14946 = ORIENTED_EDGE('',*,*,#13157,.F.);
#14947 = PLANE('',#14948);
#14948 = AXIS2_PLACEMENT_3D('',#14949,#14950,#14951);
#14949 = CARTESIAN_POINT('',(12.8,-20.4,65.));
#14950 = DIRECTION('',(1.,0.,-6.661338147751E-16));
#14951 = DIRECTION('',(0.,1.,0.));
#14952 = ADVANCED_FACE('',(#14953),#14964,.F.);
#14953 = FACE_BOUND('',#14954,.F.);
#14954 = EDGE_LOOP('',(#14955,#14956,#14962,#14963));
#14955 = ORIENTED_EDGE('',*,*,#13149,.F.);
#14956 = ORIENTED_EDGE('',*,*,#14957,.T.);
#14957 = EDGE_CURVE('',#13142,#13933,#14958,.T.);
#14958 = LINE('',#14959,#14960);
#14959 = CARTESIAN_POINT('',(12.,-20.4,59.75));
#14960 = VECTOR('',#14961,1.);
#14961 = DIRECTION('',(-1.33226762955E-15,0.,-1.));
#14962 = ORIENTED_EDGE('',*,*,#13932,.T.);
#14963 = ORIENTED_EDGE('',*,*,#14939,.F.);
#14964 = PLANE('',#14965);
#14965 = AXIS2_PLACEMENT_3D('',#14966,#14967,#14968);
#14966 = CARTESIAN_POINT('',(11.9,-20.4,65.));
#14967 = DIRECTION('',(0.,-1.,-0.));
#14968 = DIRECTION('',(1.,0.,-6.661338147751E-16));
#14969 = ADVANCED_FACE('',(#14970),#14998,.F.);
#14970 = FACE_BOUND('',#14971,.F.);
#14971 = EDGE_LOOP('',(#14972,#14973,#14974,#14982,#14991,#14997));
#14972 = ORIENTED_EDGE('',*,*,#14957,.F.);
#14973 = ORIENTED_EDGE('',*,*,#13141,.T.);
#14974 = ORIENTED_EDGE('',*,*,#14975,.F.);
#14975 = EDGE_CURVE('',#14976,#13134,#14978,.T.);
#14976 = VERTEX_POINT('',#14977);
#14977 = CARTESIAN_POINT('',(12.,-24.6,58.881780460041));
#14978 = LINE('',#14979,#14980);
#14979 = CARTESIAN_POINT('',(12.,-24.6,59.75));
#14980 = VECTOR('',#14981,1.);
#14981 = DIRECTION('',(1.33226762955E-15,0.,1.));
#14982 = ORIENTED_EDGE('',*,*,#14983,.F.);
#14983 = EDGE_CURVE('',#14984,#14976,#14986,.T.);
#14984 = VERTEX_POINT('',#14985);
#14985 = CARTESIAN_POINT('',(12.,-24.6,50.118219539959));
#14986 = CIRCLE('',#14987,4.4);
#14987 = AXIS2_PLACEMENT_3D('',#14988,#14989,#14990);
#14988 = CARTESIAN_POINT('',(12.,-25.,54.5));
#14989 = DIRECTION('',(1.,0.,-5.551115123126E-16));
#14990 = DIRECTION('',(-5.551115123126E-16,0.,-1.));
#14991 = ORIENTED_EDGE('',*,*,#14992,.F.);
#14992 = EDGE_CURVE('',#13941,#14984,#14993,.T.);
#14993 = LINE('',#14994,#14995);
#14994 = CARTESIAN_POINT('',(12.,-24.6,59.75));
#14995 = VECTOR('',#14996,1.);
#14996 = DIRECTION('',(1.33226762955E-15,0.,1.));
#14997 = ORIENTED_EDGE('',*,*,#13940,.T.);
#14998 = PLANE('',#14999);
#14999 = AXIS2_PLACEMENT_3D('',#15000,#15001,#15002);
#15000 = CARTESIAN_POINT('',(12.,0.,54.5));
#15001 = DIRECTION('',(1.,0.,-1.33226762955E-15));
#15002 = DIRECTION('',(1.33226762955E-15,0.,1.));
#15003 = ADVANCED_FACE('',(#15004),#15022,.F.);
#15004 = FACE_BOUND('',#15005,.F.);
#15005 = EDGE_LOOP('',(#15006,#15007,#15015,#15021));
#15006 = ORIENTED_EDGE('',*,*,#13133,.F.);
#15007 = ORIENTED_EDGE('',*,*,#15008,.T.);
#15008 = EDGE_CURVE('',#13126,#15009,#15011,.T.);
#15009 = VERTEX_POINT('',#15010);
#15010 = CARTESIAN_POINT('',(12.8,-24.6,58.881780460041));
#15011 = LINE('',#15012,#15013);
#15012 = CARTESIAN_POINT('',(12.8,-24.6,65.));
#15013 = VECTOR('',#15014,1.);
#15014 = DIRECTION('',(-6.661338147751E-16,0.,-1.));
#15015 = ORIENTED_EDGE('',*,*,#15016,.T.);
#15016 = EDGE_CURVE('',#15009,#14976,#15017,.T.);
#15017 = LINE('',#15018,#15019);
#15018 = CARTESIAN_POINT('',(12.,-24.6,58.881780460041));
#15019 = VECTOR('',#15020,1.);
#15020 = DIRECTION('',(-1.,0.,5.551115123126E-16));
#15021 = ORIENTED_EDGE('',*,*,#14975,.T.);
#15022 = PLANE('',#15023);
#15023 = AXIS2_PLACEMENT_3D('',#15024,#15025,#15026);
#15024 = CARTESIAN_POINT('',(12.8,-24.6,65.));
#15025 = DIRECTION('',(0.,1.,0.));
#15026 = DIRECTION('',(-1.,0.,6.661338147751E-16));
#15027 = ADVANCED_FACE('',(#15028),#15047,.F.);
#15028 = FACE_BOUND('',#15029,.F.);
#15029 = EDGE_LOOP('',(#15030,#15031,#15039,#15046));
#15030 = ORIENTED_EDGE('',*,*,#13125,.F.);
#15031 = ORIENTED_EDGE('',*,*,#15032,.T.);
#15032 = EDGE_CURVE('',#13118,#15033,#15035,.T.);
#15033 = VERTEX_POINT('',#15034);
#15034 = CARTESIAN_POINT('',(12.8,-25.4,58.881780460041));
#15035 = LINE('',#15036,#15037);
#15036 = CARTESIAN_POINT('',(12.8,-25.4,65.));
#15037 = VECTOR('',#15038,1.);
#15038 = DIRECTION('',(-6.661338147751E-16,0.,-1.));
#15039 = ORIENTED_EDGE('',*,*,#15040,.T.);
#15040 = EDGE_CURVE('',#15033,#15009,#15041,.T.);
#15041 = CIRCLE('',#15042,4.4);
#15042 = AXIS2_PLACEMENT_3D('',#15043,#15044,#15045);
#15043 = CARTESIAN_POINT('',(12.8,-25.,54.5));
#15044 = DIRECTION('',(-1.,0.,5.551115123126E-16));
#15045 = DIRECTION('',(-5.551115123126E-16,0.,-1.));
#15046 = ORIENTED_EDGE('',*,*,#15008,.F.);
#15047 = PLANE('',#15048);
#15048 = AXIS2_PLACEMENT_3D('',#15049,#15050,#15051);
#15049 = CARTESIAN_POINT('',(12.8,-25.4,65.));
#15050 = DIRECTION('',(1.,0.,-6.661338147751E-16));
#15051 = DIRECTION('',(0.,1.,0.));
#15052 = ADVANCED_FACE('',(#15053),#15071,.F.);
#15053 = FACE_BOUND('',#15054,.F.);
#15054 = EDGE_LOOP('',(#15055,#15056,#15064,#15070));
#15055 = ORIENTED_EDGE('',*,*,#13117,.F.);
#15056 = ORIENTED_EDGE('',*,*,#15057,.T.);
#15057 = EDGE_CURVE('',#13110,#15058,#15060,.T.);
#15058 = VERTEX_POINT('',#15059);
#15059 = CARTESIAN_POINT('',(12.,-25.4,58.881780460041));
#15060 = LINE('',#15061,#15062);
#15061 = CARTESIAN_POINT('',(12.,-25.4,59.75));
#15062 = VECTOR('',#15063,1.);
#15063 = DIRECTION('',(-1.33226762955E-15,0.,-1.));
#15064 = ORIENTED_EDGE('',*,*,#15065,.F.);
#15065 = EDGE_CURVE('',#15033,#15058,#15066,.T.);
#15066 = LINE('',#15067,#15068);
#15067 = CARTESIAN_POINT('',(12.,-25.4,58.881780460041));
#15068 = VECTOR('',#15069,1.);
#15069 = DIRECTION('',(-1.,0.,5.551115123126E-16));
#15070 = ORIENTED_EDGE('',*,*,#15032,.F.);
#15071 = PLANE('',#15072);
#15072 = AXIS2_PLACEMENT_3D('',#15073,#15074,#15075);
#15073 = CARTESIAN_POINT('',(11.9,-25.4,65.));
#15074 = DIRECTION('',(0.,-1.,-0.));
#15075 = DIRECTION('',(1.,0.,-6.661338147751E-16));
#15076 = ADVANCED_FACE('',(#15077),#15103,.F.);
#15077 = FACE_BOUND('',#15078,.F.);
#15078 = EDGE_LOOP('',(#15079,#15080,#15081,#15087,#15088,#15096));
#15079 = ORIENTED_EDGE('',*,*,#15057,.F.);
#15080 = ORIENTED_EDGE('',*,*,#13109,.T.);
#15081 = ORIENTED_EDGE('',*,*,#15082,.F.);
#15082 = EDGE_CURVE('',#13973,#13102,#15083,.T.);
#15083 = LINE('',#15084,#15085);
#15084 = CARTESIAN_POINT('',(12.,-29.6,59.75));
#15085 = VECTOR('',#15086,1.);
#15086 = DIRECTION('',(1.33226762955E-15,0.,1.));
#15087 = ORIENTED_EDGE('',*,*,#13972,.T.);
#15088 = ORIENTED_EDGE('',*,*,#15089,.F.);
#15089 = EDGE_CURVE('',#15090,#13965,#15092,.T.);
#15090 = VERTEX_POINT('',#15091);
#15091 = CARTESIAN_POINT('',(12.,-25.4,50.118219539959));
#15092 = LINE('',#15093,#15094);
#15093 = CARTESIAN_POINT('',(12.,-25.4,59.75));
#15094 = VECTOR('',#15095,1.);
#15095 = DIRECTION('',(-1.33226762955E-15,0.,-1.));
#15096 = ORIENTED_EDGE('',*,*,#15097,.F.);
#15097 = EDGE_CURVE('',#15058,#15090,#15098,.T.);
#15098 = CIRCLE('',#15099,4.4);
#15099 = AXIS2_PLACEMENT_3D('',#15100,#15101,#15102);
#15100 = CARTESIAN_POINT('',(12.,-25.,54.5));
#15101 = DIRECTION('',(1.,0.,-5.551115123126E-16));
#15102 = DIRECTION('',(-5.551115123126E-16,0.,-1.));
#15103 = PLANE('',#15104);
#15104 = AXIS2_PLACEMENT_3D('',#15105,#15106,#15107);
#15105 = CARTESIAN_POINT('',(12.,0.,54.5));
#15106 = DIRECTION('',(1.,0.,-1.33226762955E-15));
#15107 = DIRECTION('',(1.33226762955E-15,0.,1.));
#15108 = ADVANCED_FACE('',(#15109),#15120,.F.);
#15109 = FACE_BOUND('',#15110,.F.);
#15110 = EDGE_LOOP('',(#15111,#15112,#15118,#15119));
#15111 = ORIENTED_EDGE('',*,*,#13101,.F.);
#15112 = ORIENTED_EDGE('',*,*,#15113,.T.);
#15113 = EDGE_CURVE('',#13094,#13981,#15114,.T.);
#15114 = LINE('',#15115,#15116);
#15115 = CARTESIAN_POINT('',(12.8,-29.6,65.));
#15116 = VECTOR('',#15117,1.);
#15117 = DIRECTION('',(-6.661338147751E-16,0.,-1.));
#15118 = ORIENTED_EDGE('',*,*,#13980,.T.);
#15119 = ORIENTED_EDGE('',*,*,#15082,.T.);
#15120 = PLANE('',#15121);
#15121 = AXIS2_PLACEMENT_3D('',#15122,#15123,#15124);
#15122 = CARTESIAN_POINT('',(12.8,-29.6,65.));
#15123 = DIRECTION('',(0.,1.,0.));
#15124 = DIRECTION('',(-1.,0.,6.661338147751E-16));
#15125 = ADVANCED_FACE('',(#15126),#15137,.F.);
#15126 = FACE_BOUND('',#15127,.F.);
#15127 = EDGE_LOOP('',(#15128,#15134,#15135,#15136));
#15128 = ORIENTED_EDGE('',*,*,#15129,.T.);
#15129 = EDGE_CURVE('',#13086,#13989,#15130,.T.);
#15130 = LINE('',#15131,#15132);
#15131 = CARTESIAN_POINT('',(12.8,-30.4,65.));
#15132 = VECTOR('',#15133,1.);
#15133 = DIRECTION('',(-6.661338147751E-16,0.,-1.));
#15134 = ORIENTED_EDGE('',*,*,#13988,.T.);
#15135 = ORIENTED_EDGE('',*,*,#15113,.F.);
#15136 = ORIENTED_EDGE('',*,*,#13093,.F.);
#15137 = PLANE('',#15138);
#15138 = AXIS2_PLACEMENT_3D('',#15139,#15140,#15141);
#15139 = CARTESIAN_POINT('',(12.8,-30.4,65.));
#15140 = DIRECTION('',(1.,0.,-6.661338147751E-16));
#15141 = DIRECTION('',(0.,1.,0.));
#15142 = ADVANCED_FACE('',(#15143),#15154,.F.);
#15143 = FACE_BOUND('',#15144,.F.);
#15144 = EDGE_LOOP('',(#15145,#15146,#15152,#15153));
#15145 = ORIENTED_EDGE('',*,*,#13085,.F.);
#15146 = ORIENTED_EDGE('',*,*,#15147,.T.);
#15147 = EDGE_CURVE('',#13078,#13997,#15148,.T.);
#15148 = LINE('',#15149,#15150);
#15149 = CARTESIAN_POINT('',(12.,-30.4,59.75));
#15150 = VECTOR('',#15151,1.);
#15151 = DIRECTION('',(-1.33226762955E-15,0.,-1.));
#15152 = ORIENTED_EDGE('',*,*,#13996,.T.);
#15153 = ORIENTED_EDGE('',*,*,#15129,.F.);
#15154 = PLANE('',#15155);
#15155 = AXIS2_PLACEMENT_3D('',#15156,#15157,#15158);
#15156 = CARTESIAN_POINT('',(11.9,-30.4,65.));
#15157 = DIRECTION('',(0.,-1.,-0.));
#15158 = DIRECTION('',(1.,0.,-6.661338147751E-16));
#15159 = ADVANCED_FACE('',(#15160),#15171,.F.);
#15160 = FACE_BOUND('',#15161,.F.);
#15161 = EDGE_LOOP('',(#15162,#15163,#15164,#15170));
#15162 = ORIENTED_EDGE('',*,*,#15147,.F.);
#15163 = ORIENTED_EDGE('',*,*,#13077,.T.);
#15164 = ORIENTED_EDGE('',*,*,#15165,.F.);
#15165 = EDGE_CURVE('',#14005,#13070,#15166,.T.);
#15166 = LINE('',#15167,#15168);
#15167 = CARTESIAN_POINT('',(12.,-34.6,59.75));
#15168 = VECTOR('',#15169,1.);
#15169 = DIRECTION('',(1.33226762955E-15,0.,1.));
#15170 = ORIENTED_EDGE('',*,*,#14004,.T.);
#15171 = PLANE('',#15172);
#15172 = AXIS2_PLACEMENT_3D('',#15173,#15174,#15175);
#15173 = CARTESIAN_POINT('',(12.,0.,54.5));
#15174 = DIRECTION('',(1.,0.,-1.33226762955E-15));
#15175 = DIRECTION('',(1.33226762955E-15,0.,1.));
#15176 = ADVANCED_FACE('',(#15177),#15188,.F.);
#15177 = FACE_BOUND('',#15178,.F.);
#15178 = EDGE_LOOP('',(#15179,#15180,#15186,#15187));
#15179 = ORIENTED_EDGE('',*,*,#13069,.F.);
#15180 = ORIENTED_EDGE('',*,*,#15181,.T.);
#15181 = EDGE_CURVE('',#13062,#14013,#15182,.T.);
#15182 = LINE('',#15183,#15184);
#15183 = CARTESIAN_POINT('',(12.8,-34.6,65.));
#15184 = VECTOR('',#15185,1.);
#15185 = DIRECTION('',(-9.992007221626E-16,0.,-1.));
#15186 = ORIENTED_EDGE('',*,*,#14012,.T.);
#15187 = ORIENTED_EDGE('',*,*,#15165,.T.);
#15188 = PLANE('',#15189);
#15189 = AXIS2_PLACEMENT_3D('',#15190,#15191,#15192);
#15190 = CARTESIAN_POINT('',(12.8,-34.6,65.));
#15191 = DIRECTION('',(0.,1.,0.));
#15192 = DIRECTION('',(-1.,0.,9.992007221626E-16));
#15193 = ADVANCED_FACE('',(#15194),#15205,.F.);
#15194 = FACE_BOUND('',#15195,.F.);
#15195 = EDGE_LOOP('',(#15196,#15202,#15203,#15204));
#15196 = ORIENTED_EDGE('',*,*,#15197,.T.);
#15197 = EDGE_CURVE('',#13054,#14021,#15198,.T.);
#15198 = LINE('',#15199,#15200);
#15199 = CARTESIAN_POINT('',(12.8,-35.4,65.));
#15200 = VECTOR('',#15201,1.);
#15201 = DIRECTION('',(-9.992007221626E-16,0.,-1.));
#15202 = ORIENTED_EDGE('',*,*,#14020,.T.);
#15203 = ORIENTED_EDGE('',*,*,#15181,.F.);
#15204 = ORIENTED_EDGE('',*,*,#13061,.F.);
#15205 = PLANE('',#15206);
#15206 = AXIS2_PLACEMENT_3D('',#15207,#15208,#15209);
#15207 = CARTESIAN_POINT('',(12.8,-35.4,65.));
#15208 = DIRECTION('',(1.,0.,-9.992007221626E-16));
#15209 = DIRECTION('',(0.,1.,0.));
#15210 = ADVANCED_FACE('',(#15211),#15217,.F.);
#15211 = FACE_BOUND('',#15212,.F.);
#15212 = EDGE_LOOP('',(#15213,#15214,#15215,#15216));
#15213 = ORIENTED_EDGE('',*,*,#13053,.F.);
#15214 = ORIENTED_EDGE('',*,*,#14045,.T.);
#15215 = ORIENTED_EDGE('',*,*,#14028,.T.);
#15216 = ORIENTED_EDGE('',*,*,#15197,.F.);
#15217 = PLANE('',#15218);
#15218 = AXIS2_PLACEMENT_3D('',#15219,#15220,#15221);
#15219 = CARTESIAN_POINT('',(11.9,-35.4,65.));
#15220 = DIRECTION('',(0.,-1.,-0.));
#15221 = DIRECTION('',(1.,0.,-9.992007221626E-16));
#15222 = ADVANCED_FACE('',(#15223),#15229,.F.);
#15223 = FACE_BOUND('',#15224,.F.);
#15224 = EDGE_LOOP('',(#15225,#15226,#15227,#15228));
#15225 = ORIENTED_EDGE('',*,*,#13548,.T.);
#15226 = ORIENTED_EDGE('',*,*,#14061,.T.);
#15227 = ORIENTED_EDGE('',*,*,#13030,.F.);
#15228 = ORIENTED_EDGE('',*,*,#14098,.F.);
#15229 = PLANE('',#15230);
#15230 = AXIS2_PLACEMENT_3D('',#15231,#15232,#15233);
#15231 = CARTESIAN_POINT('',(12.,39.,44.));
#15232 = DIRECTION('',(0.,-1.,-0.));
#15233 = DIRECTION('',(1.554312234475E-15,0.,1.));
#15234 = ADVANCED_FACE('',(#15235),#15253,.F.);
#15235 = FACE_BOUND('',#15236,.F.);
#15236 = EDGE_LOOP('',(#15237,#15245,#15251,#15252));
#15237 = ORIENTED_EDGE('',*,*,#15238,.F.);
#15238 = EDGE_CURVE('',#15239,#13957,#15241,.T.);
#15239 = VERTEX_POINT('',#15240);
#15240 = CARTESIAN_POINT('',(12.8,-25.4,50.118219539959));
#15241 = LINE('',#15242,#15243);
#15242 = CARTESIAN_POINT('',(12.8,-25.4,65.));
#15243 = VECTOR('',#15244,1.);
#15244 = DIRECTION('',(-6.661338147751E-16,0.,-1.));
#15245 = ORIENTED_EDGE('',*,*,#15246,.T.);
#15246 = EDGE_CURVE('',#15239,#15090,#15247,.T.);
#15247 = LINE('',#15248,#15249);
#15248 = CARTESIAN_POINT('',(12.,-25.4,50.118219539959));
#15249 = VECTOR('',#15250,1.);
#15250 = DIRECTION('',(-1.,0.,5.551115123126E-16));
#15251 = ORIENTED_EDGE('',*,*,#15089,.T.);
#15252 = ORIENTED_EDGE('',*,*,#13964,.T.);
#15253 = PLANE('',#15254);
#15254 = AXIS2_PLACEMENT_3D('',#15255,#15256,#15257);
#15255 = CARTESIAN_POINT('',(11.9,-25.4,65.));
#15256 = DIRECTION('',(0.,-1.,-0.));
#15257 = DIRECTION('',(1.,0.,-6.661338147751E-16));
#15258 = ADVANCED_FACE('',(#15259),#15287,.F.);
#15259 = FACE_BOUND('',#15260,.F.);
#15260 = EDGE_LOOP('',(#15261,#15270,#15271,#15272,#15280));
#15261 = ORIENTED_EDGE('',*,*,#15262,.T.);
#15262 = EDGE_CURVE('',#15263,#15239,#15265,.T.);
#15263 = VERTEX_POINT('',#15264);
#15264 = CARTESIAN_POINT('',(12.8,-25.,50.1));
#15265 = CIRCLE('',#15266,4.4);
#15266 = AXIS2_PLACEMENT_3D('',#15267,#15268,#15269);
#15267 = CARTESIAN_POINT('',(12.8,-25.,54.5));
#15268 = DIRECTION('',(-1.,0.,5.551115123126E-16));
#15269 = DIRECTION('',(-5.551115123126E-16,0.,-1.));
#15270 = ORIENTED_EDGE('',*,*,#15238,.T.);
#15271 = ORIENTED_EDGE('',*,*,#13956,.T.);
#15272 = ORIENTED_EDGE('',*,*,#15273,.F.);
#15273 = EDGE_CURVE('',#15274,#13949,#15276,.T.);
#15274 = VERTEX_POINT('',#15275);
#15275 = CARTESIAN_POINT('',(12.8,-24.6,50.118219539959));
#15276 = LINE('',#15277,#15278);
#15277 = CARTESIAN_POINT('',(12.8,-24.6,65.));
#15278 = VECTOR('',#15279,1.);
#15279 = DIRECTION('',(-6.661338147751E-16,0.,-1.));
#15280 = ORIENTED_EDGE('',*,*,#15281,.T.);
#15281 = EDGE_CURVE('',#15274,#15263,#15282,.T.);
#15282 = CIRCLE('',#15283,4.4);
#15283 = AXIS2_PLACEMENT_3D('',#15284,#15285,#15286);
#15284 = CARTESIAN_POINT('',(12.8,-25.,54.5));
#15285 = DIRECTION('',(-1.,0.,5.551115123126E-16));
#15286 = DIRECTION('',(-5.551115123126E-16,0.,-1.));
#15287 = PLANE('',#15288);
#15288 = AXIS2_PLACEMENT_3D('',#15289,#15290,#15291);
#15289 = CARTESIAN_POINT('',(12.8,-25.4,65.));
#15290 = DIRECTION('',(1.,0.,-6.661338147751E-16));
#15291 = DIRECTION('',(0.,1.,0.));
#15292 = ADVANCED_FACE('',(#15293),#15304,.F.);
#15293 = FACE_BOUND('',#15294,.F.);
#15294 = EDGE_LOOP('',(#15295,#15301,#15302,#15303));
#15295 = ORIENTED_EDGE('',*,*,#15296,.F.);
#15296 = EDGE_CURVE('',#15274,#14984,#15297,.T.);
#15297 = LINE('',#15298,#15299);
#15298 = CARTESIAN_POINT('',(12.,-24.6,50.118219539959));
#15299 = VECTOR('',#15300,1.);
#15300 = DIRECTION('',(-1.,0.,5.551115123126E-16));
#15301 = ORIENTED_EDGE('',*,*,#15273,.T.);
#15302 = ORIENTED_EDGE('',*,*,#13948,.T.);
#15303 = ORIENTED_EDGE('',*,*,#14992,.T.);
#15304 = PLANE('',#15305);
#15305 = AXIS2_PLACEMENT_3D('',#15306,#15307,#15308);
#15306 = CARTESIAN_POINT('',(12.8,-24.6,65.));
#15307 = DIRECTION('',(0.,1.,0.));
#15308 = DIRECTION('',(-1.,0.,6.661338147751E-16));
#15309 = ADVANCED_FACE('',(#15310),#15328,.F.);
#15310 = FACE_BOUND('',#15311,.F.);
#15311 = EDGE_LOOP('',(#15312,#15320,#15326,#15327));
#15312 = ORIENTED_EDGE('',*,*,#15313,.F.);
#15313 = EDGE_CURVE('',#15314,#13637,#15316,.T.);
#15314 = VERTEX_POINT('',#15315);
#15315 = CARTESIAN_POINT('',(12.8,24.6,50.118219539958));
#15316 = LINE('',#15317,#15318);
#15317 = CARTESIAN_POINT('',(12.8,24.6,65.));
#15318 = VECTOR('',#15319,1.);
#15319 = DIRECTION('',(-6.661338147751E-16,0.,-1.));
#15320 = ORIENTED_EDGE('',*,*,#15321,.T.);
#15321 = EDGE_CURVE('',#15314,#14356,#15322,.T.);
#15322 = LINE('',#15323,#15324);
#15323 = CARTESIAN_POINT('',(12.,24.6,50.118219539959));
#15324 = VECTOR('',#15325,1.);
#15325 = DIRECTION('',(-1.,0.,5.551115123126E-16));
#15326 = ORIENTED_EDGE('',*,*,#14355,.T.);
#15327 = ORIENTED_EDGE('',*,*,#13644,.T.);
#15328 = PLANE('',#15329);
#15329 = AXIS2_PLACEMENT_3D('',#15330,#15331,#15332);
#15330 = CARTESIAN_POINT('',(11.9,24.6,65.));
#15331 = DIRECTION('',(0.,-1.,-0.));
#15332 = DIRECTION('',(1.,0.,-6.661338147751E-16));
#15333 = ADVANCED_FACE('',(#15334),#15362,.F.);
#15334 = FACE_BOUND('',#15335,.F.);
#15335 = EDGE_LOOP('',(#15336,#15345,#15346,#15347,#15355));
#15336 = ORIENTED_EDGE('',*,*,#15337,.T.);
#15337 = EDGE_CURVE('',#15338,#15314,#15340,.T.);
#15338 = VERTEX_POINT('',#15339);
#15339 = CARTESIAN_POINT('',(12.8,25.,50.1));
#15340 = CIRCLE('',#15341,4.4);
#15341 = AXIS2_PLACEMENT_3D('',#15342,#15343,#15344);
#15342 = CARTESIAN_POINT('',(12.8,25.,54.5));
#15343 = DIRECTION('',(-1.,0.,5.551115123126E-16));
#15344 = DIRECTION('',(-5.551115123126E-16,0.,-1.));
#15345 = ORIENTED_EDGE('',*,*,#15313,.T.);
#15346 = ORIENTED_EDGE('',*,*,#13636,.T.);
#15347 = ORIENTED_EDGE('',*,*,#15348,.F.);
#15348 = EDGE_CURVE('',#15349,#13629,#15351,.T.);
#15349 = VERTEX_POINT('',#15350);
#15350 = CARTESIAN_POINT('',(12.8,25.4,50.118219539959));
#15351 = LINE('',#15352,#15353);
#15352 = CARTESIAN_POINT('',(12.8,25.4,65.));
#15353 = VECTOR('',#15354,1.);
#15354 = DIRECTION('',(-6.661338147751E-16,0.,-1.));
#15355 = ORIENTED_EDGE('',*,*,#15356,.T.);
#15356 = EDGE_CURVE('',#15349,#15338,#15357,.T.);
#15357 = CIRCLE('',#15358,4.4);
#15358 = AXIS2_PLACEMENT_3D('',#15359,#15360,#15361);
#15359 = CARTESIAN_POINT('',(12.8,25.,54.5));
#15360 = DIRECTION('',(-1.,0.,5.551115123126E-16));
#15361 = DIRECTION('',(-5.551115123126E-16,0.,-1.));
#15362 = PLANE('',#15363);
#15363 = AXIS2_PLACEMENT_3D('',#15364,#15365,#15366);
#15364 = CARTESIAN_POINT('',(12.8,24.6,65.));
#15365 = DIRECTION('',(1.,0.,-6.661338147751E-16));
#15366 = DIRECTION('',(0.,1.,0.));
#15367 = ADVANCED_FACE('',(#15368),#15379,.F.);
#15368 = FACE_BOUND('',#15369,.F.);
#15369 = EDGE_LOOP('',(#15370,#15376,#15377,#15378));
#15370 = ORIENTED_EDGE('',*,*,#15371,.F.);
#15371 = EDGE_CURVE('',#15349,#14250,#15372,.T.);
#15372 = LINE('',#15373,#15374);
#15373 = CARTESIAN_POINT('',(12.,25.4,50.118219539959));
#15374 = VECTOR('',#15375,1.);
#15375 = DIRECTION('',(-1.,0.,5.551115123126E-16));
#15376 = ORIENTED_EDGE('',*,*,#15348,.T.);
#15377 = ORIENTED_EDGE('',*,*,#13628,.T.);
#15378 = ORIENTED_EDGE('',*,*,#14258,.T.);
#15379 = PLANE('',#15380);
#15380 = AXIS2_PLACEMENT_3D('',#15381,#15382,#15383);
#15381 = CARTESIAN_POINT('',(12.8,25.4,65.));
#15382 = DIRECTION('',(0.,1.,0.));
#15383 = DIRECTION('',(-1.,0.,6.661338147751E-16));
#15384 = ADVANCED_FACE('',(#15385),#15404,.F.);
#15385 = FACE_BOUND('',#15386,.T.);
#15386 = EDGE_LOOP('',(#15387,#15396,#15402,#15403));
#15387 = ORIENTED_EDGE('',*,*,#15388,.T.);
#15388 = EDGE_CURVE('',#15389,#15389,#15391,.T.);
#15389 = VERTEX_POINT('',#15390);
#15390 = CARTESIAN_POINT('',(13.5,25.,51.8));
#15391 = CIRCLE('',#15392,2.7);
#15392 = AXIS2_PLACEMENT_3D('',#15393,#15394,#15395);
#15393 = CARTESIAN_POINT('',(13.5,25.,54.5));
#15394 = DIRECTION('',(-1.,0.,8.881784197001E-16));
#15395 = DIRECTION('',(-8.881784197001E-16,0.,-1.));
#15396 = ORIENTED_EDGE('',*,*,#15397,.T.);
#15397 = EDGE_CURVE('',#15389,#14071,#15398,.T.);
#15398 = LINE('',#15399,#15400);
#15399 = CARTESIAN_POINT('',(12.,25.,51.8));
#15400 = VECTOR('',#15401,1.);
#15401 = DIRECTION('',(1.,0.,-6.661338147751E-16));
#15402 = ORIENTED_EDGE('',*,*,#14070,.T.);
#15403 = ORIENTED_EDGE('',*,*,#15397,.F.);
#15404 = CYLINDRICAL_SURFACE('',#15405,2.7);
#15405 = AXIS2_PLACEMENT_3D('',#15406,#15407,#15408);
#15406 = CARTESIAN_POINT('',(12.,25.,54.5));
#15407 = DIRECTION('',(-1.,0.,8.881784197001E-16));
#15408 = DIRECTION('',(-8.881784197001E-16,0.,-1.));
#15409 = ADVANCED_FACE('',(#15410),#15429,.F.);
#15410 = FACE_BOUND('',#15411,.T.);
#15411 = EDGE_LOOP('',(#15412,#15421,#15427,#15428));
#15412 = ORIENTED_EDGE('',*,*,#15413,.T.);
#15413 = EDGE_CURVE('',#15414,#15414,#15416,.T.);
#15414 = VERTEX_POINT('',#15415);
#15415 = CARTESIAN_POINT('',(13.5,-25.,51.8));
#15416 = CIRCLE('',#15417,2.7);
#15417 = AXIS2_PLACEMENT_3D('',#15418,#15419,#15420);
#15418 = CARTESIAN_POINT('',(13.5,-25.,54.5));
#15419 = DIRECTION('',(-1.,0.,8.881784197001E-16));
#15420 = DIRECTION('',(-8.881784197001E-16,0.,-1.));
#15421 = ORIENTED_EDGE('',*,*,#15422,.T.);
#15422 = EDGE_CURVE('',#15414,#14082,#15423,.T.);
#15423 = LINE('',#15424,#15425);
#15424 = CARTESIAN_POINT('',(12.,-25.,51.8));
#15425 = VECTOR('',#15426,1.);
#15426 = DIRECTION('',(1.,0.,-6.661338147751E-16));
#15427 = ORIENTED_EDGE('',*,*,#14081,.T.);
#15428 = ORIENTED_EDGE('',*,*,#15422,.F.);
#15429 = CYLINDRICAL_SURFACE('',#15430,2.7);
#15430 = AXIS2_PLACEMENT_3D('',#15431,#15432,#15433);
#15431 = CARTESIAN_POINT('',(12.,-25.,54.5));
#15432 = DIRECTION('',(-1.,0.,8.881784197001E-16));
#15433 = DIRECTION('',(-8.881784197001E-16,0.,-1.));
#15434 = ADVANCED_FACE('',(#15435),#15462,.F.);
#15435 = FACE_BOUND('',#15436,.T.);
#15436 = EDGE_LOOP('',(#15437,#15438,#15446,#15453,#15454,#15455,#15456,
    #15457,#15458,#15459,#15460,#15461));
#15437 = ORIENTED_EDGE('',*,*,#15356,.T.);
#15438 = ORIENTED_EDGE('',*,*,#15439,.T.);
#15439 = EDGE_CURVE('',#15338,#15440,#15442,.T.);
#15440 = VERTEX_POINT('',#15441);
#15441 = CARTESIAN_POINT('',(13.5,25.,50.1));
#15442 = LINE('',#15443,#15444);
#15443 = CARTESIAN_POINT('',(12.,25.,50.1));
#15444 = VECTOR('',#15445,1.);
#15445 = DIRECTION('',(1.,0.,-3.330669073875E-16));
#15446 = ORIENTED_EDGE('',*,*,#15447,.T.);
#15447 = EDGE_CURVE('',#15440,#15440,#15448,.T.);
#15448 = CIRCLE('',#15449,4.4);
#15449 = AXIS2_PLACEMENT_3D('',#15450,#15451,#15452);
#15450 = CARTESIAN_POINT('',(13.5,25.,54.5));
#15451 = DIRECTION('',(1.,0.,-5.551115123126E-16));
#15452 = DIRECTION('',(-5.551115123126E-16,0.,-1.));
#15453 = ORIENTED_EDGE('',*,*,#15439,.F.);
#15454 = ORIENTED_EDGE('',*,*,#15337,.T.);
#15455 = ORIENTED_EDGE('',*,*,#15321,.T.);
#15456 = ORIENTED_EDGE('',*,*,#14363,.F.);
#15457 = ORIENTED_EDGE('',*,*,#14331,.F.);
#15458 = ORIENTED_EDGE('',*,*,#14306,.T.);
#15459 = ORIENTED_EDGE('',*,*,#14282,.T.);
#15460 = ORIENTED_EDGE('',*,*,#14249,.F.);
#15461 = ORIENTED_EDGE('',*,*,#15371,.F.);
#15462 = CYLINDRICAL_SURFACE('',#15463,4.4);
#15463 = AXIS2_PLACEMENT_3D('',#15464,#15465,#15466);
#15464 = CARTESIAN_POINT('',(12.,25.,54.5));
#15465 = DIRECTION('',(-1.,0.,5.551115123126E-16));
#15466 = DIRECTION('',(-5.551115123126E-16,0.,-1.));
#15467 = ADVANCED_FACE('',(#15468),#15495,.F.);
#15468 = FACE_BOUND('',#15469,.T.);
#15469 = EDGE_LOOP('',(#15470,#15471,#15479,#15486,#15487,#15488,#15489,
    #15490,#15491,#15492,#15493,#15494));
#15470 = ORIENTED_EDGE('',*,*,#15281,.T.);
#15471 = ORIENTED_EDGE('',*,*,#15472,.T.);
#15472 = EDGE_CURVE('',#15263,#15473,#15475,.T.);
#15473 = VERTEX_POINT('',#15474);
#15474 = CARTESIAN_POINT('',(13.5,-25.,50.1));
#15475 = LINE('',#15476,#15477);
#15476 = CARTESIAN_POINT('',(12.,-25.,50.1));
#15477 = VECTOR('',#15478,1.);
#15478 = DIRECTION('',(1.,0.,-3.330669073875E-16));
#15479 = ORIENTED_EDGE('',*,*,#15480,.T.);
#15480 = EDGE_CURVE('',#15473,#15473,#15481,.T.);
#15481 = CIRCLE('',#15482,4.4);
#15482 = AXIS2_PLACEMENT_3D('',#15483,#15484,#15485);
#15483 = CARTESIAN_POINT('',(13.5,-25.,54.5));
#15484 = DIRECTION('',(1.,0.,-5.551115123126E-16));
#15485 = DIRECTION('',(-5.551115123126E-16,0.,-1.));
#15486 = ORIENTED_EDGE('',*,*,#15472,.F.);
#15487 = ORIENTED_EDGE('',*,*,#15262,.T.);
#15488 = ORIENTED_EDGE('',*,*,#15246,.T.);
#15489 = ORIENTED_EDGE('',*,*,#15097,.F.);
#15490 = ORIENTED_EDGE('',*,*,#15065,.F.);
#15491 = ORIENTED_EDGE('',*,*,#15040,.T.);
#15492 = ORIENTED_EDGE('',*,*,#15016,.T.);
#15493 = ORIENTED_EDGE('',*,*,#14983,.F.);
#15494 = ORIENTED_EDGE('',*,*,#15296,.F.);
#15495 = CYLINDRICAL_SURFACE('',#15496,4.4);
#15496 = AXIS2_PLACEMENT_3D('',#15497,#15498,#15499);
#15497 = CARTESIAN_POINT('',(12.,-25.,54.5));
#15498 = DIRECTION('',(-1.,0.,5.551115123126E-16));
#15499 = DIRECTION('',(-5.551115123126E-16,0.,-1.));
#15500 = ADVANCED_FACE('',(#15501,#15504),#15507,.F.);
#15501 = FACE_BOUND('',#15502,.F.);
#15502 = EDGE_LOOP('',(#15503));
#15503 = ORIENTED_EDGE('',*,*,#15447,.T.);
#15504 = FACE_BOUND('',#15505,.F.);
#15505 = EDGE_LOOP('',(#15506));
#15506 = ORIENTED_EDGE('',*,*,#15388,.T.);
#15507 = PLANE('',#15508);
#15508 = AXIS2_PLACEMENT_3D('',#15509,#15510,#15511);
#15509 = CARTESIAN_POINT('',(13.5,3.107818483044E-16,54.5));
#15510 = DIRECTION('',(1.,0.,-6.022118830543E-16));
#15511 = DIRECTION('',(6.022118830543E-16,0.,1.));
#15512 = ADVANCED_FACE('',(#15513,#15516),#15519,.F.);
#15513 = FACE_BOUND('',#15514,.F.);
#15514 = EDGE_LOOP('',(#15515));
#15515 = ORIENTED_EDGE('',*,*,#15480,.T.);
#15516 = FACE_BOUND('',#15517,.F.);
#15517 = EDGE_LOOP('',(#15518));
#15518 = ORIENTED_EDGE('',*,*,#15413,.T.);
#15519 = PLANE('',#15520);
#15520 = AXIS2_PLACEMENT_3D('',#15521,#15522,#15523);
#15521 = CARTESIAN_POINT('',(13.5,3.107818483044E-16,54.5));
#15522 = DIRECTION('',(1.,0.,-6.022118830543E-16));
#15523 = DIRECTION('',(6.022118830543E-16,0.,1.));
#15524 = ( GEOMETRIC_REPRESENTATION_CONTEXT(3) 
GLOBAL_UNCERTAINTY_ASSIGNED_CONTEXT((#15528)) 
GLOBAL_UNIT_ASSIGNED_CONTEXT((#15525,#15526,#15527)) 
REPRESENTATION_CONTEXT('Context #1',
  '3D Context with UNIT and UNCERTAINTY') );
#15525 = ( LENGTH_UNIT() NAMED_UNIT(*) SI_UNIT(.MILLI.,.METRE.) );
#15526 = ( NAMED_UNIT(*) PLANE_ANGLE_UNIT() SI_UNIT($,.RADIAN.) );
#15527 = ( NAMED_UNIT(*) SI_UNIT($,.STERADIAN.) SOLID_ANGLE_UNIT() );
#15528 = UNCERTAINTY_MEASURE_WITH_UNIT(LENGTH_MEASURE(2.E-05),#15525,
  'distance_accuracy_value','confusion accuracy');
#15529 = CONTEXT_DEPENDENT_SHAPE_REPRESENTATION(#15530,#15532);
#15530 = ( REPRESENTATION_RELATIONSHIP('','',#12973,#10) 
REPRESENTATION_RELATIONSHIP_WITH_TRANSFORMATION(#15531) 
SHAPE_REPRESENTATION_RELATIONSHIP() );
#15531 = ITEM_DEFINED_TRANSFORMATION('','',#11,#43);
#15532 = PRODUCT_DEFINITION_SHAPE('Placement','Placement of an item',
  #15533);
#15533 = NEXT_ASSEMBLY_USAGE_OCCURRENCE('19',
  '06 | Gehaertete bewegliche Spannbacke','',#5,#12968,$);
#15534 = PRODUCT_RELATED_PRODUCT_CATEGORY('part',$,(#12970));
ENDSEC;
END-ISO-10303-21;
